method,seed,n_variables,max_lag,parameters,n_points,precision,recall,f1,shd,auroc,auprc
KGLS ridge-to-previous,0,4,1,"{""prior_strength"": 0.1, ""regression_window"": 200}",5000,0.8191823899371069,0.5141509433962265,0.6115453728661275,2.207547169811321,0.8592470630117479,0.8167211606368048
KGLS ridge-to-previous,1,4,1,"{""prior_strength"": 0.1, ""regression_window"": 200}",5000,0.8735849056603773,0.6320754716981132,0.7120694818808025,1.849056603773585,0.8872152011391955,0.8366843277467884
KGLS ridge-to-previous,2,4,1,"{""prior_strength"": 0.1, ""regression_window"": 200}",5000,0.8625786163522011,0.6037735849056604,0.688484576220425,1.9433962264150944,0.8926108045567818,0.8283177206080385
KGLS ridge-to-previous,3,4,1,"{""prior_strength"": 0.1, ""regression_window"": 200}",5000,0.8264150943396226,0.4811320754716981,0.5823599880203654,2.3207547169811322,0.8334705411178356,0.7805600417155482
KGLS ridge-to-previous,4,4,1,"{""prior_strength"": 0.1, ""regression_window"": 200}",5000,0.8666666666666666,0.49528301886792453,0.6083557951482479,2.169811320754717,0.8626735493058028,0.8275863609329027
KGLS ridge-to-previous,5,4,1,"{""prior_strength"": 0.1, ""regression_window"": 200}",5000,0.8792452830188678,0.5801886792452831,0.6707397424378555,1.9811320754716981,0.8950916696333214,0.8506668323671746
KGLS ridge-to-previous,6,4,1,"{""prior_strength"": 0.1, ""regression_window"": 200}",5000,0.9163522012578615,0.5613207547169812,0.6696915244085053,1.9622641509433962,0.8863252046991812,0.8462590288096907
KGLS ridge-to-previous,7,4,1,"{""prior_strength"": 0.1, ""regression_window"": 200}",5000,0.8283018867924528,0.6084905660377359,0.6818209044624138,2.0,0.8818307226771093,0.8252255485725717
KGLS ridge-to-previous,8,4,1,"{""prior_strength"": 0.1, ""regression_window"": 200}",5000,0.8028301886792454,0.5,0.5913896376160528,2.3207547169811322,0.8618614275542897,0.8165801157124578
KGLS ridge-to-previous,9,4,1,"{""prior_strength"": 0.1, ""regression_window"": 200}",5000,0.8685534591194968,0.5330188679245284,0.6396226415094338,2.0943396226415096,0.8898351281594874,0.8243580703074467
KGLS ridge-to-previous,10,4,1,"{""prior_strength"": 0.1, ""regression_window"": 200}",5000,0.878930817610063,0.5566037735849056,0.6605121293800538,2.056603773584906,0.8789048593805625,0.8364968152910114
KGLS ridge-to-previous,11,4,1,"{""prior_strength"": 0.1, ""regression_window"": 200}",5000,0.839622641509434,0.5330188679245284,0.6222821203953279,2.188679245283019,0.8780816126735493,0.8157333930242547
KGLS ridge-to-previous,12,4,1,"{""prior_strength"": 0.1, ""regression_window"": 200}",5000,0.8506289308176099,0.5141509433962265,0.6236747529200359,2.1320754716981134,0.8947579209683161,0.8576526860745054
KGLS ridge-to-previous,13,4,1,"{""prior_strength"": 0.1, ""regression_window"": 200}",5000,0.9062893081761005,0.5707547169811321,0.6640910452231206,1.9433962264150944,0.8854463332146671,0.8491988327002847
KGLS ridge-to-previous,14,4,1,"{""prior_strength"": 0.1, ""regression_window"": 200}",5000,0.8352201257861636,0.5424528301886793,0.6365079365079364,2.0377358490566038,0.8738430046279815,0.8320465406149985
KGLS ridge-to-previous,15,4,1,"{""prior_strength"": 0.1, ""regression_window"": 200}",5000,0.7767295597484276,0.4481132075471698,0.5472596585804134,2.5283018867924527,0.8466536133855465,0.7928987690852162
KGLS ridge-to-previous,16,4,1,"{""prior_strength"": 0.1, ""regression_window"": 200}",5000,0.8144654088050314,0.49056603773584906,0.5966756513926325,2.3773584905660377,0.8624955500178,0.7802441807240275
KGLS ridge-to-previous,17,4,1,"{""prior_strength"": 0.1, ""regression_window"": 200}",5000,0.870754716981132,0.5283018867924528,0.6255315962863133,2.1132075471698113,0.8721965112139551,0.8287696674410188
KGLS ridge-to-previous,18,4,1,"{""prior_strength"": 0.1, ""regression_window"": 200}",5000,0.8352201257861636,0.5188679245283019,0.611350703803534,2.2641509433962264,0.8732422570309719,0.8249115790206127
KGLS ridge-to-previous,19,4,1,"{""prior_strength"": 0.1, ""regression_window"": 200}",5000,0.8100628930817609,0.5047169811320755,0.598502545672357,2.3207547169811322,0.8432938768244927,0.7650926019398533
KGLS ridge-to-previous,0,4,1,"{""prior_strength"": 1.0, ""regression_window"": 200}",5000,0.8191823899371069,0.5141509433962265,0.6115453728661275,2.207547169811321,0.8593583125667498,0.8169937315392457
KGLS ridge-to-previous,1,4,1,"{""prior_strength"": 1.0, ""regression_window"": 200}",5000,0.8735849056603773,0.6320754716981132,0.7120694818808025,1.849056603773585,0.887248576005696,0.8373272414425562
KGLS ridge-to-previous,2,4,1,"{""prior_strength"": 1.0, ""regression_window"": 200}",5000,0.8625786163522011,0.6037735849056604,0.688484576220425,1.9433962264150944,0.8927554289782841,0.8284593349732731
KGLS ridge-to-previous,3,4,1,"{""prior_strength"": 1.0, ""regression_window"": 200}",5000,0.8264150943396226,0.4811320754716981,0.5823599880203654,2.3207547169811322,0.833503915984336,0.7805964849381775
KGLS ridge-to-previous,4,4,1,"{""prior_strength"": 1.0, ""regression_window"": 200}",5000,0.8666666666666666,0.49528301886792453,0.6083557951482479,2.169811320754717,0.8626401744393022,0.827491129621878
KGLS ridge-to-previous,5,4,1,"{""prior_strength"": 1.0, ""regression_window"": 200}",5000,0.8745283018867923,0.5801886792452831,0.6687181790955374,2.0,0.8952919188323246,0.8510939121754298
KGLS ridge-to-previous,6,4,1,"{""prior_strength"": 1.0, ""regression_window"": 200}",5000,0.9163522012578615,0.5613207547169812,0.6696915244085053,1.9622641509433962,0.8864809540761837,0.84639317900359
KGLS ridge-to-previous,7,4,1,"{""prior_strength"": 1.0, ""regression_window"": 200}",5000,0.8283018867924528,0.6037735849056604,0.6782270140760707,2.018867924528302,0.8819308472766109,0.8251937659458516
KGLS ridge-to-previous,8,4,1,"{""prior_strength"": 1.0, ""regression_window"": 200}",5000,0.8028301886792454,0.5,0.5913896376160528,2.3207547169811322,0.8619838020647917,0.8167327177089976
KGLS ridge-to-previous,9,4,1,"{""prior_strength"": 1.0, ""regression_window"": 200}",5000,0.8685534591194968,0.5330188679245284,0.6396226415094338,2.0943396226415096,0.8899408152367391,0.8245909514812348
KGLS ridge-to-previous,10,4,1,"{""prior_strength"": 1.0, ""regression_window"": 200}",5000,0.878930817610063,0.5566037735849056,0.6605121293800538,2.056603773584906,0.8789716091135635,0.8367607604818466
KGLS ridge-to-previous,11,4,1,"{""prior_strength"": 1.0, ""regression_window"": 200}",5000,0.839622641509434,0.5330188679245284,0.6222821203953279,2.188679245283019,0.8781483624065504,0.8160181008140343
KGLS ridge-to-previous,12,4,1,"{""prior_strength"": 1.0, ""regression_window"": 200}",5000,0.8506289308176099,0.5141509433962265,0.6236747529200359,2.1320754716981134,0.8947579209683161,0.8576906080545417
KGLS ridge-to-previous,13,4,1,"{""prior_strength"": 1.0, ""regression_window"": 200}",5000,0.9062893081761005,0.5707547169811321,0.6640910452231206,1.9433962264150944,0.885501957992168,0.849320892301724
KGLS ridge-to-previous,14,4,1,"{""prior_strength"": 1.0, ""regression_window"": 200}",5000,0.8352201257861636,0.5424528301886793,0.6365079365079364,2.0377358490566038,0.8739653791384835,0.8321155677144355
KGLS ridge-to-previous,15,4,1,"{""prior_strength"": 1.0, ""regression_window"": 200}",5000,0.7767295597484276,0.4481132075471698,0.5472596585804134,2.5283018867924527,0.8466202385190459,0.7929715164892885
KGLS ridge-to-previous,16,4,1,"{""prior_strength"": 1.0, ""regression_window"": 200}",5000,0.8144654088050314,0.49056603773584906,0.5966756513926325,2.3773584905660377,0.862562299750801,0.7802614730210374
KGLS ridge-to-previous,17,4,1,"{""prior_strength"": 1.0, ""regression_window"": 200}",5000,0.870754716981132,0.5283018867924528,0.6255315962863133,2.1132075471698113,0.8723967604129583,0.8290764384714773
KGLS ridge-to-previous,18,4,1,"{""prior_strength"": 1.0, ""regression_window"": 200}",5000,0.8352201257861636,0.5188679245283019,0.611350703803534,2.2641509433962264,0.873186632253471,0.8248482135221132
KGLS ridge-to-previous,19,4,1,"{""prior_strength"": 1.0, ""regression_window"": 200}",5000,0.8100628930817609,0.5047169811320755,0.598502545672357,2.3207547169811322,0.8434830010679957,0.7652647400020742
RLS forgetting,0,4,1,"{""forgetting_factor"": 0.97, ""initial_covariance"": 100.0}",5000,0.5209344115004493,0.5188679245283019,0.5055514715892075,3.9622641509433962,0.656183250266999,0.5420653774014095
RLS forgetting,1,4,1,"{""forgetting_factor"": 0.97, ""initial_covariance"": 100.0}",5000,0.5483378256963162,0.589622641509434,0.5548803397860002,3.5283018867924527,0.7154125133499466,0.6064351235945524
RLS forgetting,2,4,1,"{""forgetting_factor"": 0.97, ""initial_covariance"": 100.0}",5000,0.5473719676549864,0.5849056603773585,0.5490743009610933,3.69811320754717,0.6993592025631897,0.6031822832585665
RLS forgetting,3,4,1,"{""forgetting_factor"": 0.97, ""initial_covariance"": 100.0}",5000,0.5364106019766398,0.47641509433962265,0.4801492009039179,3.9056603773584904,0.6771649163403346,0.5587457548753642
RLS forgetting,4,4,1,"{""forgetting_factor"": 0.97, ""initial_covariance"": 100.0}",5000,0.5701707097933514,0.5188679245283019,0.5221895504914373,3.6226415094339623,0.7029525631897472,0.5978509268957306
RLS forgetting,5,4,1,"{""forgetting_factor"": 0.97, ""initial_covariance"": 100.0}",5000,0.5216082659478887,0.5330188679245284,0.5095224482016936,3.7547169811320753,0.7085706657173372,0.5861651108786124
RLS forgetting,6,4,1,"{""forgetting_factor"": 0.97, ""initial_covariance"": 100.0}",5000,0.6367924528301887,0.5990566037735849,0.5888984181437011,3.150943396226415,0.7488318796724813,0.6544433478965516
RLS forgetting,7,4,1,"{""forgetting_factor"": 0.97, ""initial_covariance"": 100.0}",5000,0.5861635220125786,0.5707547169811321,0.5583054262299546,3.4150943396226414,0.7252580989676042,0.5830345600888474
RLS forgetting,8,4,1,"{""forgetting_factor"": 0.97, ""initial_covariance"": 100.0}",5000,0.5624887690925426,0.5188679245283019,0.5130918347899479,3.6226415094339623,0.699247953008188,0.5817563514541197
RLS forgetting,9,4,1,"{""forgetting_factor"": 0.97, ""initial_covariance"": 100.0}",5000,0.5123539982030547,0.5377358490566038,0.5124737945492663,3.830188679245283,0.7009166963332146,0.5637561252265563
RLS forgetting,10,4,1,"{""forgetting_factor"": 0.97, ""initial_covariance"": 100.0}",5000,0.523809523809524,0.4669811320754717,0.47093849546679745,3.981132075471698,0.6630473478106088,0.5367941955112159
RLS forgetting,11,4,1,"{""forgetting_factor"": 0.97, ""initial_covariance"": 100.0}",5000,0.5110961365678347,0.5188679245283019,0.49564240790655884,3.7358490566037736,0.6798682805268779,0.5590424664355965
RLS forgetting,12,4,1,"{""forgetting_factor"": 0.97, ""initial_covariance"": 100.0}",5000,0.4772686433063792,0.4339622641509434,0.4401508344904571,4.150943396226415,0.6633477216091136,0.5441956782131062
RLS forgetting,13,4,1,"{""forgetting_factor"": 0.97, ""initial_covariance"": 100.0}",5000,0.5208445642407906,0.5518867924528302,0.5224004507023374,3.7358490566037736,0.7016398184407262,0.5920500390888237
RLS forgetting,14,4,1,"{""forgetting_factor"": 0.97, ""initial_covariance"": 100.0}",5000,0.5283018867924528,0.49528301886792453,0.48999155980288056,3.7169811320754715,0.6821155215379139,0.5659593403843978
RLS forgetting,15,4,1,"{""forgetting_factor"": 0.97, ""initial_covariance"": 100.0}",5000,0.5220125786163523,0.46226415094339623,0.47869122491764005,3.811320754716981,0.6472721609113563,0.5102584874866202
RLS forgetting,16,4,1,"{""forgetting_factor"": 0.97, ""initial_covariance"": 100.0}",5000,0.5636118598382749,0.49528301886792453,0.5030602521168559,3.641509433962264,0.7095274118903524,0.5946948895309908
RLS forgetting,17,4,1,"{""forgetting_factor"": 0.97, ""initial_covariance"": 100.0}",5000,0.5726415094339623,0.5047169811320755,0.5107313022407363,3.6037735849056602,0.696622463510146,0.5562482790119774
RLS forgetting,18,4,1,"{""forgetting_factor"": 0.97, ""initial_covariance"": 100.0}",5000,0.5623539982030549,0.5613207547169812,0.5401372212692969,3.452830188679245,0.7065236739053044,0.5939053395453047
RLS forgetting,19,4,1,"{""forgetting_factor"": 0.97, ""initial_covariance"": 100.0}",5000,0.5434860736747529,0.5283018867924528,0.5174004192872118,3.6792452830188678,0.6933183517265931,0.5725794548165964
RLS forgetting,0,4,1,"{""forgetting_factor"": 0.99, ""initial_covariance"": 100.0}",5000,0.8188679245283017,0.5283018867924528,0.6142857142857143,2.3773584905660377,0.8607934318262727,0.8060276885965619
RLS forgetting,1,4,1,"{""forgetting_factor"": 0.99, ""initial_covariance"": 100.0}",5000,0.8827044025157234,0.6415094339622641,0.7178346810422281,1.8113207547169812,0.8859692061231755,0.8325643307272512
RLS forgetting,2,4,1,"{""forgetting_factor"": 0.99, ""initial_covariance"": 100.0}",5000,0.8650943396226414,0.5990566037735849,0.6810272536687629,2.0,0.8956701673193307,0.8394221952037255
RLS forgetting,3,4,1,"{""forgetting_factor"": 0.99, ""initial_covariance"": 100.0}",5000,0.8515723270440252,0.4528301886792453,0.5692422881102127,2.4339622641509435,0.8412023851904592,0.7881676489385048
RLS forgetting,4,4,1,"{""forgetting_factor"": 0.99, ""initial_covariance"": 100.0}",5000,0.8509433962264151,0.5094339622641509,0.6137765798143157,2.169811320754717,0.8589244393022428,0.814311242764901
RLS forgetting,5,4,1,"{""forgetting_factor"": 0.99, ""initial_covariance"": 100.0}",5000,0.8849056603773585,0.5660377358490566,0.6576819407008084,2.0377358490566038,0.8852127091491634,0.830798349843363
RLS forgetting,6,4,1,"{""forgetting_factor"": 0.99, ""initial_covariance"": 100.0}",5000,0.880503144654088,0.5849056603773585,0.6798742138364778,1.9811320754716981,0.9002647739409042,0.8555636921241041
RLS forgetting,7,4,1,"{""forgetting_factor"": 0.99, ""initial_covariance"": 100.0}",5000,0.830503144654088,0.5801886792452831,0.6615004492362981,2.0943396226415096,0.8760457458170168,0.8072288610558602
RLS forgetting,8,4,1,"{""forgetting_factor"": 0.99, ""initial_covariance"": 100.0}",5000,0.8389937106918239,0.5330188679245284,0.6270140760706797,2.1320754716981134,0.8706723923104308,0.8144415715680098
RLS forgetting,9,4,1,"{""forgetting_factor"": 0.99, ""initial_covariance"": 100.0}",5000,0.8389937106918239,0.5283018867924528,0.631865828092243,2.1132075471698113,0.8857800818796725,0.8125208119462904
RLS forgetting,10,4,1,"{""forgetting_factor"": 0.99, ""initial_covariance"": 100.0}",5000,0.8037735849056604,0.5377358490566038,0.6219526804432465,2.2452830188679247,0.8718293876824492,0.8018967411740924
RLS forgetting,11,4,1,"{""forgetting_factor"": 0.99, ""initial_covariance"": 100.0}",5000,0.8327044025157234,0.5377358490566038,0.6336627732854146,2.1132075471698113,0.8689480242079032,0.806894413093342
RLS forgetting,12,4,1,"{""forgetting_factor"": 0.99, ""initial_covariance"": 100.0}",5000,0.8537735849056604,0.5283018867924528,0.6321203953279424,2.1132075471698113,0.8765241189035244,0.8388422284820853
RLS forgetting,13,4,1,"{""forgetting_factor"": 0.99, ""initial_covariance"": 100.0}",5000,0.9147798742138364,0.5613207547169812,0.6670709793351299,1.9433962264150944,0.8861360804556782,0.8533699217446341
RLS forgetting,14,4,1,"{""forgetting_factor"": 0.99, ""initial_covariance"": 100.0}",5000,0.8279874213836478,0.5283018867924528,0.6234651093141658,2.150943396226415,0.8818418476326094,0.8325605772236147
RLS forgetting,15,4,1,"{""forgetting_factor"": 0.99, ""initial_covariance"": 100.0}",5000,0.8081761006289307,0.4339622641509434,0.5444743935309974,2.452830188679245,0.8501579743681025,0.7793305804213084
RLS forgetting,16,4,1,"{""forgetting_factor"": 0.99, ""initial_covariance"": 100.0}",5000,0.879874213836478,0.5094339622641509,0.6205450733752619,2.207547169811321,0.8727861338554646,0.8082700262892845
RLS forgetting,17,4,1,"{""forgetting_factor"": 0.99, ""initial_covariance"": 100.0}",5000,0.8010332434860736,0.5,0.5878610906912796,2.339622641509434,0.8692817728729085,0.8156706628705239
RLS forgetting,18,4,1,"{""forgetting_factor"": 0.99, ""initial_covariance"": 100.0}",5000,0.8751572327044025,0.5377358490566038,0.6401766996106618,2.056603773584906,0.8798616055535777,0.8342387972492374
RLS forgetting,19,4,1,"{""forgetting_factor"": 0.99, ""initial_covariance"": 100.0}",5000,0.8172955974842766,0.5094339622641509,0.601182988918838,2.3207547169811322,0.8351726593093628,0.7629327079619914
Global-rate EMA,0,4,1,"{""rate"": 0.05, ""regression_window"": 200, ""ridge_alpha"": 1.0}",5000,0.9217430368373765,0.5188679245283019,0.6310599253995479,2.150943396226415,0.9211574403702385,0.8137174008718697
Global-rate EMA,1,4,1,"{""rate"": 0.05, ""regression_window"": 200, ""ridge_alpha"": 1.0}",5000,0.9433962264150944,0.6367924528301887,0.7433063791554354,1.5660377358490567,0.9371440014239943,0.8965256100974919
Global-rate EMA,2,4,1,"{""rate"": 0.05, ""regression_window"": 200, ""ridge_alpha"": 1.0}",5000,0.9094339622641509,0.5849056603773585,0.6918238993710689,1.9245283018867925,0.9239386792452831,0.8192365320426183
Global-rate EMA,3,4,1,"{""rate"": 0.05, ""regression_window"": 200, ""ridge_alpha"": 1.0}",5000,0.8364779874213836,0.4386792452830189,0.5570530098831986,2.358490566037736,0.9220363118547525,0.8771819287920473
Global-rate EMA,4,4,1,"{""rate"": 0.05, ""regression_window"": 200, ""ridge_alpha"": 1.0}",5000,0.8594339622641509,0.49528301886792453,0.604911650194669,2.3207547169811322,0.8973945354218583,0.7744015978839875
Global-rate EMA,5,4,1,"{""rate"": 0.05, ""regression_window"": 200, ""ridge_alpha"": 1.0}",5000,0.9398472596585803,0.6273584905660378,0.7299831196057607,1.6603773584905661,0.9495705767176932,0.9132439518218607
Global-rate EMA,6,4,1,"{""rate"": 0.05, ""regression_window"": 200, ""ridge_alpha"": 1.0}",5000,0.9037735849056605,0.5566037735849056,0.6592392932015572,2.0754716981132075,0.9228595585617657,0.8288124611090296
Global-rate EMA,7,4,1,"{""rate"": 0.05, ""regression_window"": 200, ""ridge_alpha"": 1.0}",5000,0.9132075471698113,0.5330188679245284,0.6466606768493561,2.018867924528302,0.9351971342114631,0.8891716491802026
Global-rate EMA,8,4,1,"{""rate"": 0.05, ""regression_window"": 200, ""ridge_alpha"": 1.0}",5000,0.7783018867924528,0.4481132075471698,0.5455974842767295,2.3962264150943398,0.9188323246707013,0.8383272012293784
Global-rate EMA,9,4,1,"{""rate"": 0.05, ""regression_window"": 200, ""ridge_alpha"": 1.0}",5000,0.9019541778975741,0.5141509433962265,0.6252062403005798,2.2641509433962264,0.9088198647205411,0.790803566314903
Global-rate EMA,10,4,1,"{""rate"": 0.05, ""regression_window"": 200, ""ridge_alpha"": 1.0}",5000,0.9025157232704402,0.5707547169811321,0.6739742437855643,1.9433962264150944,0.9413492346030616,0.8741823402072951
Global-rate EMA,11,4,1,"{""rate"": 0.05, ""regression_window"": 200, ""ridge_alpha"": 1.0}",5000,0.9312893081761007,0.5377358490566038,0.6574872716382149,2.0754716981132075,0.9258521715913136,0.8389888526768337
Global-rate EMA,12,4,1,"{""rate"": 0.05, ""regression_window"": 200, ""ridge_alpha"": 1.0}",5000,0.9189727463312369,0.5424528301886793,0.6583511875964705,2.0754716981132075,0.9177309540761837,0.8299646011058525
Global-rate EMA,13,4,1,"{""rate"": 0.05, ""regression_window"": 200, ""ridge_alpha"": 1.0}",5000,0.9163522012578615,0.5235849056603774,0.6422581611260855,2.0754716981132075,0.9262415450338198,0.8516087643089384
Global-rate EMA,14,4,1,"{""rate"": 0.05, ""regression_window"": 200, ""ridge_alpha"": 1.0}",5000,0.910377358490566,0.5613207547169812,0.6677897574123988,1.9056603773584906,0.9403924884300463,0.8810019281252751
Global-rate EMA,15,4,1,"{""rate"": 0.05, ""regression_window"": 200, ""ridge_alpha"": 1.0}",5000,0.88544474393531,0.4669811320754717,0.5774973454218738,2.2452830188679247,0.9275431648273407,0.8691883530606123
Global-rate EMA,16,4,1,"{""rate"": 0.05, ""regression_window"": 200, ""ridge_alpha"": 1.0}",5000,0.9009433962264151,0.4669811320754717,0.5872866127583108,2.339622641509434,0.9328831434674262,0.8551951453002045
Global-rate EMA,17,4,1,"{""rate"": 0.05, ""regression_window"": 200, ""ridge_alpha"": 1.0}",5000,0.8160377358490566,0.4716981132075472,0.5781221922731357,2.2641509433962264,0.9229040583837664,0.8338291800604255
Global-rate EMA,18,4,1,"{""rate"": 0.05, ""regression_window"": 200, ""ridge_alpha"": 1.0}",5000,0.8597933513027853,0.5471698113207547,0.6414971820632196,2.0377358490566038,0.9181092025631897,0.807021418476045
Global-rate EMA,19,4,1,"{""rate"": 0.05, ""regression_window"": 200, ""ridge_alpha"": 1.0}",5000,0.9056603773584906,0.46226415094339623,0.5828391734052111,2.2641509433962264,0.9184652011391955,0.8640429729502167
Global-rate EMA,0,4,1,"{""rate"": 0.25, ""regression_window"": 200, ""ridge_alpha"": 1.0}",5000,0.8977987421383646,0.5047169811320755,0.6224168912848157,2.0943396226415096,0.8862139551441794,0.854761460226239
Global-rate EMA,1,4,1,"{""rate"": 0.25, ""regression_window"": 200, ""ridge_alpha"": 1.0}",5000,0.8959119496855346,0.6179245283018868,0.7097484276729558,1.830188679245283,0.9021003915984336,0.8553942069944874
Global-rate EMA,2,4,1,"{""rate"": 0.25, ""regression_window"": 200, ""ridge_alpha"": 1.0}",5000,0.8833333333333333,0.5801886792452831,0.6753369272237195,1.9622641509433962,0.908308116767533,0.8523883422667523
Global-rate EMA,3,4,1,"{""rate"": 0.25, ""regression_window"": 200, ""ridge_alpha"": 1.0}",5000,0.8679245283018868,0.44339622641509435,0.5676549865229111,2.3773584905660377,0.8528947134211463,0.8064804717640811
Global-rate EMA,4,4,1,"{""rate"": 0.25, ""regression_window"": 200, ""ridge_alpha"": 1.0}",5000,0.8522012578616351,0.5330188679245284,0.6336927223719676,1.9811320754716981,0.8715735137059452,0.8360698110110466
Global-rate EMA,5,4,1,"{""rate"": 0.25, ""regression_window"": 200, ""ridge_alpha"": 1.0}",5000,0.9223270440251572,0.5990566037735849,0.6958820005989815,1.7924528301886793,0.9198558205767177,0.8951171807247486
Global-rate EMA,6,4,1,"{""rate"": 0.25, ""regression_window"": 200, ""ridge_alpha"": 1.0}",5000,0.9245283018867925,0.5801886792452831,0.6828391734052109,1.8867924528301887,0.9060720007119971,0.8628285778797804
Global-rate EMA,7,4,1,"{""rate"": 0.25, ""regression_window"": 200, ""ridge_alpha"": 1.0}",5000,0.869811320754717,0.589622641509434,0.6849056603773583,1.9245283018867925,0.9031127625489498,0.8513760381671293
Global-rate EMA,8,4,1,"{""rate"": 0.25, ""regression_window"": 200, ""ridge_alpha"": 1.0}",5000,0.910377358490566,0.49528301886792453,0.6145103324348609,2.150943396226415,0.8897628159487362,0.8425630991786804
Global-rate EMA,9,4,1,"{""rate"": 0.25, ""regression_window"": 200, ""ridge_alpha"": 1.0}",5000,0.8915094339622641,0.5188679245283019,0.6341868823000898,2.0943396226415096,0.9105331078675686,0.8492696041836422
Global-rate EMA,10,4,1,"{""rate"": 0.25, ""regression_window"": 200, ""ridge_alpha"": 1.0}",5000,0.9198113207547168,0.5471698113207547,0.6634770889487869,1.9433962264150944,0.9089644891420434,0.8774900481506298
Global-rate EMA,11,4,1,"{""rate"": 0.25, ""regression_window"": 200, ""ridge_alpha"": 1.0}",5000,0.8962264150943396,0.5471698113207547,0.6570530098831984,1.9811320754716981,0.8926441794232823,0.8516166121497905
Global-rate EMA,12,4,1,"{""rate"": 0.25, ""regression_window"": 200, ""ridge_alpha"": 1.0}",5000,0.880503144654088,0.5660377358490566,0.6655884995507635,1.8867924528301887,0.9116344784620861,0.8808825405956517
Global-rate EMA,13,4,1,"{""rate"": 0.25, ""regression_window"": 200, ""ridge_alpha"": 1.0}",5000,0.8971698113207547,0.5613207547169812,0.6715333932315062,1.9622641509433962,0.9049706301174796,0.871436206567668
Global-rate EMA,14,4,1,"{""rate"": 0.25, ""regression_window"": 200, ""ridge_alpha"": 1.0}",5000,0.8440251572327044,0.5377358490566038,0.6328840970350403,1.9811320754716981,0.9128248487006052,0.8765615215526915
Global-rate EMA,15,4,1,"{""rate"": 0.25, ""regression_window"": 200, ""ridge_alpha"": 1.0}",5000,0.8742138364779873,0.4858490566037736,0.5990116801437557,2.150943396226415,0.8701161445354219,0.840728164625379
Global-rate EMA,16,4,1,"{""rate"": 0.25, ""regression_window"": 200, ""ridge_alpha"": 1.0}",5000,0.8946540880503144,0.49056603773584906,0.6111859838274932,2.2641509433962264,0.8881719473122107,0.8022771664012774
Global-rate EMA,17,4,1,"{""rate"": 0.25, ""regression_window"": 200, ""ridge_alpha"": 1.0}",5000,0.8377358490566037,0.5330188679245284,0.6257562144354596,2.018867924528302,0.8903969384122463,0.854337351955725
Global-rate EMA,18,4,1,"{""rate"": 0.25, ""regression_window"": 200, ""ridge_alpha"": 1.0}",5000,0.8852201257861635,0.5424528301886793,0.6463162623539981,2.0,0.8903301886792453,0.8430222712341277
Global-rate EMA,19,4,1,"{""rate"": 0.25, ""regression_window"": 200, ""ridge_alpha"": 1.0}",5000,0.8569182389937108,0.4858490566037736,0.5973495058400717,2.2830188679245285,0.8733090067639729,0.7987055868982255
KGLS ridge-to-previous,0,4,2,"{""prior_strength"": 0.1, ""regression_window"": 200}",5000,0.6974842767295597,0.4669811320754717,0.5283018867924529,3.018867924528302,0.8501646493414027,0.6548200516383281
KGLS ridge-to-previous,1,4,2,"{""prior_strength"": 0.1, ""regression_window"": 200}",5000,0.7395327942497754,0.589622641509434,0.6358082169402924,2.641509433962264,0.8697979708081167,0.6939319740924736
KGLS ridge-to-previous,2,4,2,"{""prior_strength"": 0.1, ""regression_window"": 200}",5000,0.7719227313566935,0.5849056603773585,0.6364820713877317,2.3962264150943398,0.8889017443930224,0.7255271410150059
KGLS ridge-to-previous,3,4,2,"{""prior_strength"": 0.1, ""regression_window"": 200}",5000,0.6735849056603773,0.47641509433962265,0.533632824198862,2.9622641509433962,0.8143022427910288,0.6150837398278178
KGLS ridge-to-previous,4,4,2,"{""prior_strength"": 0.1, ""regression_window"": 200}",5000,0.7444968553459118,0.4481132075471698,0.5353399221323749,3.0754716981132075,0.8345808116767532,0.6291525094946464
KGLS ridge-to-previous,5,4,2,"{""prior_strength"": 0.1, ""regression_window"": 200}",5000,0.6661275831087151,0.5330188679245284,0.5726020310925972,2.792452830188679,0.8773050907796369,0.7093066213197808
KGLS ridge-to-previous,6,4,2,"{""prior_strength"": 0.1, ""regression_window"": 200}",5000,0.7927672955974843,0.5330188679245284,0.6067834681042229,2.358490566037736,0.8521359914560341,0.6986020822505685
KGLS ridge-to-previous,7,4,2,"{""prior_strength"": 0.1, ""regression_window"": 200}",5000,0.7280772686433064,0.5707547169811321,0.6151147594543821,2.547169811320755,0.8662468850124599,0.7023234423258377
KGLS ridge-to-previous,8,4,2,"{""prior_strength"": 0.1, ""regression_window"": 200}",5000,0.7974842767295597,0.5990566037735849,0.6575022461814913,2.2264150943396226,0.8912735849056603,0.7475703470869576
KGLS ridge-to-previous,9,4,2,"{""prior_strength"": 0.1, ""regression_window"": 200}",5000,0.7741239892183289,0.4811320754716981,0.5641999509924039,2.6226415094339623,0.8818440726237095,0.7014881801461629
KGLS ridge-to-previous,10,4,2,"{""prior_strength"": 0.1, ""regression_window"": 200}",5000,0.7237646001796945,0.5518867924528302,0.605571891420948,2.6226415094339623,0.8567951228195088,0.6651624858021559
KGLS ridge-to-previous,11,4,2,"{""prior_strength"": 0.1, ""regression_window"": 200}",5000,0.7380503144654087,0.5235849056603774,0.5786313267445343,2.547169811320755,0.8788536845852617,0.6948203865096175
KGLS ridge-to-previous,12,4,2,"{""prior_strength"": 0.1, ""regression_window"": 200}",5000,0.7622641509433962,0.5424528301886793,0.6161725067385445,2.4339622641509435,0.8795256318974725,0.7192674512838926
KGLS ridge-to-previous,13,4,2,"{""prior_strength"": 0.1, ""regression_window"": 200}",5000,0.6273584905660377,0.49056603773584906,0.5299940101826895,3.0943396226415096,0.8680891776432894,0.6423395267136012
KGLS ridge-to-previous,14,4,2,"{""prior_strength"": 0.1, ""regression_window"": 200}",5000,0.7768194070080863,0.5471698113207547,0.604707451877263,2.5283018867924527,0.8702251690993236,0.7012035032019314
KGLS ridge-to-previous,15,4,2,"{""prior_strength"": 0.1, ""regression_window"": 200}",5000,0.6827044025157232,0.49056603773584906,0.5498502545672358,2.811320754716981,0.8547169811320755,0.650529907287235
KGLS ridge-to-previous,16,4,2,"{""prior_strength"": 0.1, ""regression_window"": 200}",5000,0.749685534591195,0.5330188679245284,0.5907756813417191,2.6037735849056602,0.8625222499110003,0.6698016527686218
KGLS ridge-to-previous,17,4,2,"{""prior_strength"": 0.1, ""regression_window"": 200}",5000,0.761006289308176,0.5141509433962265,0.5780473195567535,2.6037735849056602,0.8580322178711285,0.6891931882468891
KGLS ridge-to-previous,18,4,2,"{""prior_strength"": 0.1, ""regression_window"": 200}",5000,0.7628930817610062,0.5377358490566038,0.5944893680742738,2.660377358490566,0.8792363830544678,0.7021416497846612
KGLS ridge-to-previous,19,4,2,"{""prior_strength"": 0.1, ""regression_window"": 200}",5000,0.6172955974842768,0.4339622641509434,0.4813566936208445,3.30188679245283,0.8373398006407974,0.5769541994791487
KGLS ridge-to-previous,0,4,2,"{""prior_strength"": 1.0, ""regression_window"": 200}",5000,0.6974842767295597,0.4669811320754717,0.5283018867924529,3.018867924528302,0.8501735493058028,0.6548426008386542
KGLS ridge-to-previous,1,4,2,"{""prior_strength"": 1.0, ""regression_window"": 200}",5000,0.7395327942497754,0.589622641509434,0.6358082169402924,2.641509433962264,0.869940370238519,0.6942634709729915
KGLS ridge-to-previous,2,4,2,"{""prior_strength"": 1.0, ""regression_window"": 200}",5000,0.7791554357592092,0.5849056603773585,0.64018078357701,2.358490566037736,0.8890218939124244,0.7257203414834339
KGLS ridge-to-previous,3,4,2,"{""prior_strength"": 1.0, ""regression_window"": 200}",5000,0.6735849056603773,0.47641509433962265,0.5327343516022762,2.943396226415094,0.8143333926664293,0.6151091755718191
KGLS ridge-to-previous,4,4,2,"{""prior_strength"": 1.0, ""regression_window"": 200}",5000,0.7444968553459118,0.4481132075471698,0.5353399221323749,3.0754716981132075,0.8346965112139552,0.6294049024404771
KGLS ridge-to-previous,5,4,2,"{""prior_strength"": 1.0, ""regression_window"": 200}",5000,0.6661275831087151,0.5330188679245284,0.5726020310925972,2.792452830188679,0.8773540405838377,0.7095165797650865
KGLS ridge-to-previous,6,4,2,"{""prior_strength"": 1.0, ""regression_window"": 200}",5000,0.7927672955974843,0.5330188679245284,0.6067834681042229,2.358490566037736,0.8522917408330367,0.6988909813214677
KGLS ridge-to-previous,7,4,2,"{""prior_strength"": 1.0, ""regression_window"": 200}",5000,0.7280772686433064,0.5707547169811321,0.6151147594543821,2.547169811320755,0.866371484514062,0.7027603935350014
KGLS ridge-to-previous,8,4,2,"{""prior_strength"": 1.0, ""regression_window"": 200}",5000,0.7974842767295597,0.5990566037735849,0.6575022461814913,2.2264150943396226,0.8913225347098611,0.7480567599549347
KGLS ridge-to-previous,9,4,2,"{""prior_strength"": 1.0, ""regression_window"": 200}",5000,0.7741239892183289,0.4811320754716981,0.5641999509924039,2.6226415094339623,0.8819642221431114,0.7017392069948853
KGLS ridge-to-previous,10,4,2,"{""prior_strength"": 1.0, ""regression_window"": 200}",5000,0.7256513926325246,0.5518867924528302,0.6060211277192408,2.6226415094339623,0.8569464222143112,0.6654956724278287
KGLS ridge-to-previous,11,4,2,"{""prior_strength"": 1.0, ""regression_window"": 200}",5000,0.7380503144654087,0.5235849056603774,0.5786313267445343,2.547169811320755,0.8789738341046636,0.6949768735355593
KGLS ridge-to-previous,12,4,2,"{""prior_strength"": 1.0, ""regression_window"": 200}",5000,0.7622641509433962,0.5424528301886793,0.6161725067385445,2.4339622641509435,0.8796591313634745,0.7194067341659419
KGLS ridge-to-previous,13,4,2,"{""prior_strength"": 1.0, ""regression_window"": 200}",5000,0.6273584905660377,0.49056603773584906,0.5299940101826895,3.0943396226415096,0.8682493770024919,0.6428185064600257
KGLS ridge-to-previous,14,4,2,"{""prior_strength"": 1.0, ""regression_window"": 200}",5000,0.7768194070080863,0.5471698113207547,0.604707451877263,2.5283018867924527,0.8703898184407263,0.7015666721687008
KGLS ridge-to-previous,15,4,2,"{""prior_strength"": 1.0, ""regression_window"": 200}",5000,0.6827044025157232,0.49056603773584906,0.5498502545672358,2.811320754716981,0.8547436810252759,0.6506289868674734
KGLS ridge-to-previous,16,4,2,"{""prior_strength"": 1.0, ""regression_window"": 200}",5000,0.749685534591195,0.5330188679245284,0.5907756813417191,2.6037735849056602,0.8625756496974012,0.6699532936035056
KGLS ridge-to-previous,17,4,2,"{""prior_strength"": 1.0, ""regression_window"": 200}",5000,0.7515723270440251,0.5141509433962265,0.5767894579215334,2.6226415094339623,0.8580945176219296,0.6892485075998382
KGLS ridge-to-previous,18,4,2,"{""prior_strength"": 1.0, ""regression_window"": 200}",5000,0.7628930817610062,0.5377358490566038,0.5944893680742738,2.660377358490566,0.8793075827696689,0.702361724426624
KGLS ridge-to-previous,19,4,2,"{""prior_strength"": 1.0, ""regression_window"": 200}",5000,0.6220125786163523,0.4339622641509434,0.48337825696316256,3.2830188679245285,0.8374866500533998,0.5771774725017508
RLS forgetting,0,4,2,"{""forgetting_factor"": 0.97, ""initial_covariance"": 100.0}",5000,0.24538171472133735,0.4386792452830189,0.3067779704572157,7.39622641509434,0.6349902100391599,0.3395551322715539
RLS forgetting,1,4,2,"{""forgetting_factor"": 0.97, ""initial_covariance"": 100.0}",5000,0.3172840262462904,0.5566037735849056,0.3961480343555815,6.6415094339622645,0.6956479174083303,0.3872668579111538
RLS forgetting,2,4,2,"{""forgetting_factor"": 0.97, ""initial_covariance"": 100.0}",5000,0.33729546135206506,0.5613207547169812,0.412670453236491,6.433962264150943,0.7016019935920257,0.42753148979031025
RLS forgetting,3,4,2,"{""forgetting_factor"": 0.97, ""initial_covariance"": 100.0}",5000,0.29570911269024475,0.4669811320754717,0.35334759580042596,6.245283018867925,0.6797392310430759,0.34494553422779584
RLS forgetting,4,4,2,"{""forgetting_factor"": 0.97, ""initial_covariance"": 100.0}",5000,0.28078085436576006,0.45754716981132076,0.33916754105433344,6.90566037735849,0.6543031327874689,0.32083884878259383
RLS forgetting,5,4,2,"{""forgetting_factor"": 0.97, ""initial_covariance"": 100.0}",5000,0.3104352146804976,0.5283018867924528,0.38203641222509144,6.679245283018868,0.6817283730865077,0.35135288516926105
RLS forgetting,6,4,2,"{""forgetting_factor"": 0.97, ""initial_covariance"": 100.0}",5000,0.29053404666612215,0.4386792452830189,0.33635201276710713,6.528301886792453,0.6707636169455322,0.34757142921864936
RLS forgetting,7,4,2,"{""forgetting_factor"": 0.97, ""initial_covariance"": 100.0}",5000,0.3399343842740069,0.5518867924528302,0.4111384422705177,6.169811320754717,0.7073024207903168,0.37125875239053424
RLS forgetting,8,4,2,"{""forgetting_factor"": 0.97, ""initial_covariance"": 100.0}",5000,0.3163496356892583,0.5377358490566038,0.3875248010098176,6.60377358490566,0.6851682093271627,0.35064749784814975
RLS forgetting,9,4,2,"{""forgetting_factor"": 0.97, ""initial_covariance"": 100.0}",5000,0.2791479484875712,0.49528301886792453,0.35170128613524837,7.188679245283019,0.6720185119259523,0.3224960870011185
RLS forgetting,10,4,2,"{""forgetting_factor"": 0.97, ""initial_covariance"": 100.0}",5000,0.2873390236597784,0.49528301886792453,0.35723961573018176,6.943396226415095,0.6631630473478106,0.34652276437234414
RLS forgetting,11,4,2,"{""forgetting_factor"": 0.97, ""initial_covariance"": 100.0}",5000,0.2987775327397969,0.5141509433962265,0.3651359646642665,6.679245283018868,0.6655660377358491,0.3528708521922122
RLS forgetting,12,4,2,"{""forgetting_factor"": 0.97, ""initial_covariance"": 100.0}",5000,0.299095401453892,0.49528301886792453,0.3649170535962989,6.60377358490566,0.661623353506586,0.3549593642239757
RLS forgetting,13,4,2,"{""forgetting_factor"": 0.97, ""initial_covariance"": 100.0}",5000,0.2919362084456424,0.47641509433962265,0.3480380206795301,6.90566037735849,0.6520781416874333,0.33726742038930635
RLS forgetting,14,4,2,"{""forgetting_factor"": 0.97, ""initial_covariance"": 100.0}",5000,0.3196268616079937,0.49528301886792453,0.37613064415447733,6.415094339622642,0.6903390886436455,0.37568675819998565
RLS forgetting,15,4,2,"{""forgetting_factor"": 0.97, ""initial_covariance"": 100.0}",5000,0.3021202591957309,0.4386792452830189,0.33857882159768954,6.509433962264151,0.6518066927732289,0.32904632909245185
RLS forgetting,16,4,2,"{""forgetting_factor"": 0.97, ""initial_covariance"": 100.0}",5000,0.30188134716436604,0.5,0.36802160104046894,6.584905660377358,0.6753248487006052,0.37004587823705676
RLS forgetting,17,4,2,"{""forgetting_factor"": 0.97, ""initial_covariance"": 100.0}",5000,0.34031895777178794,0.5330188679245284,0.4026594998293113,6.132075471698113,0.6863385546457814,0.3373724936175073
RLS forgetting,18,4,2,"{""forgetting_factor"": 0.97, ""initial_covariance"": 100.0}",5000,0.2865474148493017,0.49056603773584906,0.3568879757559002,6.773584905660377,0.6673860804556782,0.36059349141308006
RLS forgetting,19,4,2,"{""forgetting_factor"": 0.97, ""initial_covariance"": 100.0}",5000,0.319916142557652,0.5377358490566038,0.39459314270635015,6.320754716981132,0.702434140263439,0.38116083946357315
RLS forgetting,0,4,2,"{""forgetting_factor"": 0.99, ""initial_covariance"": 100.0}",5000,0.6690925426774483,0.4528301886792453,0.5124479294290615,3.0754716981132075,0.8545122819508721,0.6525262855449047
RLS forgetting,1,4,2,"{""forgetting_factor"": 0.99, ""initial_covariance"": 100.0}",5000,0.7363881401617252,0.6037735849056604,0.6488061205042336,2.5849056603773586,0.8726059095763617,0.7023670357712971
RLS forgetting,2,4,2,"{""forgetting_factor"": 0.99, ""initial_covariance"": 100.0}",5000,0.7864779874213838,0.5801886792452831,0.6432015573525006,2.4150943396226414,0.8865254538981844,0.7317726742932592
RLS forgetting,3,4,2,"{""forgetting_factor"": 0.99, ""initial_covariance"": 100.0}",5000,0.6943396226415093,0.44339622641509435,0.5065833537531651,2.981132075471698,0.8388483446066216,0.6245183114692285
RLS forgetting,4,4,2,"{""forgetting_factor"": 0.99, ""initial_covariance"": 100.0}",5000,0.7324947589098533,0.45754716981132076,0.5369226161678992,3.018867924528302,0.8293298326806693,0.6097232422320462
RLS forgetting,5,4,2,"{""forgetting_factor"": 0.99, ""initial_covariance"": 100.0}",5000,0.7075471698113206,0.5330188679245284,0.5838274932614557,2.6792452830188678,0.8685030259878961,0.6775686716229793
RLS forgetting,6,4,2,"{""forgetting_factor"": 0.99, ""initial_covariance"": 100.0}",5000,0.7430817610062893,0.49056603773584906,0.5631476489967057,2.660377358490566,0.8622063011747954,0.6928810732546425
RLS forgetting,7,4,2,"{""forgetting_factor"": 0.99, ""initial_covariance"": 100.0}",5000,0.710377358490566,0.5471698113207547,0.5926175501647201,2.69811320754717,0.8572623709505162,0.6766527099601218
RLS forgetting,8,4,2,"{""forgetting_factor"": 0.99, ""initial_covariance"": 100.0}",5000,0.7745283018867924,0.5801886792452831,0.6428421683138663,2.3773584905660377,0.8915361338554646,0.732944665662062
RLS forgetting,9,4,2,"{""forgetting_factor"": 0.99, ""initial_covariance"": 100.0}",5000,0.7688679245283018,0.47641509433962265,0.5600029949086553,2.7169811320754715,0.8706657173371306,0.6686888631225185
RLS forgetting,10,4,2,"{""forgetting_factor"": 0.99, ""initial_covariance"": 100.0}",5000,0.7181042228212037,0.5424528301886793,0.592334395164584,2.7169811320754715,0.8634033463866144,0.6589371359616548
RLS forgetting,11,4,2,"{""forgetting_factor"": 0.99, ""initial_covariance"": 100.0}",5000,0.7522237196765497,0.5471698113207547,0.6032059135832721,2.6037735849056602,0.8646404414382343,0.6729386624542089
RLS forgetting,12,4,2,"{""forgetting_factor"": 0.99, ""initial_covariance"": 100.0}",5000,0.780188679245283,0.5235849056603774,0.5981581311769991,2.509433962264151,0.8742702029191883,0.7037111793797542
RLS forgetting,13,4,2,"{""forgetting_factor"": 0.99, ""initial_covariance"": 100.0}",5000,0.6690925426774483,0.4716981132075472,0.5264641019358001,2.9056603773584904,0.8749955500177999,0.657003318898826
RLS forgetting,14,4,2,"{""forgetting_factor"": 0.99, ""initial_covariance"": 100.0}",5000,0.751707097933513,0.5471698113207547,0.597282801056386,2.6037735849056602,0.868004627981488,0.6828547483053496
RLS forgetting,15,4,2,"{""forgetting_factor"": 0.99, ""initial_covariance"": 100.0}",5000,0.6989218328840969,0.4481132075471698,0.5173269078929457,2.9245283018867925,0.8607912068351726,0.6474459516119551
RLS forgetting,16,4,2,"{""forgetting_factor"": 0.99, ""initial_covariance"": 100.0}",5000,0.7388888888888887,0.5566037735849056,0.6002753012186974,2.5849056603773586,0.8684807760768957,0.6818839518994465
RLS forgetting,17,4,2,"{""forgetting_factor"": 0.99, ""initial_covariance"": 100.0}",5000,0.7499550763701707,0.5188679245283019,0.5757630210460399,2.6226415094339623,0.8507208971164115,0.6663444293756569
RLS forgetting,18,4,2,"{""forgetting_factor"": 0.99, ""initial_covariance"": 100.0}",5000,0.7314465408805031,0.5235849056603774,0.5810422282120395,2.7358490566037736,0.8866011035955856,0.6963289106254783
RLS forgetting,19,4,2,"{""forgetting_factor"": 0.99, ""initial_covariance"": 100.0}",5000,0.6625786163522013,0.4811320754716981,0.5382899071578316,2.981132075471698,0.8499866500533998,0.6203947902521787
Global-rate EMA,0,4,2,"{""rate"": 0.05, ""regression_window"": 200, ""ridge_alpha"": 1.0}",5000,0.8168477225080999,0.42452830188679247,0.5365954799917064,2.6792452830188678,0.9194464222143112,0.6901008480456146
Global-rate EMA,1,4,2,"{""rate"": 0.05, ""regression_window"": 200, ""ridge_alpha"": 1.0}",5000,0.9059748427672956,0.5707547169811321,0.6827044025157231,2.056603773584906,0.923495906016376,0.7373518436581786
Global-rate EMA,2,4,2,"{""rate"": 0.05, ""regression_window"": 200, ""ridge_alpha"": 1.0}",5000,0.8827044025157232,0.5613207547169812,0.6584830787660975,2.358490566037736,0.9282751868992524,0.6790129879941375
Global-rate EMA,3,4,2,"{""rate"": 0.05, ""regression_window"": 200, ""ridge_alpha"": 1.0}",5000,0.8545073375262054,0.4339622641509434,0.5439756260510977,2.69811320754717,0.9151210395158419,0.6912775992979503
Global-rate EMA,4,4,2,"{""rate"": 0.05, ""regression_window"": 200, ""ridge_alpha"": 1.0}",5000,0.8514150943396226,0.41037735849056606,0.5360287511230908,3.188679245283019,0.8752358490566038,0.5482585514864807
Global-rate EMA,5,4,2,"{""rate"": 0.05, ""regression_window"": 200, ""ridge_alpha"": 1.0}",5000,0.8527628032345013,0.5754716981132075,0.6508964306134115,2.0943396226415096,0.9254004983980064,0.7352944093715691
Global-rate EMA,6,4,2,"{""rate"": 0.05, ""regression_window"": 200, ""ridge_alpha"": 1.0}",5000,0.8922431865828091,0.5,0.6055548886730614,2.5283018867924527,0.914124243503026,0.6834416834173821
Global-rate EMA,7,4,2,"{""rate"": 0.05, ""regression_window"": 200, ""ridge_alpha"": 1.0}",5000,0.8826145552560646,0.5754716981132075,0.6687971357782676,2.056603773584906,0.9209060163759345,0.7518520589895596
Global-rate EMA,8,4,2,"{""rate"": 0.05, ""regression_window"": 200, ""ridge_alpha"": 1.0}",5000,0.9187780772686434,0.5707547169811321,0.6642188662049633,2.2264150943396226,0.92812833748665,0.7052654801572152
Global-rate EMA,9,4,2,"{""rate"": 0.05, ""regression_window"": 200, ""ridge_alpha"": 1.0}",5000,0.7928459119496855,0.4481132075471698,0.5478816780703574,2.6792452830188678,0.9229085083659665,0.707138237507357
Global-rate EMA,10,4,2,"{""rate"": 0.05, ""regression_window"": 200, ""ridge_alpha"": 1.0}",5000,0.8571032186459488,0.5849056603773585,0.6652066486972147,2.30188679245283,0.924875400498398,0.6629857597361464
Global-rate EMA,11,4,2,"{""rate"": 0.05, ""regression_window"": 200, ""ridge_alpha"": 1.0}",5000,0.8716981132075472,0.5566037735849056,0.6483212748853263,2.2641509433962264,0.9260991456034176,0.7130231113307055
Global-rate EMA,12,4,2,"{""rate"": 0.05, ""regression_window"": 200, ""ridge_alpha"": 1.0}",5000,0.9061177815894796,0.5518867924528302,0.6617250673854445,2.188679245283019,0.9251334994660021,0.7175057772935157
Global-rate EMA,13,4,2,"{""rate"": 0.05, ""regression_window"": 200, ""ridge_alpha"": 1.0}",5000,0.850104821802935,0.4009433962264151,0.5218881747183635,2.7169811320754715,0.9178310786756853,0.7501385343030982
Global-rate EMA,14,4,2,"{""rate"": 0.05, ""regression_window"": 200, ""ridge_alpha"": 1.0}",5000,0.8512941461054667,0.5660377358490566,0.6564425770308122,2.2264150943396226,0.9314124243503026,0.7214794709346433
Global-rate EMA,15,4,2,"{""rate"": 0.05, ""regression_window"": 200, ""ridge_alpha"": 1.0}",5000,0.8465408805031447,0.45754716981132076,0.5644039343642125,2.5849056603773586,0.934812210751157,0.6973806714891676
Global-rate EMA,16,4,2,"{""rate"": 0.05, ""regression_window"": 200, ""ridge_alpha"": 1.0}",5000,0.8607081597647636,0.5188679245283019,0.6189754689754687,2.339622641509434,0.9357422570309719,0.7208216639346108
Global-rate EMA,17,4,2,"{""rate"": 0.05, ""regression_window"": 200, ""ridge_alpha"": 1.0}",5000,0.8657681940700809,0.5094339622641509,0.5937622787672441,2.4716981132075473,0.9178266286934852,0.6764513314957594
Global-rate EMA,18,4,2,"{""rate"": 0.05, ""regression_window"": 200, ""ridge_alpha"": 1.0}",5000,0.8351915380217267,0.49056603773584906,0.5877358490566038,2.4150943396226414,0.9310208259166963,0.7360035976606858
Global-rate EMA,19,4,2,"{""rate"": 0.05, ""regression_window"": 200, ""ridge_alpha"": 1.0}",5000,0.8267744833782569,0.4339622641509434,0.5364208118925099,2.6037735849056602,0.9313056247775009,0.7173394758226633
Global-rate EMA,0,4,2,"{""rate"": 0.25, ""regression_window"": 200, ""ridge_alpha"": 1.0}",5000,0.7729559748427673,0.4811320754716981,0.5680143755615455,2.6226415094339623,0.8796635813456746,0.7076865382511998
Global-rate EMA,1,4,2,"{""rate"": 0.25, ""regression_window"": 200, ""ridge_alpha"": 1.0}",5000,0.7977987421383647,0.5990566037735849,0.6674004192872116,2.2641509433962264,0.8889017443930224,0.740745867061038
Global-rate EMA,2,4,2,"{""rate"": 0.25, ""regression_window"": 200, ""ridge_alpha"": 1.0}",5000,0.8418238993710692,0.5943396226415094,0.6670410302485774,2.0943396226415096,0.9077385190459238,0.7621509004261232
Global-rate EMA,3,4,2,"{""rate"": 0.25, ""regression_window"": 200, ""ridge_alpha"": 1.0}",5000,0.7342767295597484,0.44339622641509435,0.5193321353698713,2.811320754716981,0.8400320398718405,0.6661998226544957
Global-rate EMA,4,4,2,"{""rate"": 0.25, ""regression_window"": 200, ""ridge_alpha"": 1.0}",5000,0.7808176100628931,0.4528301886792453,0.5513177598083258,2.830188679245283,0.8432938768244927,0.6451105372976523
Global-rate EMA,5,4,2,"{""rate"": 0.25, ""regression_window"": 200, ""ridge_alpha"": 1.0}",5000,0.7666666666666665,0.5707547169811321,0.6315064390536088,2.2264150943396226,0.8904547881808472,0.7708749369344572
Global-rate EMA,6,4,2,"{""rate"": 0.25, ""regression_window"": 200, ""ridge_alpha"": 1.0}",5000,0.8243710691823899,0.5471698113207547,0.6236448038334831,2.30188679245283,0.8812744749021004,0.7301170433930211
Global-rate EMA,7,4,2,"{""rate"": 0.25, ""regression_window"": 200, ""ridge_alpha"": 1.0}",5000,0.8236747529200359,0.5849056603773585,0.6605475237550706,2.2264150943396226,0.8887415450338199,0.7442383259969463
Global-rate EMA,8,4,2,"{""rate"": 0.25, ""regression_window"": 200, ""ridge_alpha"": 1.0}",5000,0.8493710691823899,0.5613207547169812,0.6446921003524777,2.2641509433962264,0.9119259522961908,0.7760030998945132
Global-rate EMA,9,4,2,"{""rate"": 0.25, ""regression_window"": 200, ""ridge_alpha"": 1.0}",5000,0.816262353998203,0.45754716981132076,0.5638405619537695,2.5283018867924527,0.9074181203275187,0.746600837348693
Global-rate EMA,10,4,2,"{""rate"": 0.25, ""regression_window"": 200, ""ridge_alpha"": 1.0}",5000,0.8316262353998202,0.5566037735849056,0.6337989054970186,2.2641509433962264,0.876437344250623,0.717885358984808
Global-rate EMA,11,4,2,"{""rate"": 0.25, ""regression_window"": 200, ""ridge_alpha"": 1.0}",5000,0.8062893081761007,0.5141509433962265,0.6008086253369272,2.4150943396226414,0.9033819864720541,0.7423173472801905
Global-rate EMA,12,4,2,"{""rate"": 0.25, ""regression_window"": 200, ""ridge_alpha"": 1.0}",5000,0.7955974842767295,0.5566037735849056,0.6401617250673853,2.2264150943396226,0.8973789604841581,0.7591682797777576
Global-rate EMA,13,4,2,"{""rate"": 0.25, ""regression_window"": 200, ""ridge_alpha"": 1.0}",5000,0.7204402515723269,0.4669811320754717,0.5381401617250675,2.811320754716981,0.8878426486294054,0.6977240633455102
Global-rate EMA,14,4,2,"{""rate"": 0.25, ""regression_window"": 200, ""ridge_alpha"": 1.0}",5000,0.8146900269541779,0.5424528301886793,0.620369462822293,2.2264150943396226,0.8927643289426842,0.7458085720280285
Global-rate EMA,15,4,2,"{""rate"": 0.25, ""regression_window"": 200, ""ridge_alpha"": 1.0}",5000,0.759119496855346,0.49056603773584906,0.5681341719077568,2.490566037735849,0.8751779992880029,0.7139793103654333
Global-rate EMA,16,4,2,"{""rate"": 0.25, ""regression_window"": 200, ""ridge_alpha"": 1.0}",5000,0.7953279424977538,0.5188679245283019,0.5956301560075143,2.4716981132075473,0.8910021359914561,0.7029770455216958
Global-rate EMA,17,4,2,"{""rate"": 0.25, ""regression_window"": 200, ""ridge_alpha"": 1.0}",5000,0.8053459119496855,0.5047169811320755,0.5875861036238395,2.4339622641509435,0.886000355998576,0.7444808723432156
Global-rate EMA,18,4,2,"{""rate"": 0.25, ""regression_window"": 200, ""ridge_alpha"": 1.0}",5000,0.840251572327044,0.5424528301886793,0.626984126984127,2.30188679245283,0.8933828764684941,0.7426661319754091
Global-rate EMA,19,4,2,"{""rate"": 0.25, ""regression_window"": 200, ""ridge_alpha"": 1.0}",5000,0.7182389937106919,0.41509433962264153,0.4977238694219825,2.9622641509433962,0.879187433250267,0.6347742010611552
KGLS ridge-to-previous,0,4,4,"{""prior_strength"": 0.1, ""regression_window"": 200}",5000,0.5387262108960224,0.5424528301886793,0.5146232174534063,4.132075471698113,0.8598215152593935,0.5013154311692596
KGLS ridge-to-previous,1,4,4,"{""prior_strength"": 0.1, ""regression_window"": 200}",5000,0.6068396226415095,0.6273584905660378,0.5840737878473728,3.509433962264151,0.876529175701479,0.6246494441900994
KGLS ridge-to-previous,2,4,4,"{""prior_strength"": 0.1, ""regression_window"": 200}",5000,0.49074573225516616,0.41037735849056606,0.424305045059762,4.132075471698113,0.832259943687498,0.43394782231128876
KGLS ridge-to-previous,3,4,4,"{""prior_strength"": 0.1, ""regression_window"": 200}",5000,0.504627133872417,0.5660377358490566,0.5164502164502165,4.0,0.8501286449399656,0.516069084379638
KGLS ridge-to-previous,4,4,4,"{""prior_strength"": 0.1, ""regression_window"": 200}",5000,0.5994159928122192,0.5990566037735849,0.5802138637044298,3.452830188679245,0.8822231301983883,0.605451687396367
KGLS ridge-to-previous,5,4,4,"{""prior_strength"": 0.1, ""regression_window"": 200}",5000,0.5842767295597484,0.5424528301886793,0.539727463312369,3.547169811320755,0.8608773746723195,0.5865773026730912
KGLS ridge-to-previous,6,4,4,"{""prior_strength"": 0.1, ""regression_window"": 200}",5000,0.5885220125786164,0.5047169811320755,0.5065084810367829,3.509433962264151,0.826183695265219,0.5309780244669396
KGLS ridge-to-previous,7,4,4,"{""prior_strength"": 0.1, ""regression_window"": 200}",5000,0.5781072177298592,0.5801886792452831,0.5565686933611462,3.509433962264151,0.8715573319524904,0.6029582498433322
KGLS ridge-to-previous,8,4,4,"{""prior_strength"": 0.1, ""regression_window"": 200}",5000,0.4852201257861636,0.4811320754716981,0.46507391979090096,4.018867924528302,0.8439269879284119,0.495429545730371
KGLS ridge-to-previous,9,4,4,"{""prior_strength"": 0.1, ""regression_window"": 200}",5000,0.5774932614555256,0.47641509433962265,0.49310762612649395,3.69811320754717,0.855753826984692,0.5285014634045396
KGLS ridge-to-previous,10,4,4,"{""prior_strength"": 0.1, ""regression_window"": 200}",5000,0.507410095145944,0.5707547169811321,0.5193182387965961,4.056603773584905,0.8404135247095376,0.5472775773373195
KGLS ridge-to-previous,11,4,4,"{""prior_strength"": 0.1, ""regression_window"": 200}",5000,0.5675501647199761,0.5754716981132075,0.5415954066897464,3.7358490566037736,0.8830382860286741,0.5921689549582605
KGLS ridge-to-previous,12,4,4,"{""prior_strength"": 0.1, ""regression_window"": 200}",5000,0.6052560646900271,0.5471698113207547,0.5450215017245802,3.641509433962264,0.8620869607430661,0.5520706312595113
KGLS ridge-to-previous,13,4,4,"{""prior_strength"": 0.1, ""regression_window"": 200}",5000,0.49019167415393833,0.44339622641509435,0.43548725907216473,4.245283018867925,0.838783213048966,0.4972582589283519
KGLS ridge-to-previous,14,4,4,"{""prior_strength"": 0.1, ""regression_window"": 200}",5000,0.5009433962264151,0.49056603773584906,0.46745881284113655,4.283018867924528,0.847052089064371,0.47630455991848564
KGLS ridge-to-previous,15,4,4,"{""prior_strength"": 0.1, ""regression_window"": 200}",5000,0.5180143755615455,0.4716981132075472,0.4706634036822717,4.2075471698113205,0.8318958542347649,0.4454078844916281
KGLS ridge-to-previous,16,4,4,"{""prior_strength"": 0.1, ""regression_window"": 200}",5000,0.47082958969751426,0.49056603773584906,0.4583220762466046,4.113207547169812,0.8263374219230396,0.44829716392415264
KGLS ridge-to-previous,17,4,4,"{""prior_strength"": 0.1, ""regression_window"": 200}",5000,0.5834681042228211,0.5518867924528302,0.5451564159111328,3.490566037735849,0.8674410984174246,0.542916725102842
KGLS ridge-to-previous,18,4,4,"{""prior_strength"": 0.1, ""regression_window"": 200}",5000,0.5619272237196766,0.5094339622641509,0.4990443518745406,3.641509433962264,0.8445702126282404,0.5816464825947171
KGLS ridge-to-previous,19,4,4,"{""prior_strength"": 0.1, ""regression_window"": 200}",5000,0.5244609164420484,0.5754716981132075,0.5293282189508606,3.943396226415094,0.8750182044726367,0.5594842764946882
KGLS ridge-to-previous,0,4,4,"{""prior_strength"": 1.0, ""regression_window"": 200}",5000,0.5387262108960224,0.5424528301886793,0.5146232174534063,4.132075471698113,0.8599550147253956,0.5015695093086429
KGLS ridge-to-previous,1,4,4,"{""prior_strength"": 1.0, ""regression_window"": 200}",5000,0.6002358490566039,0.6273584905660378,0.5843882532561778,3.509433962264151,0.8767476293731189,0.6251527877245593
KGLS ridge-to-previous,2,4,4,"{""prior_strength"": 1.0, ""regression_window"": 200}",5000,0.49074573225516616,0.41037735849056606,0.424305045059762,4.113207547169812,0.8323287161396808,0.434093870330351
KGLS ridge-to-previous,3,4,4,"{""prior_strength"": 1.0, ""regression_window"": 200}",5000,0.504627133872417,0.5660377358490566,0.5164502164502165,4.0,0.8501812356386939,0.516378066641362
KGLS ridge-to-previous,4,4,4,"{""prior_strength"": 1.0, ""regression_window"": 200}",5000,0.5994159928122192,0.5990566037735849,0.5802138637044298,3.452830188679245,0.8823566296643904,0.6060300746523017
KGLS ridge-to-previous,5,4,4,"{""prior_strength"": 1.0, ""regression_window"": 200}",5000,0.5937106918238995,0.5424528301886793,0.5409853249475891,3.5283018867924527,0.8609481698436843,0.5869102526343004
KGLS ridge-to-previous,6,4,4,"{""prior_strength"": 1.0, ""regression_window"": 200}",5000,0.5885220125786164,0.5047169811320755,0.5065084810367829,3.509433962264151,0.8262180814913104,0.5312336390524558
KGLS ridge-to-previous,7,4,4,"{""prior_strength"": 1.0, ""regression_window"": 200}",5000,0.5781072177298592,0.5801886792452831,0.5565686933611462,3.509433962264151,0.8716766723842195,0.602917122595436
KGLS ridge-to-previous,8,4,4,"{""prior_strength"": 1.0, ""regression_window"": 200}",5000,0.4852201257861636,0.4811320754716981,0.46507391979090096,4.018867924528302,0.8441879187028707,0.4954940637497769
KGLS ridge-to-previous,9,4,4,"{""prior_strength"": 1.0, ""regression_window"": 200}",5000,0.5963611859838275,0.4811320754716981,0.5006547959378148,3.6792452830188678,0.8558933946082398,0.5288167914412604
KGLS ridge-to-previous,10,4,4,"{""prior_strength"": 1.0, ""regression_window"": 200}",5000,0.507410095145944,0.5707547169811321,0.5193182387965961,4.056603773584905,0.8406683873264507,0.5475282813012136
KGLS ridge-to-previous,11,4,4,"{""prior_strength"": 1.0, ""regression_window"": 200}",5000,0.5688978736148548,0.5754716981132075,0.542624566209472,3.7169811320754715,0.8831171720767662,0.5924734491692057
KGLS ridge-to-previous,12,4,4,"{""prior_strength"": 1.0, ""regression_window"": 200}",5000,0.6084007187780772,0.5471698113207547,0.5463692106194589,3.6226415094339623,0.8621779831062494,0.5523738067950957
KGLS ridge-to-previous,13,4,4,"{""prior_strength"": 1.0, ""regression_window"": 200}",5000,0.4916891284815813,0.44339622641509435,0.43679789811865277,4.2075471698113205,0.8388701899737856,0.4978240813541646
KGLS ridge-to-previous,14,4,4,"{""prior_strength"": 1.0, ""regression_window"": 200}",5000,0.5009433962264151,0.49056603773584906,0.46745881284113655,4.283018867924528,0.8471936794071006,0.47661659050181454
KGLS ridge-to-previous,15,4,4,"{""prior_strength"": 1.0, ""regression_window"": 200}",5000,0.5180143755615455,0.4716981132075472,0.4706634036822717,4.2075471698113205,0.83198889931713,0.44589927315937083
KGLS ridge-to-previous,16,4,4,"{""prior_strength"": 1.0, ""regression_window"": 200}",5000,0.47082958969751426,0.49056603773584906,0.4583220762466046,4.113207547169812,0.8263960807793133,0.44874583758859615
KGLS ridge-to-previous,17,4,4,"{""prior_strength"": 1.0, ""regression_window"": 200}",5000,0.5862982929020665,0.5518867924528302,0.546728742955158,3.4716981132075473,0.8676615748082462,0.5435498402134853
KGLS ridge-to-previous,18,4,4,"{""prior_strength"": 1.0, ""regression_window"": 200}",5000,0.5647574123989219,0.5094339622641509,0.5006166789185658,3.6226415094339623,0.8447259620052429,0.5818962989190928
KGLS ridge-to-previous,19,4,4,"{""prior_strength"": 1.0, ""regression_window"": 200}",5000,0.5285489667565139,0.5801886792452831,0.5336259128711959,3.8867924528301887,0.8751173177125473,0.5597181537903044
RLS forgetting,0,4,4,"{""forgetting_factor"": 0.97, ""initial_covariance"": 100.0}",5000,0.1553462218827996,0.5047169811320755,0.23577937231100382,12.962264150943396,0.6609619243341208,0.22153593209080444
RLS forgetting,1,4,4,"{""forgetting_factor"": 0.97, ""initial_covariance"": 100.0}",5000,0.1753371743463162,0.5660377358490566,0.2629937964665207,12.830188679245284,0.7142666429334282,0.22201279443324268
RLS forgetting,2,4,4,"{""forgetting_factor"": 0.97, ""initial_covariance"": 100.0}",5000,0.13658648972189483,0.4528301886792453,0.20874661584691376,13.18867924528302,0.639197465937409,0.18877008389036606
RLS forgetting,3,4,4,"{""forgetting_factor"": 0.97, ""initial_covariance"": 100.0}",5000,0.1808531679975689,0.5660377358490566,0.27081626095612593,12.132075471698114,0.712565536101492,0.2366192504524966
RLS forgetting,4,4,4,"{""forgetting_factor"": 0.97, ""initial_covariance"": 100.0}",5000,0.17445273156982372,0.5330188679245284,0.2594026241362534,12.226415094339623,0.6935256804427328,0.22499326069424624
RLS forgetting,5,4,4,"{""forgetting_factor"": 0.97, ""initial_covariance"": 100.0}",5000,0.15736336360642686,0.5141509433962265,0.23858734469313359,12.566037735849056,0.6824533156412829,0.23808265090846428
RLS forgetting,6,4,4,"{""forgetting_factor"": 0.97, ""initial_covariance"": 100.0}",5000,0.1610766992287525,0.49528301886792453,0.23997743531594806,12.622641509433961,0.669081119130069,0.21383266124437986
RLS forgetting,7,4,4,"{""forgetting_factor"": 0.97, ""initial_covariance"": 100.0}",5000,0.1871379637750337,0.5707547169811321,0.2795405812781243,11.79245283018868,0.7098631832745397,0.2459414228615076
RLS forgetting,8,4,4,"{""forgetting_factor"": 0.97, ""initial_covariance"": 100.0}",5000,0.15433572154101974,0.4811320754716981,0.23146034499291876,12.264150943396226,0.6636723680378006,0.20175475828400977
RLS forgetting,9,4,4,"{""forgetting_factor"": 0.97, ""initial_covariance"": 100.0}",5000,0.1654029377947247,0.4858490566037736,0.24300889892279576,12.415094339622641,0.6853417586329654,0.20951202288307527
RLS forgetting,10,4,4,"{""forgetting_factor"": 0.97, ""initial_covariance"": 100.0}",5000,0.14533899306812445,0.5235849056603774,0.2257451963204788,14.09433962264151,0.6783492184213081,0.18563851705402631
RLS forgetting,11,4,4,"{""forgetting_factor"": 0.97, ""initial_covariance"": 100.0}",5000,0.1874691346389459,0.6037735849056604,0.28077424593955935,11.962264150943396,0.7090824136703453,0.26716356044414896
RLS forgetting,12,4,4,"{""forgetting_factor"": 0.97, ""initial_covariance"": 100.0}",5000,0.150467230965349,0.45754716981132076,0.2225033080602915,12.660377358490566,0.6370331564128289,0.22940657586401983
RLS forgetting,13,4,4,"{""forgetting_factor"": 0.97, ""initial_covariance"": 100.0}",5000,0.16354271884238586,0.5047169811320755,0.24402406759144885,12.20754716981132,0.6585730929803554,0.18470125510969493
RLS forgetting,14,4,4,"{""forgetting_factor"": 0.97, ""initial_covariance"": 100.0}",5000,0.16085624504267532,0.49528301886792453,0.23934113809043012,12.433962264150944,0.6822490210039159,0.19795743675699354
RLS forgetting,15,4,4,"{""forgetting_factor"": 0.97, ""initial_covariance"": 100.0}",5000,0.16394703953483666,0.5047169811320755,0.24503860269847463,12.30188679245283,0.679623531505874,0.20390333952246548
RLS forgetting,16,4,4,"{""forgetting_factor"": 0.97, ""initial_covariance"": 100.0}",5000,0.1612113253622688,0.5094339622641509,0.24335991438771978,12.377358490566039,0.6522359137836176,0.20452471077747708
RLS forgetting,17,4,4,"{""forgetting_factor"": 0.97, ""initial_covariance"": 100.0}",5000,0.17557640133944238,0.5283018867924528,0.26018084715292494,12.018867924528301,0.7086212336968833,0.2122814937115752
RLS forgetting,18,4,4,"{""forgetting_factor"": 0.97, ""initial_covariance"": 100.0}",5000,0.1803798393939465,0.5660377358490566,0.2702586709966636,12.037735849056604,0.6876557493770025,0.2787972115310439
RLS forgetting,19,4,4,"{""forgetting_factor"": 0.97, ""initial_covariance"": 100.0}",5000,0.18258692996484338,0.5377358490566038,0.269054636389177,11.641509433962264,0.7035280267969837,0.2620247494010063
RLS forgetting,0,4,4,"{""forgetting_factor"": 0.99, ""initial_covariance"": 100.0}",5000,0.5122791254866726,0.5283018867924528,0.4970846763299594,4.169811320754717,0.8567712547331628,0.5173980853437781
RLS forgetting,1,4,4,"{""forgetting_factor"": 0.99, ""initial_covariance"": 100.0}",5000,0.65281291036008,0.6273584905660378,0.6167077465634625,3.1320754716981134,0.8910229699990291,0.6080865695089064
RLS forgetting,2,4,4,"{""forgetting_factor"": 0.99, ""initial_covariance"": 100.0}",5000,0.5172955974842767,0.4009433962264151,0.42786217974897217,3.8867924528301887,0.8307732450888379,0.4513646490953245
RLS forgetting,3,4,4,"{""forgetting_factor"": 0.99, ""initial_covariance"": 100.0}",5000,0.5436507936507937,0.5707547169811321,0.5387272057083378,3.641509433962264,0.8684120036247128,0.5558587116521476
RLS forgetting,4,4,4,"{""forgetting_factor"": 0.99, ""initial_covariance"": 100.0}",5000,0.6482704402515723,0.5990566037735849,0.5970879170481952,3.2830188679245285,0.8674249166639697,0.5869704446416042
RLS forgetting,5,4,4,"{""forgetting_factor"": 0.99, ""initial_covariance"": 100.0}",5000,0.6295597484276729,0.5660377358490566,0.5664446664446664,3.207547169811321,0.8644211786789217,0.5827983277660985
RLS forgetting,6,4,4,"{""forgetting_factor"": 0.99, ""initial_covariance"": 100.0}",5000,0.6043126684636118,0.5,0.5298483487162734,3.3773584905660377,0.8355043852551862,0.5412992126058421
RLS forgetting,7,4,4,"{""forgetting_factor"": 0.99, ""initial_covariance"": 100.0}",5000,0.5860811620245583,0.5566037735849056,0.543083436479663,3.6037735849056602,0.875202271918185,0.5903819925495972
RLS forgetting,8,4,4,"{""forgetting_factor"": 0.99, ""initial_covariance"": 100.0}",5000,0.5621743036837377,0.49056603773584906,0.5012619456015683,3.69811320754717,0.8489534450953106,0.49784465610536227
RLS forgetting,9,4,4,"{""forgetting_factor"": 0.99, ""initial_covariance"": 100.0}",5000,0.6000786163522013,0.5094339622641509,0.525142258161126,3.5660377358490565,0.8560289167934237,0.5246686365067974
RLS forgetting,10,4,4,"{""forgetting_factor"": 0.99, ""initial_covariance"": 100.0}",5000,0.5612758310871517,0.5801886792452831,0.5463611859838275,3.7735849056603774,0.8653597203793003,0.533911116277238
RLS forgetting,11,4,4,"{""forgetting_factor"": 0.99, ""initial_covariance"": 100.0}",5000,0.5801662174303684,0.5754716981132075,0.5520976926637304,3.490566037735849,0.8870007929059193,0.6067127388933092
RLS forgetting,12,4,4,"{""forgetting_factor"": 0.99, ""initial_covariance"": 100.0}",5000,0.5850036755697133,0.5,0.5096354379373247,3.7547169811320753,0.866826191786142,0.5516957107848747
RLS forgetting,13,4,4,"{""forgetting_factor"": 0.99, ""initial_covariance"": 100.0}",5000,0.5162398921832885,0.4716981132075472,0.45657110185412075,4.056603773584905,0.8538929253373896,0.4819257559495643
RLS forgetting,14,4,4,"{""forgetting_factor"": 0.99, ""initial_covariance"": 100.0}",5000,0.573393980233603,0.5235849056603774,0.5242465082087724,3.660377358490566,0.8406522055729959,0.47935796421722093
RLS forgetting,15,4,4,"{""forgetting_factor"": 0.99, ""initial_covariance"": 100.0}",5000,0.5441599281221922,0.47641509433962265,0.48468376487244413,3.9056603773584904,0.8476771092915628,0.4761387577013722
RLS forgetting,16,4,4,"{""forgetting_factor"": 0.99, ""initial_covariance"": 100.0}",5000,0.5018867924528302,0.4669811320754717,0.4652440850554059,3.8867924528301887,0.8334978478267905,0.46890632246256114
RLS forgetting,17,4,4,"{""forgetting_factor"": 0.99, ""initial_covariance"": 100.0}",5000,0.59958071278826,0.5377358490566038,0.5430345336005714,3.5283018867924527,0.8707199262112042,0.5558500588240745
RLS forgetting,18,4,4,"{""forgetting_factor"": 0.99, ""initial_covariance"": 100.0}",5000,0.5491165019466907,0.5377358490566038,0.5241806411617732,3.452830188679245,0.850773892358976,0.593261099124758
RLS forgetting,19,4,4,"{""forgetting_factor"": 0.99, ""initial_covariance"": 100.0}",5000,0.5687331536388139,0.6179245283018868,0.5738898418143701,3.6037735849056602,0.8855646622868054,0.5921373859665492
Global-rate EMA,0,4,4,"{""rate"": 0.05, ""regression_window"": 200, ""ridge_alpha"": 1.0}",5000,0.9070979335130278,0.5141509433962265,0.6272400555419423,2.30188679245283,0.9404349655328651,0.7138213626017612
Global-rate EMA,1,4,4,"{""rate"": 0.05, ""regression_window"": 200, ""ridge_alpha"": 1.0}",5000,0.9025157232704402,0.5990566037735849,0.7007861635220125,2.0,0.9430847276610893,0.7649953213962382
Global-rate EMA,2,4,4,"{""rate"": 0.05, ""regression_window"": 200, ""ridge_alpha"": 1.0}",5000,0.6996855345911949,0.3160377358490566,0.4146900269541779,3.1320754716981134,0.9337923557396679,0.66534245378974
Global-rate EMA,3,4,4,"{""rate"": 0.05, ""regression_window"": 200, ""ridge_alpha"": 1.0}",5000,0.8545597484276729,0.5377358490566038,0.6353998203054806,2.2830188679245285,0.934225217644584,0.6943452996308805
Global-rate EMA,4,4,4,"{""rate"": 0.05, ""regression_window"": 200, ""ridge_alpha"": 1.0}",5000,0.8790356394129979,0.5707547169811321,0.6711039815309923,2.358490566037736,0.9326232240525584,0.6750226403286568
Global-rate EMA,5,4,4,"{""rate"": 0.05, ""regression_window"": 200, ""ridge_alpha"": 1.0}",5000,0.8704402515723271,0.4858490566037736,0.5979934112009584,2.4150943396226414,0.9471948930386097,0.7395084766170126
Global-rate EMA,6,4,4,"{""rate"": 0.05, ""regression_window"": 200, ""ridge_alpha"": 1.0}",5000,0.8643605870020964,0.419811320754717,0.539519181028615,2.7735849056603774,0.9206831127220946,0.6469629533400876
Global-rate EMA,7,4,4,"{""rate"": 0.05, ""regression_window"": 200, ""ridge_alpha"": 1.0}",5000,0.8510863350485991,0.5849056603773585,0.6726415094339623,2.056603773584906,0.9322874526683711,0.7458160014846917
Global-rate EMA,8,4,4,"{""rate"": 0.05, ""regression_window"": 200, ""ridge_alpha"": 1.0}",5000,0.7685248713550601,0.41509433962264153,0.4973794549266247,2.9622641509433962,0.9197445710217159,0.6141464830186764
Global-rate EMA,9,4,4,"{""rate"": 0.05, ""regression_window"": 200, ""ridge_alpha"": 1.0}",5000,0.9031895777178797,0.5094339622641509,0.6194396798170383,2.339622641509434,0.9315167966600861,0.7459537054842464
Global-rate EMA,10,4,4,"{""rate"": 0.05, ""regression_window"": 200, ""ridge_alpha"": 1.0}",5000,0.8551362683438155,0.5943396226415094,0.6741792798396569,2.1132075471698113,0.9419398686041619,0.7634354922641855
Global-rate EMA,11,4,4,"{""rate"": 0.05, ""regression_window"": 200, ""ridge_alpha"": 1.0}",5000,0.9091194968553459,0.6179245283018868,0.7108265947888587,1.9245283018867925,0.9406048739441406,0.7562246675965751
Global-rate EMA,12,4,4,"{""rate"": 0.05, ""regression_window"": 200, ""ridge_alpha"": 1.0}",5000,0.9052111410601976,0.5235849056603774,0.630922431865828,2.3773584905660377,0.9343000582543124,0.733109317442956
Global-rate EMA,13,4,4,"{""rate"": 0.05, ""regression_window"": 200, ""ridge_alpha"": 1.0}",5000,0.7707261292166951,0.41509433962264153,0.5082659478885894,2.660377358490566,0.9269798375351953,0.7200738154607971
Global-rate EMA,14,4,4,"{""rate"": 0.05, ""regression_window"": 200, ""ridge_alpha"": 1.0}",5000,0.9088050314465408,0.47641509433962265,0.6059299191374663,2.547169811320755,0.9293221463477782,0.6847886971674272
Global-rate EMA,15,4,4,"{""rate"": 0.05, ""regression_window"": 200, ""ridge_alpha"": 1.0}",5000,0.8720713249015135,0.4386792452830189,0.5634220755197449,2.6792452830188678,0.9124304184601444,0.6556185587902079
Global-rate EMA,16,4,4,"{""rate"": 0.05, ""regression_window"": 200, ""ridge_alpha"": 1.0}",5000,0.7306828391734052,0.38207547169811323,0.47353385608102583,2.8679245283018866,0.9384223599469238,0.6750158332771884
Global-rate EMA,17,4,4,"{""rate"": 0.05, ""regression_window"": 200, ""ridge_alpha"": 1.0}",5000,0.9025157232704402,0.4716981132075472,0.590633423180593,2.3962264150943398,0.9291562833748666,0.7367298632631071
Global-rate EMA,18,4,4,"{""rate"": 0.05, ""regression_window"": 200, ""ridge_alpha"": 1.0}",5000,0.8103773584905661,0.5047169811320755,0.59240790655885,2.2641509433962264,0.9105917667238422,0.753240600416366
Global-rate EMA,19,4,4,"{""rate"": 0.05, ""regression_window"": 200, ""ridge_alpha"": 1.0}",5000,0.9123785020011435,0.6273584905660378,0.7119946091644203,1.8113207547169812,0.9498507233243795,0.8007620016439817
Global-rate EMA,0,4,4,"{""rate"": 0.25, ""regression_window"": 200, ""ridge_alpha"": 1.0}",5000,0.5751960303847097,0.49056603773584906,0.5070570938495467,3.6037735849056602,0.8883074694973947,0.5626787154930074
Global-rate EMA,1,4,4,"{""rate"": 0.25, ""regression_window"": 200, ""ridge_alpha"": 1.0}",5000,0.7163522012578616,0.6320754716981132,0.6389079473985134,2.6792452830188678,0.9037044079096411,0.6857679338820292
Global-rate EMA,2,4,4,"{""rate"": 0.25, ""regression_window"": 200, ""ridge_alpha"": 1.0}",5000,0.555503144654088,0.41037735849056606,0.45116801437556153,3.509433962264151,0.8550923978122269,0.5138490501025715
Global-rate EMA,3,4,4,"{""rate"": 0.25, ""regression_window"": 200, ""ridge_alpha"": 1.0}",5000,0.6304745568896513,0.5424528301886793,0.552470799640611,3.3773584905660377,0.8710941292598466,0.5808660168586327
Global-rate EMA,4,4,4,"{""rate"": 0.25, ""regression_window"": 200, ""ridge_alpha"": 1.0}",5000,0.7111859838274933,0.5613207547169812,0.6010332434860737,3.056603773584906,0.8963841871905239,0.6319706058731128
Global-rate EMA,5,4,4,"{""rate"": 0.25, ""regression_window"": 200, ""ridge_alpha"": 1.0}",5000,0.7194968553459121,0.5660377358490566,0.6087451332734352,2.7358490566037736,0.8840860545648727,0.6468197766486748
Global-rate EMA,6,4,4,"{""rate"": 0.25, ""regression_window"": 200, ""ridge_alpha"": 1.0}",5000,0.6656334231805929,0.49056603773584906,0.5354937515314874,3.0754716981132075,0.8513139583805301,0.5784710453549947
Global-rate EMA,7,4,4,"{""rate"": 0.25, ""regression_window"": 200, ""ridge_alpha"": 1.0}",5000,0.6626235399820306,0.5801886792452831,0.5954504614881974,2.9245283018867925,0.899226107641024,0.6603042106689103
Global-rate EMA,8,4,4,"{""rate"": 0.25, ""regression_window"": 200, ""ridge_alpha"": 1.0}",5000,0.6135945815191098,0.4669811320754717,0.501474552084985,3.4339622641509435,0.8766040163112074,0.5588272985364089
Global-rate EMA,9,4,4,"{""rate"": 0.25, ""regression_window"": 200, ""ridge_alpha"": 1.0}",5000,0.694743935309973,0.4858490566037736,0.538198017914999,3.1132075471698113,0.8894705330269588,0.6052000842067795
Global-rate EMA,10,4,4,"{""rate"": 0.25, ""regression_window"": 200, ""ridge_alpha"": 1.0}",5000,0.6420485175202157,0.5849056603773585,0.583141243617907,3.2264150943396226,0.8761266545842907,0.5915243011270874
Global-rate EMA,11,4,4,"{""rate"": 0.25, ""regression_window"": 200, ""ridge_alpha"": 1.0}",5000,0.7037449971412234,0.6037735849056604,0.6137262108960223,2.811320754716981,0.9083162076442604,0.6645238760943467
Global-rate EMA,12,4,4,"{""rate"": 0.25, ""regression_window"": 200, ""ridge_alpha"": 1.0}",5000,0.7396411394746577,0.5754716981132075,0.6161874812818209,2.849056603773585,0.8874134276190168,0.5997363966228934
Global-rate EMA,13,4,4,"{""rate"": 0.25, ""regression_window"": 200, ""ridge_alpha"": 1.0}",5000,0.5641958670260557,0.4481132075471698,0.4741416864058374,3.4339622641509435,0.866662351532412,0.5538235885122323
Global-rate EMA,14,4,4,"{""rate"": 0.25, ""regression_window"": 200, ""ridge_alpha"": 1.0}",5000,0.6351302785265049,0.4811320754716981,0.5199651501538295,3.452830188679245,0.8790454383637011,0.5361339527213543
Global-rate EMA,15,4,4,"{""rate"": 0.25, ""regression_window"": 200, ""ridge_alpha"": 1.0}",5000,0.5761006289308176,0.46226415094339623,0.49059054153393766,3.547169811320755,0.8569816175280753,0.5166402640161574
Global-rate EMA,16,4,4,"{""rate"": 0.25, ""regression_window"": 200, ""ridge_alpha"": 1.0}",5000,0.5584905660377358,0.4481132075471698,0.4718667738528711,3.6037735849056602,0.8653961293245737,0.48629171514601466
Global-rate EMA,17,4,4,"{""rate"": 0.25, ""regression_window"": 200, ""ridge_alpha"": 1.0}",5000,0.7090766152086906,0.5047169811320755,0.5554956573824499,3.169811320754717,0.8915478656267193,0.6144192752471413
Global-rate EMA,18,4,4,"{""rate"": 0.25, ""regression_window"": 200, ""ridge_alpha"": 1.0}",5000,0.7075321952680442,0.5330188679245284,0.5720456692154806,2.830188679245283,0.8613769863102366,0.6114501080135517
Global-rate EMA,19,4,4,"{""rate"": 0.25, ""regression_window"": 200, ""ridge_alpha"": 1.0}",5000,0.6209793351302785,0.5943396226415094,0.5853290315554467,3.169811320754717,0.9055471050843069,0.6080880945237208
KGLS ridge-to-previous,0,10,1,"{""prior_strength"": 0.1, ""regression_window"": 200}",5000,0.6647976237598878,0.5660377358490566,0.596672187623762,7.320754716981132,0.8779436632253471,0.6495180117248345
KGLS ridge-to-previous,1,10,1,"{""prior_strength"": 0.1, ""regression_window"": 200}",5000,0.6469160294631993,0.48679245283018857,0.5476710371501818,7.811320754716981,0.8560150409398363,0.5981437742294711
KGLS ridge-to-previous,2,10,1,"{""prior_strength"": 0.1, ""regression_window"": 200}",5000,0.6841664624683493,0.5528301886792453,0.6014972821766443,6.981132075471698,0.888875044499822,0.6665348945729427
KGLS ridge-to-previous,3,10,1,"{""prior_strength"": 0.1, ""regression_window"": 200}",5000,0.6865476242834735,0.539622641509434,0.5887855801230973,7.226415094339623,0.8698082057671769,0.6455074570509194
KGLS ridge-to-previous,4,10,1,"{""prior_strength"": 0.1, ""regression_window"": 200}",5000,0.6464390030982704,0.5169811320754717,0.5624140517184859,7.886792452830188,0.86437166251335,0.5968836888733962
KGLS ridge-to-previous,5,10,1,"{""prior_strength"": 0.1, ""regression_window"": 200}",5000,0.6443666920082014,0.5245283018867924,0.5633406278136136,7.716981132075472,0.8740152189391243,0.6119796416040822
KGLS ridge-to-previous,6,10,1,"{""prior_strength"": 0.1, ""regression_window"": 200}",5000,0.6253933697329924,0.5113207547169812,0.5493374255659741,8.075471698113208,0.8619508721965112,0.6107090400004092
KGLS ridge-to-previous,7,10,1,"{""prior_strength"": 0.1, ""regression_window"": 200}",5000,0.6005773052942864,0.49245283018867925,0.5316111766557751,8.358490566037736,0.8598518155927376,0.6115507523616064
KGLS ridge-to-previous,8,10,1,"{""prior_strength"": 0.1, ""regression_window"": 200}",5000,0.6419467325127701,0.5566037735849056,0.5864326138351059,7.566037735849057,0.8669526521893912,0.6483860616597431
KGLS ridge-to-previous,9,10,1,"{""prior_strength"": 0.1, ""regression_window"": 200}",5000,0.6338759772722037,0.5377358490566039,0.5704468082376433,7.830188679245283,0.8763903969384123,0.6262296184010556
KGLS ridge-to-previous,10,10,1,"{""prior_strength"": 0.1, ""regression_window"": 200}",5000,0.6505594719745662,0.5603773584905661,0.588455306420598,7.584905660377358,0.8706452474190103,0.6333375201870018
KGLS ridge-to-previous,11,10,1,"{""prior_strength"": 0.1, ""regression_window"": 200}",5000,0.6130758654343561,0.5207547169811322,0.5543643379585264,8.226415094339623,0.8637424350302598,0.5965620656965038
KGLS ridge-to-previous,12,10,1,"{""prior_strength"": 0.1, ""regression_window"": 200}",5000,0.6797843665768193,0.5169811320754718,0.5744387465705885,7.320754716981132,0.8726112495550018,0.6429038050961733
KGLS ridge-to-previous,13,10,1,"{""prior_strength"": 0.1, ""regression_window"": 200}",5000,0.6513146706542933,0.5226415094339624,0.5659435764779499,7.716981132075472,0.8528052687789249,0.6142259016808026
KGLS ridge-to-previous,14,10,1,"{""prior_strength"": 0.1, ""regression_window"": 200}",5000,0.63003108003108,0.5075471698113208,0.5508540114754416,7.867924528301887,0.8642544054823781,0.6087594604541904
KGLS ridge-to-previous,15,10,1,"{""prior_strength"": 0.1, ""regression_window"": 200}",5000,0.6248986998781912,0.5660377358490566,0.5810149286622796,7.735849056603773,0.8658606265574937,0.6281390624056785
KGLS ridge-to-previous,16,10,1,"{""prior_strength"": 0.1, ""regression_window"": 200}",5000,0.6812546468206846,0.590566037735849,0.6203373147093575,7.0754716981132075,0.8844464222143111,0.6525868711800423
KGLS ridge-to-previous,17,10,1,"{""prior_strength"": 0.1, ""regression_window"": 200}",5000,0.6138725530234965,0.5,0.5375744810774412,8.245283018867925,0.8675938946244215,0.594285305698506
KGLS ridge-to-previous,18,10,1,"{""prior_strength"": 0.1, ""regression_window"": 200}",5000,0.6228974379917777,0.4867924528301886,0.5381799161240133,7.9245283018867925,0.8612588999644002,0.586907062912743
KGLS ridge-to-previous,19,10,1,"{""prior_strength"": 0.1, ""regression_window"": 200}",5000,0.5860684912571704,0.48867924528301876,0.5207321935115488,8.60377358490566,0.8498713955144179,0.5649267344017745
KGLS ridge-to-previous,0,10,1,"{""prior_strength"": 1.0, ""regression_window"": 200}",5000,0.6661078962965756,0.5660377358490566,0.5972238813234199,7.30188679245283,0.8779837130651478,0.6496150412710631
KGLS ridge-to-previous,1,10,1,"{""prior_strength"": 1.0, ""regression_window"": 200}",5000,0.6497462181424446,0.48679245283018857,0.5482101207081334,7.7924528301886795,0.8561027055891777,0.5983500610310992
KGLS ridge-to-previous,2,10,1,"{""prior_strength"": 1.0, ""regression_window"": 200}",5000,0.6837172261700564,0.5528301886792453,0.6011828167678392,7.0,0.8889469117123532,0.6667025087957854
KGLS ridge-to-previous,3,10,1,"{""prior_strength"": 1.0, ""regression_window"": 200}",5000,0.6847506790903017,0.5377358490566038,0.5871272537670666,7.264150943396227,0.8698531505873976,0.6457542261645278
KGLS ridge-to-previous,4,10,1,"{""prior_strength"": 1.0, ""regression_window"": 200}",5000,0.6463246520405233,0.5188679245283019,0.5635820660940474,7.867924528301887,0.8645118369526522,0.5971050391406585
KGLS ridge-to-previous,5,10,1,"{""prior_strength"": 1.0, ""regression_window"": 200}",5000,0.6443666920082014,0.5245283018867924,0.5633406278136136,7.716981132075472,0.8741108935564258,0.6122463440683003
KGLS ridge-to-previous,6,10,1,"{""prior_strength"": 1.0, ""regression_window"": 200}",5000,0.6253933697329924,0.5113207547169812,0.5493374255659741,8.075471698113208,0.8620389818440726,0.6109843902413393
KGLS ridge-to-previous,7,10,1,"{""prior_strength"": 1.0, ""regression_window"": 200}",5000,0.6034224685168081,0.4962264150943396,0.5350430359933531,8.320754716981131,0.8599207903168388,0.6117744728327403
KGLS ridge-to-previous,8,10,1,"{""prior_strength"": 1.0, ""regression_window"": 200}",5000,0.643781114064133,0.5566037735849056,0.5872049850146269,7.547169811320755,0.8671030615877536,0.6486347453097273
KGLS ridge-to-previous,9,10,1,"{""prior_strength"": 1.0, ""regression_window"": 200}",5000,0.6338759772722037,0.5377358490566039,0.5704468082376433,7.830188679245283,0.8764969740121039,0.6264112674708878
KGLS ridge-to-previous,10,10,1,"{""prior_strength"": 1.0, ""regression_window"": 200}",5000,0.6505594719745662,0.5603773584905661,0.588455306420598,7.584905660377358,0.8706893022427911,0.6334294608112601
KGLS ridge-to-previous,11,10,1,"{""prior_strength"": 1.0, ""regression_window"": 200}",5000,0.6130758654343561,0.5207547169811322,0.5543643379585264,8.226415094339623,0.863813189747241,0.5968273182412577
KGLS ridge-to-previous,12,10,1,"{""prior_strength"": 1.0, ""regression_window"": 200}",5000,0.6829290206648696,0.5169811320754718,0.575224910092601,7.30188679245283,0.872686899252403,0.6429814473477227
KGLS ridge-to-previous,13,10,1,"{""prior_strength"": 1.0, ""regression_window"": 200}",5000,0.6513146706542933,0.5226415094339624,0.5659435764779499,7.716981132075472,0.8529251957992168,0.6144625479635538
KGLS ridge-to-previous,14,10,1,"{""prior_strength"": 1.0, ""regression_window"": 200}",5000,0.629506971016405,0.5075471698113208,0.5506885033655441,7.867924528301887,0.8643503025987896,0.609009985587522
KGLS ridge-to-previous,15,10,1,"{""prior_strength"": 1.0, ""regression_window"": 200}",5000,0.6248986998781912,0.5660377358490566,0.5810149286622796,7.735849056603773,0.8659705411178356,0.6282613158256096
KGLS ridge-to-previous,16,10,1,"{""prior_strength"": 1.0, ""regression_window"": 200}",5000,0.680468483298672,0.5886792452830188,0.6189029110902468,7.09433962264151,0.8845505517977929,0.6527946601760682
KGLS ridge-to-previous,17,10,1,"{""prior_strength"": 1.0, ""regression_window"": 200}",5000,0.6158451087696372,0.49811320754716987,0.5367658557405139,8.245283018867925,0.8677091491634034,0.5945800842256026
KGLS ridge-to-previous,18,10,1,"{""prior_strength"": 1.0, ""regression_window"": 200}",5000,0.6228974379917777,0.4867924528301886,0.5381799161240133,7.9245283018867925,0.8613492346030616,0.5870999715181885
KGLS ridge-to-previous,19,10,1,"{""prior_strength"": 1.0, ""regression_window"": 200}",5000,0.5860684912571704,0.48867924528301876,0.5207321935115488,8.60377358490566,0.8499804200783196,0.5649054052137942
RLS forgetting,0,10,1,"{""forgetting_factor"": 0.97, ""initial_covariance"": 100.0}",5000,0.229832036542805,0.5339622641509434,0.31983184770665124,22.358490566037737,0.7022445710217159,0.2934678793752653
RLS forgetting,1,10,1,"{""forgetting_factor"": 0.97, ""initial_covariance"": 100.0}",5000,0.21676151338883531,0.49433962264150944,0.29930272080910836,22.9811320754717,0.6661338554645782,0.28327327044512
RLS forgetting,2,10,1,"{""forgetting_factor"": 0.97, ""initial_covariance"": 100.0}",5000,0.23438641130555157,0.5377358490566038,0.32406846722317995,22.11320754716981,0.694810430758277,0.2832626352374111
RLS forgetting,3,10,1,"{""forgetting_factor"": 0.97, ""initial_covariance"": 100.0}",5000,0.22239482838567123,0.5320754716981133,0.3118286210477801,23.0,0.6934781060875757,0.29391055414946504
RLS forgetting,4,10,1,"{""forgetting_factor"": 0.97, ""initial_covariance"": 100.0}",5000,0.19897519240541345,0.45660377358490567,0.27525688818121796,23.471698113207548,0.6738341046635813,0.2521263750450169
RLS forgetting,5,10,1,"{""forgetting_factor"": 0.97, ""initial_covariance"": 100.0}",5000,0.21281317352123966,0.5113207547169811,0.29867334731785344,23.41509433962264,0.6964800640797437,0.2675413403401403
RLS forgetting,6,10,1,"{""forgetting_factor"": 0.97, ""initial_covariance"": 100.0}",5000,0.23184669185426338,0.5566037735849056,0.3245189415032611,22.69811320754717,0.7118827874688501,0.274901325757522
RLS forgetting,7,10,1,"{""forgetting_factor"": 0.97, ""initial_covariance"": 100.0}",5000,0.20779221353752397,0.4867924528301886,0.28938299184121663,23.547169811320753,0.676066215735137,0.2633497113962429
RLS forgetting,8,10,1,"{""forgetting_factor"": 0.97, ""initial_covariance"": 100.0}",5000,0.20915822209331703,0.518867924528302,0.2962823954553034,24.132075471698112,0.6935470808116767,0.26245376707963125
RLS forgetting,9,10,1,"{""forgetting_factor"": 0.97, ""initial_covariance"": 100.0}",5000,0.22297124084096412,0.5245283018867924,0.3113849497652238,22.735849056603772,0.6837958348166607,0.2820912512197608
RLS forgetting,10,10,1,"{""forgetting_factor"": 0.97, ""initial_covariance"": 100.0}",5000,0.2435876854217451,0.5528301886792453,0.33522557658957597,21.62264150943396,0.7090819686721254,0.2881127964686151
RLS forgetting,11,10,1,"{""forgetting_factor"": 0.97, ""initial_covariance"": 100.0}",5000,0.21638071180057855,0.5094339622641508,0.3020997370197996,23.169811320754718,0.6789916340334639,0.2859742612053013
RLS forgetting,12,10,1,"{""forgetting_factor"": 0.97, ""initial_covariance"": 100.0}",5000,0.23367908547963379,0.5320754716981133,0.3226459245675697,21.962264150943398,0.6955731577073692,0.30236039508211765
RLS forgetting,13,10,1,"{""forgetting_factor"": 0.97, ""initial_covariance"": 100.0}",5000,0.21614429715233477,0.5207547169811321,0.30324496187033384,23.39622641509434,0.6855259878960485,0.3019374088117759
RLS forgetting,14,10,1,"{""forgetting_factor"": 0.97, ""initial_covariance"": 100.0}",5000,0.22608901574973153,0.5169811320754717,0.3121457581868217,22.169811320754718,0.6882217871128515,0.28312883043110637
RLS forgetting,15,10,1,"{""forgetting_factor"": 0.97, ""initial_covariance"": 100.0}",5000,0.22375989085636144,0.5301886792452831,0.31276209485407297,22.962264150943398,0.6940710662157351,0.29460173187916266
RLS forgetting,16,10,1,"{""forgetting_factor"": 0.97, ""initial_covariance"": 100.0}",5000,0.23018848231880756,0.5320754716981132,0.31914294435381607,22.452830188679247,0.7100373798504805,0.28376716332179736
RLS forgetting,17,10,1,"{""forgetting_factor"": 0.97, ""initial_covariance"": 100.0}",5000,0.22767374077467806,0.5283018867924527,0.3162767008581572,22.50943396226415,0.686938857244571,0.28181072785805067
RLS forgetting,18,10,1,"{""forgetting_factor"": 0.97, ""initial_covariance"": 100.0}",5000,0.2095233149121429,0.49811320754716987,0.29366361480287095,23.49056603773585,0.664253292986828,0.28023141578390154
RLS forgetting,19,10,1,"{""forgetting_factor"": 0.97, ""initial_covariance"": 100.0}",5000,0.21236491264218488,0.530188679245283,0.3017594204643914,23.90566037735849,0.6746662513349947,0.26924065610369635
RLS forgetting,0,10,1,"{""forgetting_factor"": 0.99, ""initial_covariance"": 100.0}",5000,0.6692637289335402,0.5660377358490567,0.5995417350140172,7.188679245283019,0.8781483624065504,0.6530740514052092
RLS forgetting,1,10,1,"{""forgetting_factor"": 0.99, ""initial_covariance"": 100.0}",5000,0.6265219581257317,0.4905660377358491,0.5400992392799743,8.09433962264151,0.8520750266998932,0.599235356176199
RLS forgetting,2,10,1,"{""forgetting_factor"": 0.99, ""initial_covariance"": 100.0}",5000,0.6830127419750063,0.5471698113207546,0.6003967389971245,7.0,0.890377358490566,0.654152502985894
RLS forgetting,3,10,1,"{""forgetting_factor"": 0.99, ""initial_covariance"": 100.0}",5000,0.6617410629203082,0.5396226415094341,0.5845532737670129,7.471698113207547,0.8795127269490922,0.6453307120583588
RLS forgetting,4,10,1,"{""forgetting_factor"": 0.99, ""initial_covariance"": 100.0}",5000,0.639469806922637,0.4773584905660377,0.5284836253726527,8.169811320754716,0.8653709060163759,0.5839256439851114
RLS forgetting,5,10,1,"{""forgetting_factor"": 0.99, ""initial_covariance"": 100.0}",5000,0.6471142003883402,0.5245283018867924,0.5677223654624813,7.660377358490566,0.8744166073335706,0.605152034209987
RLS forgetting,6,10,1,"{""forgetting_factor"": 0.99, ""initial_covariance"": 100.0}",5000,0.6683588424154462,0.5358490566037736,0.5824171908343196,7.3584905660377355,0.8682916518333926,0.6151618664715963
RLS forgetting,7,10,1,"{""forgetting_factor"": 0.99, ""initial_covariance"": 100.0}",5000,0.6313547825340278,0.5037735849056604,0.5496510306398379,8.075471698113208,0.8605155304378782,0.6081031984764892
RLS forgetting,8,10,1,"{""forgetting_factor"": 0.99, ""initial_covariance"": 100.0}",5000,0.6352648661610925,0.5245283018867924,0.5605290254797413,7.754716981132075,0.8676490744037024,0.630654270487826
RLS forgetting,9,10,1,"{""forgetting_factor"": 0.99, ""initial_covariance"": 100.0}",5000,0.6412397351076595,0.5188679245283019,0.5614558162319739,7.981132075471698,0.8779249733001068,0.6288451148397126
RLS forgetting,10,10,1,"{""forgetting_factor"": 0.99, ""initial_covariance"": 100.0}",5000,0.6601722177193874,0.5679245283018868,0.5950101789518075,7.584905660377358,0.8757022071911712,0.6294045412241265
RLS forgetting,11,10,1,"{""forgetting_factor"": 0.99, ""initial_covariance"": 100.0}",5000,0.6278988307290194,0.5075471698113208,0.5479016690469386,8.132075471698114,0.8639796190815237,0.6083595164372546
RLS forgetting,12,10,1,"{""forgetting_factor"": 0.99, ""initial_covariance"": 100.0}",5000,0.6956754399873157,0.5377358490566039,0.5945082375744214,7.09433962264151,0.8805273228907085,0.6564964400171936
RLS forgetting,13,10,1,"{""forgetting_factor"": 0.99, ""initial_covariance"": 100.0}",5000,0.6638464056224515,0.530188679245283,0.5729263884587615,7.679245283018868,0.8592546279814881,0.6207455876036202
RLS forgetting,14,10,1,"{""forgetting_factor"": 0.99, ""initial_covariance"": 100.0}",5000,0.6679252089629448,0.5132075471698114,0.5690066508382414,7.452830188679245,0.8695385368458526,0.6207317882185797
RLS forgetting,15,10,1,"{""forgetting_factor"": 0.99, ""initial_covariance"": 100.0}",5000,0.6455449686581762,0.5603773584905659,0.5902696690788106,7.377358490566038,0.8646208615165539,0.6219483123003281
RLS forgetting,16,10,1,"{""forgetting_factor"": 0.99, ""initial_covariance"": 100.0}",5000,0.6968083802989462,0.5622641509433963,0.6097585280087179,7.113207547169812,0.8859745461018156,0.6598564936555648
RLS forgetting,17,10,1,"{""forgetting_factor"": 0.99, ""initial_covariance"": 100.0}",5000,0.6380734569413815,0.520754716981132,0.5597556943254706,7.90566037735849,0.8760186009255962,0.5878759732790927
RLS forgetting,18,10,1,"{""forgetting_factor"": 0.99, ""initial_covariance"": 100.0}",5000,0.647604753736829,0.48867924528301876,0.5438767716631494,7.811320754716981,0.859439747241011,0.6105665081316693
RLS forgetting,19,10,1,"{""forgetting_factor"": 0.99, ""initial_covariance"": 100.0}",5000,0.5927966825186288,0.49056603773584906,0.5207773132218015,8.452830188679245,0.8487900498398007,0.5719977390489934
Global-rate EMA,0,10,1,"{""rate"": 0.05, ""regression_window"": 200, ""ridge_alpha"": 1.0}",5000,0.9071697000547984,0.590566037735849,0.6970467052010204,5.943396226415095,0.9402718939124244,0.6293355089290111
Global-rate EMA,1,10,1,"{""rate"": 0.05, ""regression_window"": 200, ""ridge_alpha"": 1.0}",5000,0.9159499305725722,0.4584905660377359,0.5943854121289821,7.226415094339623,0.9251005695977216,0.6027461121833101
Global-rate EMA,2,10,1,"{""rate"": 0.05, ""regression_window"": 200, ""ridge_alpha"": 1.0}",5000,0.9115781123550268,0.5641509433962264,0.6785632991576296,6.0,0.9402763438946244,0.6449567355174123
Global-rate EMA,3,10,1,"{""rate"": 0.05, ""regression_window"": 200, ""ridge_alpha"": 1.0}",5000,0.8979842496974928,0.5207547169811321,0.6357948710163741,6.754716981132075,0.9382805268778925,0.6265058139875733
Global-rate EMA,4,10,1,"{""rate"": 0.05, ""regression_window"": 200, ""ridge_alpha"": 1.0}",5000,0.9292729533705744,0.5226415094339623,0.649350304886551,6.132075471698113,0.9363016197935208,0.6776709550045087
Global-rate EMA,5,10,1,"{""rate"": 0.05, ""regression_window"": 200, ""ridge_alpha"": 1.0}",5000,0.9190067530359679,0.5113207547169811,0.6229736924391558,6.39622641509434,0.9400565147739409,0.656520227005701
Global-rate EMA,6,10,1,"{""rate"": 0.05, ""regression_window"": 200, ""ridge_alpha"": 1.0}",5000,0.9059463335406731,0.48679245283018885,0.6097659758563352,6.69811320754717,0.9362086151655393,0.6404472351034735
Global-rate EMA,7,10,1,"{""rate"": 0.05, ""regression_window"": 200, ""ridge_alpha"": 1.0}",5000,0.9126278874300785,0.4754716981132076,0.6044304076595539,6.849056603773585,0.9235760056959772,0.621703595418863
Global-rate EMA,8,10,1,"{""rate"": 0.05, ""regression_window"": 200, ""ridge_alpha"": 1.0}",5000,0.9151137032561887,0.5094339622641509,0.624613591683806,6.30188679245283,0.9371057315770737,0.6646166929482913
Global-rate EMA,9,10,1,"{""rate"": 0.05, ""regression_window"": 200, ""ridge_alpha"": 1.0}",5000,0.9113559123403258,0.5679245283018869,0.6801293998107478,5.886792452830188,0.9390828586685653,0.652455450037231
Global-rate EMA,10,10,1,"{""rate"": 0.05, ""regression_window"": 200, ""ridge_alpha"": 1.0}",5000,0.8934845047239323,0.5716981132075472,0.6778982820179733,5.773584905660377,0.9419019223923104,0.6776214049585964
Global-rate EMA,11,10,1,"{""rate"": 0.05, ""regression_window"": 200, ""ridge_alpha"": 1.0}",5000,0.9164077629116475,0.5018867924528302,0.6215178175519753,6.69811320754717,0.9321511213955144,0.6313081150339204
Global-rate EMA,12,10,1,"{""rate"": 0.05, ""regression_window"": 200, ""ridge_alpha"": 1.0}",5000,0.9164726348186806,0.48679245283018874,0.613578715421697,6.6415094339622645,0.937440370238519,0.6521737211195983
Global-rate EMA,13,10,1,"{""rate"": 0.05, ""regression_window"": 200, ""ridge_alpha"": 1.0}",5000,0.9172457302196794,0.5226415094339623,0.6329104056629029,6.660377358490566,0.9350480598077607,0.6240864489933012
Global-rate EMA,14,10,1,"{""rate"": 0.05, ""regression_window"": 200, ""ridge_alpha"": 1.0}",5000,0.8969618955468013,0.4867924528301886,0.6067716993077069,6.7924528301886795,0.935502402990388,0.6357377932888234
Global-rate EMA,15,10,1,"{""rate"": 0.05, ""regression_window"": 200, ""ridge_alpha"": 1.0}",5000,0.9022511346096252,0.5377358490566038,0.6511411279048323,6.566037735849057,0.9311988252046992,0.6093869141243689
Global-rate EMA,16,10,1,"{""rate"": 0.05, ""regression_window"": 200, ""ridge_alpha"": 1.0}",5000,0.9265225744385805,0.6169811320754718,0.7196987862327987,5.415094339622642,0.9517902278390886,0.6812111093168479
Global-rate EMA,17,10,1,"{""rate"": 0.05, ""regression_window"": 200, ""ridge_alpha"": 1.0}",5000,0.9120649117279845,0.5358490566037736,0.6510279097207543,6.339622641509434,0.931002135991456,0.6349528012574348
Global-rate EMA,18,10,1,"{""rate"": 0.05, ""regression_window"": 200, ""ridge_alpha"": 1.0}",5000,0.913654818540899,0.46792452830188674,0.5983327514014348,7.113207547169812,0.9283521715913137,0.5976282572408027
Global-rate EMA,19,10,1,"{""rate"": 0.05, ""regression_window"": 200, ""ridge_alpha"": 1.0}",5000,0.875003743635819,0.439622641509434,0.5549660195974232,7.471698113207547,0.9288042897828409,0.598959199670058
Global-rate EMA,0,10,1,"{""rate"": 0.25, ""regression_window"": 200, ""ridge_alpha"": 1.0}",5000,0.7605774011930914,0.5773584905660377,0.6452671946428128,6.169811320754717,0.8965859736561054,0.6876841301017821
Global-rate EMA,1,10,1,"{""rate"": 0.25, ""regression_window"": 200, ""ridge_alpha"": 1.0}",5000,0.7587682757494076,0.4716981132075472,0.5720646150650824,6.7924528301886795,0.8816549483802065,0.6616908016792759
Global-rate EMA,2,10,1,"{""rate"": 0.25, ""regression_window"": 200, ""ridge_alpha"": 1.0}",5000,0.7846146777750551,0.5471698113207547,0.6324661810335623,6.018867924528302,0.9143405126379495,0.734319124823036
Global-rate EMA,3,10,1,"{""rate"": 0.25, ""regression_window"": 200, ""ridge_alpha"": 1.0}",5000,0.7805810541659599,0.5283018867924528,0.6164628120380946,6.320754716981132,0.8912544499822,0.6953792897426614
Global-rate EMA,4,10,1,"{""rate"": 0.25, ""regression_window"": 200, ""ridge_alpha"": 1.0}",5000,0.769910540193559,0.5283018867924529,0.6126344298894122,6.471698113207547,0.8911654503381986,0.6613652144801263
Global-rate EMA,5,10,1,"{""rate"": 0.25, ""regression_window"": 200, ""ridge_alpha"": 1.0}",5000,0.7396809584545434,0.5377358490566038,0.6018727029021338,6.679245283018868,0.9002825738697046,0.6835862776946359
Global-rate EMA,6,10,1,"{""rate"": 0.25, ""regression_window"": 200, ""ridge_alpha"": 1.0}",5000,0.7280194124533746,0.49811320754716987,0.5772012970900173,6.962264150943396,0.8903546635813456,0.663692246806456
Global-rate EMA,7,10,1,"{""rate"": 0.25, ""regression_window"": 200, ""ridge_alpha"": 1.0}",5000,0.750308967761798,0.5018867924528302,0.5914545304304839,6.69811320754717,0.8801544143823424,0.6751711529662067
Global-rate EMA,8,10,1,"{""rate"": 0.25, ""regression_window"": 200, ""ridge_alpha"": 1.0}",5000,0.772390345503553,0.5320754716981131,0.6110925606252436,6.452830188679245,0.8944829120683517,0.6976583534436318
Global-rate EMA,9,10,1,"{""rate"": 0.25, ""regression_window"": 200, ""ridge_alpha"": 1.0}",5000,0.7419974679408641,0.5264150943396227,0.6047865803867908,6.716981132075472,0.900688412246351,0.6711633244847914
Global-rate EMA,10,10,1,"{""rate"": 0.25, ""regression_window"": 200, ""ridge_alpha"": 1.0}",5000,0.7375090842071974,0.5528301886792453,0.6134153415057477,6.660377358490566,0.8941616233535066,0.6747371207496052
Global-rate EMA,11,10,1,"{""rate"": 0.25, ""regression_window"": 200, ""ridge_alpha"": 1.0}",5000,0.7060232898190724,0.5150943396226415,0.5865436371453078,7.037735849056604,0.8872125311498754,0.656871670885746
Global-rate EMA,12,10,1,"{""rate"": 0.25, ""regression_window"": 200, ""ridge_alpha"": 1.0}",5000,0.7799762729562953,0.5094339622641509,0.6004891202697734,6.433962264150943,0.9021582413670345,0.6932064645514373
Global-rate EMA,13,10,1,"{""rate"": 0.25, ""regression_window"": 200, ""ridge_alpha"": 1.0}",5000,0.7378403567082812,0.4981132075471698,0.5790187442295323,6.943396226415095,0.8824928800284799,0.6631399799498886
Global-rate EMA,14,10,1,"{""rate"": 0.25, ""regression_window"": 200, ""ridge_alpha"": 1.0}",5000,0.7171263200385429,0.49245283018867925,0.5711100992133762,7.09433962264151,0.8930210929156284,0.6509428513386143
Global-rate EMA,15,10,1,"{""rate"": 0.25, ""regression_window"": 200, ""ridge_alpha"": 1.0}",5000,0.7647447416315342,0.5584905660377358,0.6263482040421976,6.377358490566038,0.8890837486650054,0.672138259932117
Global-rate EMA,16,10,1,"{""rate"": 0.25, ""regression_window"": 200, ""ridge_alpha"": 1.0}",5000,0.7777747477382292,0.5792452830188679,0.6497301741453865,6.113207547169812,0.9130099679601281,0.69799893453322
Global-rate EMA,17,10,1,"{""rate"": 0.25, ""regression_window"": 200, ""ridge_alpha"": 1.0}",5000,0.7363418552097797,0.5283018867924527,0.6026865414767746,6.754716981132075,0.8908192417230331,0.6600403606032849
Global-rate EMA,18,10,1,"{""rate"": 0.25, ""regression_window"": 200, ""ridge_alpha"": 1.0}",5000,0.7313566936208444,0.4886792452830189,0.5701393066630522,6.981132075471698,0.8844286222855109,0.6359099438023588
Global-rate EMA,19,10,1,"{""rate"": 0.25, ""regression_window"": 200, ""ridge_alpha"": 1.0}",5000,0.7056040896483882,0.4849056603773584,0.5564067634632505,7.339622641509434,0.8811343004627982,0.6054723639348745
KGLS ridge-to-previous,0,10,2,"{""prior_strength"": 0.1, ""regression_window"": 200}",5000,0.4097413360487284,0.5018867924528302,0.444031735338644,12.358490566037736,0.853391619374699,0.44595233015550717
KGLS ridge-to-previous,1,10,2,"{""prior_strength"": 0.1, ""regression_window"": 200}",5000,0.46106523522041376,0.5490566037735849,0.4918919132744665,11.30188679245283,0.8614838858291626,0.4785372535540225
KGLS ridge-to-previous,2,10,2,"{""prior_strength"": 0.1, ""regression_window"": 200}",5000,0.43079485346776064,0.5377358490566038,0.470874837068007,12.132075471698114,0.8769815508973258,0.470522599555997
KGLS ridge-to-previous,3,10,2,"{""prior_strength"": 0.1, ""regression_window"": 200}",5000,0.43156481048078105,0.5169811320754717,0.4567742659728357,12.11320754716981,0.8603375704144243,0.4676581453847518
KGLS ridge-to-previous,4,10,2,"{""prior_strength"": 0.1, ""regression_window"": 200}",5000,0.37674963681812784,0.48867924528301876,0.41731372347543033,13.264150943396226,0.8400276422423723,0.41325671483741677
KGLS ridge-to-previous,5,10,2,"{""prior_strength"": 0.1, ""regression_window"": 200}",5000,0.4239016243401149,0.5603773584905661,0.4746660214988703,12.415094339622641,0.8841595292442359,0.49723382673138733
KGLS ridge-to-previous,6,10,2,"{""prior_strength"": 0.1, ""regression_window"": 200}",5000,0.3807276737937115,0.4641509433962264,0.40762937486889106,13.30188679245283,0.8272845685087847,0.4246128393348592
KGLS ridge-to-previous,7,10,2,"{""prior_strength"": 0.1, ""regression_window"": 200}",5000,0.4155470720613253,0.5283018867924528,0.45864816936937886,12.30188679245283,0.8645930098632547,0.47602700538411563
KGLS ridge-to-previous,8,10,2,"{""prior_strength"": 0.1, ""regression_window"": 200}",5000,0.40198315844630395,0.5150943396226415,0.4415970966927264,12.962264150943396,0.8458320943186816,0.4298818343248851
KGLS ridge-to-previous,9,10,2,"{""prior_strength"": 0.1, ""regression_window"": 200}",5000,0.39819392180730456,0.5377358490566037,0.4515745476196978,12.90566037735849,0.8554103407115783,0.45058593985981343
KGLS ridge-to-previous,10,10,2,"{""prior_strength"": 0.1, ""regression_window"": 200}",5000,0.37812462532437413,0.5245283018867926,0.43496571821507957,13.622641509433961,0.8552962117563294,0.4328929732212499
KGLS ridge-to-previous,11,10,2,"{""prior_strength"": 0.1, ""regression_window"": 200}",5000,0.3767115222303901,0.49245283018867925,0.4205952411410876,13.60377358490566,0.851438024836136,0.4130425814426734
KGLS ridge-to-previous,12,10,2,"{""prior_strength"": 0.1, ""regression_window"": 200}",5000,0.4604259690209512,0.5641509433962264,0.4983558358826359,11.226415094339623,0.861795489288631,0.5204653316714534
KGLS ridge-to-previous,13,10,2,"{""prior_strength"": 0.1, ""regression_window"": 200}",5000,0.37723799556558474,0.47169811320754723,0.4073388936284201,13.358490566037736,0.8359405691788998,0.4018001985427498
KGLS ridge-to-previous,14,10,2,"{""prior_strength"": 0.1, ""regression_window"": 200}",5000,0.425052410131489,0.49245283018867925,0.4502258992346792,11.924528301886792,0.841239503277281,0.41970655694305414
KGLS ridge-to-previous,15,10,2,"{""prior_strength"": 0.1, ""regression_window"": 200}",5000,0.4371496114435247,0.5641509433962264,0.48152713234566835,12.132075471698114,0.8545850522480263,0.4660921046855685
KGLS ridge-to-previous,16,10,2,"{""prior_strength"": 0.1, ""regression_window"": 200}",5000,0.4537445688540725,0.5415094339622641,0.48443733558942775,11.641509433962264,0.8635706657173371,0.48117733750418057
KGLS ridge-to-previous,17,10,2,"{""prior_strength"": 0.1, ""regression_window"": 200}",5000,0.4183070602635781,0.5358490566037736,0.4625540350192476,12.09433962264151,0.8697265093292568,0.4740297238276411
KGLS ridge-to-previous,18,10,2,"{""prior_strength"": 0.1, ""regression_window"": 200}",5000,0.38698426308391837,0.4981132075471698,0.4267139111980725,12.962264150943396,0.8393177391996315,0.40733100549468154
KGLS ridge-to-previous,19,10,2,"{""prior_strength"": 0.1, ""regression_window"": 200}",5000,0.3912400752760878,0.5377358490566038,0.4476660117395575,12.88679245283019,0.8443766883755994,0.45433936507822265
KGLS ridge-to-previous,0,10,2,"{""prior_strength"": 1.0, ""regression_window"": 200}",5000,0.40890276162524825,0.5018867924528302,0.4436345158748903,12.377358490566039,0.8534500450233493,0.44601503609178084
KGLS ridge-to-previous,1,10,2,"{""prior_strength"": 1.0, ""regression_window"": 200}",5000,0.46118042401484777,0.5471698113207546,0.4910895587417031,11.30188679245283,0.8615670219672062,0.47875584394279846
KGLS ridge-to-previous,2,10,2,"{""prior_strength"": 1.0, ""regression_window"": 200}",5000,0.43048080846725617,0.5377358490566038,0.47058840093251436,12.150943396226415,0.8770774611019203,0.47069315194441935
KGLS ridge-to-previous,3,10,2,"{""prior_strength"": 1.0, ""regression_window"": 200}",5000,0.4322939555495487,0.5169811320754717,0.4573317474268744,12.075471698113208,0.860417774799489,0.4678542189493813
KGLS ridge-to-previous,4,10,2,"{""prior_strength"": 1.0, ""regression_window"": 200}",5000,0.37668052354146747,0.48867924528301876,0.4172863786572733,13.264150943396226,0.8401759051787322,0.4136230757606994
KGLS ridge-to-previous,5,10,2,"{""prior_strength"": 1.0, ""regression_window"": 200}",5000,0.4252655595202777,0.5622641509433962,0.47620463256812706,12.358490566037736,0.8842744958431931,0.4978243368697177
KGLS ridge-to-previous,6,10,2,"{""prior_strength"": 1.0, ""regression_window"": 200}",5000,0.38225507720790736,0.46603773584905667,0.4091851511019265,13.264150943396226,0.8274179632693234,0.42484012550411543
KGLS ridge-to-previous,7,10,2,"{""prior_strength"": 1.0, ""regression_window"": 200}",5000,0.41462786548174135,0.5283018867924528,0.45804306487584123,12.339622641509434,0.8647261952128662,0.47644344970330854
KGLS ridge-to-previous,8,10,2,"{""prior_strength"": 1.0, ""regression_window"": 200}",5000,0.4014485255266018,0.5132075471698114,0.44064596611748513,12.981132075471699,0.8459613008606789,0.4303189081775653
KGLS ridge-to-previous,9,10,2,"{""prior_strength"": 1.0, ""regression_window"": 200}",5000,0.3972252364046569,0.5358490566037735,0.45021400340201073,12.90566037735849,0.8555560907168136,0.4510244695739284
KGLS ridge-to-previous,10,10,2,"{""prior_strength"": 1.0, ""regression_window"": 200}",5000,0.37782219686901614,0.5245283018867926,0.4347358894881787,13.641509433962264,0.8553866772768203,0.4331097587289313
KGLS ridge-to-previous,11,10,2,"{""prior_strength"": 1.0, ""regression_window"": 200}",5000,0.3765681629999054,0.49245283018867925,0.4206736099384237,13.60377358490566,0.8515693254874039,0.41355842562132955
KGLS ridge-to-previous,12,10,2,"{""prior_strength"": 1.0, ""regression_window"": 200}",5000,0.4588648728843834,0.5622641509433962,0.49634629282980763,11.264150943396226,0.8619014512177245,0.520714894308167
KGLS ridge-to-previous,13,10,2,"{""prior_strength"": 1.0, ""regression_window"": 200}",5000,0.37772178850220783,0.47169811320754723,0.4076372007355869,13.339622641509434,0.8360218206185999,0.40204528493717423
KGLS ridge-to-previous,14,10,2,"{""prior_strength"": 1.0, ""regression_window"": 200}",5000,0.425052410131489,0.49245283018867925,0.4502258992346792,11.924528301886792,0.841404519087806,0.420063282003219
KGLS ridge-to-previous,15,10,2,"{""prior_strength"": 1.0, ""regression_window"": 200}",5000,0.4376556254754456,0.5641509433962264,0.4819558427195409,12.132075471698114,0.8546922706426822,0.4666242675673284
KGLS ridge-to-previous,16,10,2,"{""prior_strength"": 1.0, ""regression_window"": 200}",5000,0.4531231886254084,0.5415094339622641,0.4843027308990883,11.660377358490566,0.863691286411325,0.4813800253221386
KGLS ridge-to-previous,17,10,2,"{""prior_strength"": 1.0, ""regression_window"": 200}",5000,0.4187232644811142,0.5358490566037736,0.46287656364366303,12.075471698113208,0.8698377065315268,0.47440366870443407
KGLS ridge-to-previous,18,10,2,"{""prior_strength"": 1.0, ""regression_window"": 200}",5000,0.3868665487597667,0.4981132075471698,0.4265742965345439,12.981132075471699,0.8394396163591816,0.40740982614092985
KGLS ridge-to-previous,19,10,2,"{""prior_strength"": 1.0, ""regression_window"": 200}",5000,0.3907683771628802,0.5377358490566038,0.4473176808251888,12.90566037735849,0.8444529139530501,0.4545182439565915
RLS forgetting,0,10,2,"{""forgetting_factor"": 0.97, ""initial_covariance"": 100.0}",5000,0.11454333821622822,0.5188679245283019,0.18723091787728002,44.60377358490566,0.6784983142420371,0.1759806532409652
RLS forgetting,1,10,2,"{""forgetting_factor"": 0.97, ""initial_covariance"": 100.0}",5000,0.11248736114404397,0.509433962264151,0.18370456903365662,44.660377358490564,0.676024019433334,0.15937016198241677
RLS forgetting,2,10,2,"{""forgetting_factor"": 0.97, ""initial_covariance"": 100.0}",5000,0.1073744155605168,0.5018867924528302,0.1765842691919801,46.056603773584904,0.6701437606014282,0.14471987273372142
RLS forgetting,3,10,2,"{""forgetting_factor"": 0.97, ""initial_covariance"": 100.0}",5000,0.11107469412291224,0.5264150943396227,0.18307398373174205,45.905660377358494,0.6680583418842795,0.16104932792592166
RLS forgetting,4,10,2,"{""forgetting_factor"": 0.97, ""initial_covariance"": 100.0}",5000,0.10644128067966173,0.5075471698113208,0.17563167750810424,46.62264150943396,0.6672223734634474,0.14288751305437006
RLS forgetting,5,10,2,"{""forgetting_factor"": 0.97, ""initial_covariance"": 100.0}",5000,0.11689543906394823,0.5566037735849056,0.19276058055747403,46.0,0.704934349674366,0.1544749439149745
RLS forgetting,6,10,2,"{""forgetting_factor"": 0.97, ""initial_covariance"": 100.0}",5000,0.11056511137225343,0.5150943396226415,0.18151547269981422,45.716981132075475,0.6716197935208259,0.1539562007043304
RLS forgetting,7,10,2,"{""forgetting_factor"": 0.97, ""initial_covariance"": 100.0}",5000,0.10847295102609833,0.5018867924528302,0.17796762968248694,45.84905660377358,0.6702339120055284,0.16067621772915366
RLS forgetting,8,10,2,"{""forgetting_factor"": 0.97, ""initial_covariance"": 100.0}",5000,0.11066023321051564,0.5169811320754717,0.18171628967510858,46.132075471698116,0.6757636169455322,0.1524449700588162
RLS forgetting,9,10,2,"{""forgetting_factor"": 0.97, ""initial_covariance"": 100.0}",5000,0.1221217264274747,0.560377358490566,0.20009706125417348,44.132075471698116,0.6964507989026868,0.17431360641898355
RLS forgetting,10,10,2,"{""forgetting_factor"": 0.97, ""initial_covariance"": 100.0}",5000,0.11406758952685347,0.5264150943396226,0.187030865472583,45.18867924528302,0.6802737000816702,0.14652775605954377
RLS forgetting,11,10,2,"{""forgetting_factor"": 0.97, ""initial_covariance"": 100.0}",5000,0.1118803173698443,0.530188679245283,0.18408247084165086,46.15094339622642,0.6927235985173706,0.15471430848318538
RLS forgetting,12,10,2,"{""forgetting_factor"": 0.97, ""initial_covariance"": 100.0}",5000,0.12093525001621462,0.550943396226415,0.197772332000323,43.84905660377358,0.6997614809540762,0.1848778011423374
RLS forgetting,13,10,2,"{""forgetting_factor"": 0.97, ""initial_covariance"": 100.0}",5000,0.10576099149093358,0.5000000000000001,0.174202739880773,46.64150943396226,0.6585757962850501,0.13470428189250283
RLS forgetting,14,10,2,"{""forgetting_factor"": 0.97, ""initial_covariance"": 100.0}",5000,0.10553898574994199,0.4924528301886792,0.1732294178334457,45.924528301886795,0.6544836973593282,0.13343030200793557
RLS forgetting,15,10,2,"{""forgetting_factor"": 0.97, ""initial_covariance"": 100.0}",5000,0.11200123386846084,0.5377358490566037,0.18499956951578564,46.45283018867924,0.6732141436140138,0.1529005877815658
RLS forgetting,16,10,2,"{""forgetting_factor"": 0.97, ""initial_covariance"": 100.0}",5000,0.11105284012379002,0.5339622641509434,0.1835326316322355,46.81132075471698,0.6737740037275145,0.14749355809618986
RLS forgetting,17,10,2,"{""forgetting_factor"": 0.97, ""initial_covariance"": 100.0}",5000,0.12130241753999951,0.560377358490566,0.19895393307969414,44.56603773584906,0.689978116558122,0.1942274392371755
RLS forgetting,18,10,2,"{""forgetting_factor"": 0.97, ""initial_covariance"": 100.0}",5000,0.10813365359512951,0.5150943396226415,0.178399916360162,47.0377358490566,0.6687818566372793,0.15112502322792432
RLS forgetting,19,10,2,"{""forgetting_factor"": 0.97, ""initial_covariance"": 100.0}",5000,0.10793906994441042,0.5150943396226415,0.178289916161198,46.58490566037736,0.6693150168575797,0.13807158682020843
RLS forgetting,0,10,2,"{""forgetting_factor"": 0.99, ""initial_covariance"": 100.0}",5000,0.4571741413722546,0.5056603773584907,0.47247159664067406,11.226415094339623,0.8695036961028626,0.4787838235266977
RLS forgetting,1,10,2,"{""forgetting_factor"": 0.99, ""initial_covariance"": 100.0}",5000,0.48739338489615947,0.539622641509434,0.49761291638610067,11.09433962264151,0.8691301070089837,0.4970751168158618
RLS forgetting,2,10,2,"{""forgetting_factor"": 0.99, ""initial_covariance"": 100.0}",5000,0.4649418104606783,0.5169811320754718,0.4793613800455234,11.018867924528301,0.8816340334638662,0.46534408019457646
RLS forgetting,3,10,2,"{""forgetting_factor"": 0.99, ""initial_covariance"": 100.0}",5000,0.4772465416160768,0.5207547169811321,0.48621102284843565,11.037735849056604,0.8702077356396457,0.48060386527267823
RLS forgetting,4,10,2,"{""forgetting_factor"": 0.99, ""initial_covariance"": 100.0}",5000,0.4132390408333804,0.4924528301886792,0.44102042938826125,12.30188679245283,0.8492577429690281,0.4396636330024001
RLS forgetting,5,10,2,"{""forgetting_factor"": 0.99, ""initial_covariance"": 100.0}",5000,0.45119119698768034,0.5509433962264151,0.48575777570307743,11.69811320754717,0.8914985445940569,0.49840385850813346
RLS forgetting,6,10,2,"{""forgetting_factor"": 0.99, ""initial_covariance"": 100.0}",5000,0.4363673917256146,0.4886792452830188,0.450404400455074,11.754716981132075,0.8418530772935732,0.44088251342028834
RLS forgetting,7,10,2,"{""forgetting_factor"": 0.99, ""initial_covariance"": 100.0}",5000,0.44375721238928784,0.5358490566037736,0.4773682837448371,11.547169811320755,0.8676434988377694,0.4862559000630139
RLS forgetting,8,10,2,"{""forgetting_factor"": 0.99, ""initial_covariance"": 100.0}",5000,0.44757031830354704,0.5226415094339623,0.46982027520884084,11.849056603773585,0.8610594098800075,0.428224932868123
RLS forgetting,9,10,2,"{""forgetting_factor"": 0.99, ""initial_covariance"": 100.0}",5000,0.43477927292999274,0.5452830188679245,0.47439854254793384,12.132075471698114,0.8707331476556447,0.4785453293516172
RLS forgetting,10,10,2,"{""forgetting_factor"": 0.99, ""initial_covariance"": 100.0}",5000,0.43945024022715473,0.5358490566037735,0.47604794116408466,11.981132075471699,0.8611710259041316,0.44703844268660686
RLS forgetting,11,10,2,"{""forgetting_factor"": 0.99, ""initial_covariance"": 100.0}",5000,0.43675114234945417,0.5358490566037736,0.47283244318710554,12.056603773584905,0.8628465227315562,0.43951726750005193
RLS forgetting,12,10,2,"{""forgetting_factor"": 0.99, ""initial_covariance"": 100.0}",5000,0.4741136745853728,0.5490566037735849,0.4989671284418478,10.79245283018868,0.8803566268087869,0.533924048190829
RLS forgetting,13,10,2,"{""forgetting_factor"": 0.99, ""initial_covariance"": 100.0}",5000,0.4171250375044405,0.4962264150943395,0.44380056159717224,12.377358490566039,0.8487577743806671,0.420396219212937
RLS forgetting,14,10,2,"{""forgetting_factor"": 0.99, ""initial_covariance"": 100.0}",5000,0.4301919624339158,0.45660377358490567,0.4329112813565379,11.81132075471698,0.848669821791301,0.4248451020328837
RLS forgetting,15,10,2,"{""forgetting_factor"": 0.99, ""initial_covariance"": 100.0}",5000,0.44615448920752976,0.5452830188679245,0.48100398012773,11.735849056603774,0.8496107050865914,0.4689477246780586
RLS forgetting,16,10,2,"{""forgetting_factor"": 0.99, ""initial_covariance"": 100.0}",5000,0.4838417471047881,0.5245283018867924,0.49342259357589385,10.962264150943396,0.8748761334366427,0.49578681714763506
RLS forgetting,17,10,2,"{""forgetting_factor"": 0.99, ""initial_covariance"": 100.0}",5000,0.44167455278720547,0.5245283018867926,0.47134103844258723,11.679245283018869,0.8758873788034259,0.4879726955095353
RLS forgetting,18,10,2,"{""forgetting_factor"": 0.99, ""initial_covariance"": 100.0}",5000,0.44057776604946425,0.4962264150943397,0.45858596320658696,11.69811320754717,0.8505136850040835,0.44289866348981877
RLS forgetting,19,10,2,"{""forgetting_factor"": 0.99, ""initial_covariance"": 100.0}",5000,0.4376718721854244,0.5452830188679245,0.47714987425193295,11.924528301886792,0.8538286599794778,0.4754975556287195
Global-rate EMA,0,10,2,"{""rate"": 0.05, ""regression_window"": 200, ""ridge_alpha"": 1.0}",5000,0.8825022461814913,0.4924528301886792,0.6125002966313036,6.735849056603773,0.9348149854459405,0.6038449952498112
Global-rate EMA,1,10,2,"{""rate"": 0.05, ""regression_window"": 200, ""ridge_alpha"": 1.0}",5000,0.8877342213888564,0.5094339622641509,0.6350438280881063,6.509433962264151,0.9304520134860637,0.6265553772879124
Global-rate EMA,2,10,2,"{""rate"": 0.05, ""regression_window"": 200, ""ridge_alpha"": 1.0}",5000,0.9199328858199323,0.5358490566037736,0.6675860165608225,5.90566037735849,0.9484587355768224,0.6708868913928422
Global-rate EMA,3,10,2,"{""rate"": 0.05, ""regression_window"": 200, ""ridge_alpha"": 1.0}",5000,0.9258258460616952,0.5037735849056604,0.6224228956252359,6.264150943396227,0.9583774841371223,0.7052973986996901
Global-rate EMA,4,10,2,"{""rate"": 0.05, ""regression_window"": 200, ""ridge_alpha"": 1.0}",5000,0.9133493649031938,0.48679245283018874,0.6116497663096027,6.169811320754717,0.9524341926161707,0.6843439804679539
Global-rate EMA,5,10,2,"{""rate"": 0.05, ""regression_window"": 200, ""ridge_alpha"": 1.0}",5000,0.9121394715939425,0.5830188679245284,0.6943168987096785,5.6415094339622645,0.954375431910037,0.70377139989399
Global-rate EMA,6,10,2,"{""rate"": 0.05, ""regression_window"": 200, ""ridge_alpha"": 1.0}",5000,0.8968860412103457,0.4075471698113207,0.5362343964580139,7.415094339622642,0.9324325173287542,0.5964523630038028
Global-rate EMA,7,10,2,"{""rate"": 0.05, ""regression_window"": 200, ""ridge_alpha"": 1.0}",5000,0.8887748519823991,0.5339622641509434,0.6459457549868789,6.320754716981132,0.9508259166963332,0.658366439179482
Global-rate EMA,8,10,2,"{""rate"": 0.05, ""regression_window"": 200, ""ridge_alpha"": 1.0}",5000,0.8955300988319855,0.4886792452830188,0.6138836765810378,6.452830188679245,0.9413758297907985,0.634825095995147
Global-rate EMA,9,10,2,"{""rate"": 0.05, ""regression_window"": 200, ""ridge_alpha"": 1.0}",5000,0.9047807714573324,0.509433962264151,0.6383494993428289,6.188679245283019,0.9460446464096497,0.6822767581119585
Global-rate EMA,10,10,2,"{""rate"": 0.05, ""regression_window"": 200, ""ridge_alpha"": 1.0}",5000,0.8736557467689544,0.5207547169811321,0.6405490162993144,6.60377358490566,0.9353408162837937,0.6042640895256678
Global-rate EMA,11,10,2,"{""rate"": 0.05, ""regression_window"": 200, ""ridge_alpha"": 1.0}",5000,0.9018086644009533,0.5000000000000001,0.6317546709056143,6.433962264150943,0.9347435763198124,0.6533445602049157
Global-rate EMA,12,10,2,"{""rate"": 0.05, ""regression_window"": 200, ""ridge_alpha"": 1.0}",5000,0.9075688434923788,0.560377358490566,0.6804471572063437,5.7924528301886795,0.9526178459992043,0.6693876706217763
Global-rate EMA,13,10,2,"{""rate"": 0.05, ""regression_window"": 200, ""ridge_alpha"": 1.0}",5000,0.918493442570555,0.4622641509433962,0.592362274953986,6.69811320754717,0.9410522899084874,0.6506920409829954
Global-rate EMA,14,10,2,"{""rate"": 0.05, ""regression_window"": 200, ""ridge_alpha"": 1.0}",5000,0.8814220370824145,0.44716981132075484,0.5768011100364856,6.622641509433962,0.9456434150733986,0.6597608769243698
Global-rate EMA,15,10,2,"{""rate"": 0.05, ""regression_window"": 200, ""ridge_alpha"": 1.0}",5000,0.8906642592265644,0.5377358490566037,0.6532184647372405,6.547169811320755,0.9492142902016627,0.6139536852099016
Global-rate EMA,16,10,2,"{""rate"": 0.05, ""regression_window"": 200, ""ridge_alpha"": 1.0}",5000,0.9233955846489539,0.5490566037735848,0.6741042233724561,5.943396226415095,0.955129520658388,0.6840870105120107
Global-rate EMA,17,10,2,"{""rate"": 0.05, ""regression_window"": 200, ""ridge_alpha"": 1.0}",5000,0.9262239486989764,0.5641509433962264,0.6764675972904007,5.716981132075472,0.9478799237744225,0.7065298089831535
Global-rate EMA,18,10,2,"{""rate"": 0.05, ""regression_window"": 200, ""ridge_alpha"": 1.0}",5000,0.8974657281466142,0.4773584905660378,0.6064962068418372,6.7924528301886795,0.9395901828157394,0.6142029315102306
Global-rate EMA,19,10,2,"{""rate"": 0.05, ""regression_window"": 200, ""ridge_alpha"": 1.0}",5000,0.886172084012203,0.5169811320754716,0.6270881052957704,6.735849056603773,0.9396525872720038,0.618156451957423
Global-rate EMA,0,10,2,"{""rate"": 0.25, ""regression_window"": 200, ""ridge_alpha"": 1.0}",5000,0.5295265253922302,0.4849056603773585,0.49591794095047537,9.830188679245284,0.8781276569011371,0.5022269849649817
Global-rate EMA,1,10,2,"{""rate"": 0.25, ""regression_window"": 200, ""ridge_alpha"": 1.0}",5000,0.5888480401980727,0.5433962264150943,0.5496804942078564,8.849056603773585,0.8839578665214751,0.5417994639886954
Global-rate EMA,2,10,2,"{""rate"": 0.25, ""regression_window"": 200, ""ridge_alpha"": 1.0}",5000,0.5589084133895454,0.5207547169811321,0.5298061742461304,9.528301886792454,0.8984828178334345,0.5402019323839767
Global-rate EMA,3,10,2,"{""rate"": 0.25, ""regression_window"": 200, ""ridge_alpha"": 1.0}",5000,0.5772837225667414,0.5075471698113208,0.5243073912679894,9.20754716981132,0.8894923879128013,0.5249539572374823
Global-rate EMA,4,10,2,"{""rate"": 0.25, ""regression_window"": 200, ""ridge_alpha"": 1.0}",5000,0.529417385549461,0.4962264150943395,0.49973684806916124,9.60377358490566,0.8758006826796222,0.48576830219777434
Global-rate EMA,5,10,2,"{""rate"": 0.25, ""regression_window"": 200, ""ridge_alpha"": 1.0}",5000,0.5762435585132589,0.5622641509433962,0.5570547868034516,9.018867924528301,0.9101206206939878,0.5781606231348588
Global-rate EMA,6,10,2,"{""rate"": 0.25, ""regression_window"": 200, ""ridge_alpha"": 1.0}",5000,0.5022067555086424,0.46415094339622637,0.46678228873315314,10.320754716981131,0.8623640399556048,0.47485802913012654
Global-rate EMA,7,10,2,"{""rate"": 0.25, ""regression_window"": 200, ""ridge_alpha"": 1.0}",5000,0.5469499577990145,0.5339622641509434,0.5294389152010996,9.339622641509434,0.8940386991393211,0.5354232640793176
Global-rate EMA,8,10,2,"{""rate"": 0.25, ""regression_window"": 200, ""ridge_alpha"": 1.0}",5000,0.5703225666148001,0.5094339622641509,0.5193890128495574,9.358490566037736,0.8776968986241702,0.4838405489468974
Global-rate EMA,9,10,2,"{""rate"": 0.25, ""regression_window"": 200, ""ridge_alpha"": 1.0}",5000,0.5244955434050883,0.5207547169811321,0.5115578492910315,9.79245283018868,0.8846290285427093,0.5083418051281461
Global-rate EMA,10,10,2,"{""rate"": 0.25, ""regression_window"": 200, ""ridge_alpha"": 1.0}",5000,0.523908298200751,0.5245283018867926,0.5114729292915366,10.11320754716981,0.8808208908340838,0.47058143005304515
Global-rate EMA,11,10,2,"{""rate"": 0.25, ""regression_window"": 200, ""ridge_alpha"": 1.0}",5000,0.5196846461493929,0.4962264150943396,0.49948016809119533,10.20754716981132,0.8770064707976463,0.49135527423382874
Global-rate EMA,12,10,2,"{""rate"": 0.25, ""regression_window"": 200, ""ridge_alpha"": 1.0}",5000,0.5779393056881671,0.5452830188679245,0.5522251145464737,8.69811320754717,0.892239859275857,0.5729876901249983
Global-rate EMA,13,10,2,"{""rate"": 0.25, ""regression_window"": 200, ""ridge_alpha"": 1.0}",5000,0.5210624712566999,0.45849056603773586,0.47513207160608856,9.981132075471699,0.8690991141917785,0.470250435589028
Global-rate EMA,14,10,2,"{""rate"": 0.25, ""regression_window"": 200, ""ridge_alpha"": 1.0}",5000,0.5105932631647788,0.4641509433962264,0.47772328593583885,9.943396226415095,0.8728909178480934,0.4854381051269271
Global-rate EMA,15,10,2,"{""rate"": 0.25, ""regression_window"": 200, ""ridge_alpha"": 1.0}",5000,0.5362112340392289,0.5490566037735848,0.5294607472321611,9.830188679245284,0.8858746047368752,0.5230992713333159
Global-rate EMA,16,10,2,"{""rate"": 0.25, ""regression_window"": 200, ""ridge_alpha"": 1.0}",5000,0.6029535977649186,0.539622641509434,0.5593397422389744,8.679245283018869,0.8921611207672816,0.5344270189711146
Global-rate EMA,17,10,2,"{""rate"": 0.25, ""regression_window"": 200, ""ridge_alpha"": 1.0}",5000,0.5676332898183172,0.5490566037735849,0.5460002987399074,8.943396226415095,0.8946185579963563,0.5598827138461249
Global-rate EMA,18,10,2,"{""rate"": 0.25, ""regression_window"": 200, ""ridge_alpha"": 1.0}",5000,0.52319431093016,0.4811320754716982,0.4867348570495776,10.132075471698114,0.8678960484158064,0.47464107150837825
Global-rate EMA,19,10,2,"{""rate"": 0.25, ""regression_window"": 200, ""ridge_alpha"": 1.0}",5000,0.5314811236981049,0.539622641509434,0.5235583956594827,9.641509433962264,0.8777337549473332,0.5157785003486336
KGLS ridge-to-previous,0,10,4,"{""prior_strength"": 0.1, ""regression_window"": 200}",5000,0.19219645043804076,0.47735849056603774,0.2710276369508074,25.88679245283019,0.8083437929105426,0.22613893584287997
KGLS ridge-to-previous,1,10,4,"{""prior_strength"": 0.1, ""regression_window"": 200}",5000,0.20081173906911423,0.5283018867924527,0.2875967959044702,26.37735849056604,0.8241493159741646,0.2892538856089235
KGLS ridge-to-previous,2,10,4,"{""prior_strength"": 0.1, ""regression_window"": 200}",5000,0.1999258671712813,0.49056603773584906,0.281698702962625,25.92452830188679,0.8259462950719626,0.252267378348749
KGLS ridge-to-previous,3,10,4,"{""prior_strength"": 0.1, ""regression_window"": 200}",5000,0.21354373004596688,0.5245283018867926,0.3001213130078508,24.962264150943398,0.8436326094695621,0.2927394783897707
KGLS ridge-to-previous,4,10,4,"{""prior_strength"": 0.1, ""regression_window"": 200}",5000,0.17489362742110517,0.509433962264151,0.2580608383813315,28.962264150943398,0.8196368305955347,0.22589241035285157
KGLS ridge-to-previous,5,10,4,"{""prior_strength"": 0.1, ""regression_window"": 200}",5000,0.20172252950907815,0.5339622641509434,0.290917557493245,26.69811320754717,0.8546110969841835,0.24026863315643804
KGLS ridge-to-previous,6,10,4,"{""prior_strength"": 0.1, ""regression_window"": 200}",5000,0.18247873937425846,0.5018867924528302,0.2636799032289034,28.28301886792453,0.8164319788435132,0.2501330990577112
KGLS ridge-to-previous,7,10,4,"{""prior_strength"": 0.1, ""regression_window"": 200}",5000,0.21249765726293643,0.5660377358490567,0.30589299326058295,25.67924528301887,0.845427452575904,0.3197103745830378
KGLS ridge-to-previous,8,10,4,"{""prior_strength"": 0.1, ""regression_window"": 200}",5000,0.20271320562853767,0.5245283018867924,0.2896605158522333,26.71698113207547,0.827431826272695,0.2563012490147441
KGLS ridge-to-previous,9,10,4,"{""prior_strength"": 0.1, ""regression_window"": 200}",5000,0.20350368701120064,0.539622641509434,0.2926025840367329,26.77358490566038,0.8338308498194579,0.2644622945230458
KGLS ridge-to-previous,10,10,4,"{""prior_strength"": 0.1, ""regression_window"": 200}",5000,0.19833982780975956,0.5433962264150944,0.2879708313303391,27.88679245283019,0.8323920052891217,0.2537857786497176
KGLS ridge-to-previous,11,10,4,"{""prior_strength"": 0.1, ""regression_window"": 200}",5000,0.17824592199958225,0.4735849056603773,0.25652980750100174,27.867924528301888,0.826466663276204,0.23313404245657438
KGLS ridge-to-previous,12,10,4,"{""prior_strength"": 0.1, ""regression_window"": 200}",5000,0.2255070910293292,0.5660377358490566,0.3191286763414831,24.943396226415093,0.8376308294766821,0.3005112959323441
KGLS ridge-to-previous,13,10,4,"{""prior_strength"": 0.1, ""regression_window"": 200}",5000,0.19753989148202938,0.5018867924528302,0.280524853427492,27.056603773584907,0.8113297055383207,0.2057740669959041
KGLS ridge-to-previous,14,10,4,"{""prior_strength"": 0.1, ""regression_window"": 200}",5000,0.20849033238102144,0.5301886792452829,0.29675833753455444,25.50943396226415,0.8295266744647307,0.2643110493329971
KGLS ridge-to-previous,15,10,4,"{""prior_strength"": 0.1, ""regression_window"": 200}",5000,0.21980679249768573,0.5773584905660376,0.31393949574565805,26.433962264150942,0.8463440980521793,0.3007833360977614
KGLS ridge-to-previous,16,10,4,"{""prior_strength"": 0.1, ""regression_window"": 200}",5000,0.20870814135852342,0.5283018867924529,0.2955452260832724,26.09433962264151,0.8455179270711488,0.24558716814065912
KGLS ridge-to-previous,17,10,4,"{""prior_strength"": 0.1, ""regression_window"": 200}",5000,0.19368166219804733,0.4943396226415094,0.2754624431008211,26.22641509433962,0.8303861058841479,0.2552915270155539
KGLS ridge-to-previous,18,10,4,"{""prior_strength"": 0.1, ""regression_window"": 200}",5000,0.175799869952722,0.45660377358490567,0.2514785162148656,27.452830188679247,0.7970977470375833,0.22662121077601172
KGLS ridge-to-previous,19,10,4,"{""prior_strength"": 0.1, ""regression_window"": 200}",5000,0.18375549446569955,0.4981132075471698,0.26525410224734447,28.39622641509434,0.8260802013934802,0.23885137622027777
KGLS ridge-to-previous,0,10,4,"{""prior_strength"": 1.0, ""regression_window"": 200}",5000,0.19366743467989408,0.479245283018868,0.27283336693763516,25.77358490566038,0.808683415552052,0.22651554561590104
KGLS ridge-to-previous,1,10,4,"{""prior_strength"": 1.0, ""regression_window"": 200}",5000,0.20107773159577538,0.5264150943396226,0.28755840855498765,26.245283018867923,0.8244110257844683,0.2899826208175735
KGLS ridge-to-previous,2,10,4,"{""prior_strength"": 1.0, ""regression_window"": 200}",5000,0.20005973845298383,0.49056603773584906,0.2817532033335753,25.943396226415093,0.8261118852667446,0.25258662189213943
KGLS ridge-to-previous,3,10,4,"{""prior_strength"": 1.0, ""regression_window"": 200}",5000,0.21414593658181036,0.5245283018867926,0.30070634775724553,24.90566037735849,0.843956771601485,0.29338299244153676
KGLS ridge-to-previous,4,10,4,"{""prior_strength"": 1.0, ""regression_window"": 200}",5000,0.17554861979064101,0.509433962264151,0.25877696391185634,28.849056603773583,0.8198317143874282,0.22634136143656322
KGLS ridge-to-previous,5,10,4,"{""prior_strength"": 1.0, ""regression_window"": 200}",5000,0.20202715046701183,0.5339622641509434,0.2912805616608224,26.660377358490567,0.8547206428317143,0.2412321462178743
KGLS ridge-to-previous,6,10,4,"{""prior_strength"": 1.0, ""regression_window"": 200}",5000,0.1829371810265843,0.5018867924528302,0.26419308949836207,28.20754716981132,0.8166649036260998,0.2503331868596339
KGLS ridge-to-previous,7,10,4,"{""prior_strength"": 1.0, ""regression_window"": 200}",5000,0.21265276194842814,0.5641509433962265,0.30577572170364453,25.58490566037736,0.8456638356303717,0.32014204906228133
KGLS ridge-to-previous,8,10,4,"{""prior_strength"": 1.0, ""regression_window"": 200}",5000,0.20358200317584713,0.5245283018867924,0.2905611552595844,26.547169811320753,0.8277072674566445,0.25780992455324386
KGLS ridge-to-previous,9,10,4,"{""prior_strength"": 1.0, ""regression_window"": 200}",5000,0.20401892014416328,0.539622641509434,0.29312773135471726,26.69811320754717,0.8340537049280374,0.265526393304861
KGLS ridge-to-previous,10,10,4,"{""prior_strength"": 1.0, ""regression_window"": 200}",5000,0.1989376123074605,0.5433962264150944,0.2886370040948851,27.849056603773583,0.8325571886283883,0.2542039684646769
KGLS ridge-to-previous,11,10,4,"{""prior_strength"": 1.0, ""regression_window"": 200}",5000,0.17867965137480818,0.4735849056603773,0.2569444562283964,27.79245283018868,0.826613639831155,0.2331818977306141
KGLS ridge-to-previous,12,10,4,"{""prior_strength"": 1.0, ""regression_window"": 200}",5000,0.22607844974407434,0.5679245283018868,0.32006280322780406,24.90566037735849,0.8378752987845192,0.3007558652360039
KGLS ridge-to-previous,13,10,4,"{""prior_strength"": 1.0, ""regression_window"": 200}",5000,0.19812578077258347,0.5018867924528302,0.2811273097624319,26.962264150943398,0.8115698520063063,0.20640208742318716
KGLS ridge-to-previous,14,10,4,"{""prior_strength"": 1.0, ""regression_window"": 200}",5000,0.20882750303402473,0.5301886792452829,0.29712005432649213,25.471698113207548,0.829690993236027,0.2650883709222819
KGLS ridge-to-previous,15,10,4,"{""prior_strength"": 1.0, ""regression_window"": 200}",5000,0.22094873896096703,0.5773584905660376,0.3150987997807604,26.28301886792453,0.8465211819152724,0.30162781387320803
KGLS ridge-to-previous,16,10,4,"{""prior_strength"": 1.0, ""regression_window"": 200}",5000,0.20932486359482297,0.5283018867924529,0.2962078284247892,26.0188679245283,0.8456599705029751,0.2460522955916022
KGLS ridge-to-previous,17,10,4,"{""prior_strength"": 1.0, ""regression_window"": 200}",5000,0.19398969850185133,0.4943396226415094,0.27573000547109094,26.20754716981132,0.8306441539948126,0.25592434970912636
KGLS ridge-to-previous,18,10,4,"{""prior_strength"": 1.0, ""regression_window"": 200}",5000,0.17593154174462072,0.45660377358490567,0.2515837423065127,27.433962264150942,0.7973486243197885,0.22701567728629196
KGLS ridge-to-previous,19,10,4,"{""prior_strength"": 1.0, ""regression_window"": 200}",5000,0.18421374387240522,0.4981132075471698,0.2657015386714559,28.30188679245283,0.8262583532523012,0.23930307878436702
RLS forgetting,0,10,4,"{""forgetting_factor"": 0.97, ""initial_covariance"": 100.0}",5000,0.04985599152880631,0.4792452830188678,0.0902567398425676,95.28301886792453,0.647999288002848,0.06935237718675268
RLS forgetting,1,10,4,"{""forgetting_factor"": 0.97, ""initial_covariance"": 100.0}",5000,0.05370888503715814,0.5377358490566037,0.09759575004134105,97.20754716981132,0.6838472766108935,0.07705011961648547
RLS forgetting,2,10,4,"{""forgetting_factor"": 0.97, ""initial_covariance"": 100.0}",5000,0.05164621402522951,0.5018867924528302,0.09358478532969991,95.20754716981132,0.6534880740477038,0.07766009762916992
RLS forgetting,3,10,4,"{""forgetting_factor"": 0.97, ""initial_covariance"": 100.0}",5000,0.054278745358496576,0.5377358490566038,0.09851947398825837,96.52830188679245,0.6854343691196664,0.09289309815344637
RLS forgetting,4,10,4,"{""forgetting_factor"": 0.97, ""initial_covariance"": 100.0}",5000,0.05171593162570974,0.5188679245283019,0.09397160276438865,98.43396226415095,0.6556367288816559,0.08236106982998793
RLS forgetting,5,10,4,"{""forgetting_factor"": 0.97, ""initial_covariance"": 100.0}",5000,0.054508365261816384,0.5339622641509434,0.09884188137657256,95.90566037735849,0.6688559222905965,0.07277579119550691
RLS forgetting,6,10,4,"{""forgetting_factor"": 0.97, ""initial_covariance"": 100.0}",5000,0.051393106360211535,0.5150943396226415,0.0934030460684597,97.9622641509434,0.6634954991608605,0.0825362982670945
RLS forgetting,7,10,4,"{""forgetting_factor"": 0.97, ""initial_covariance"": 100.0}",5000,0.05499692610532633,0.5358490566037736,0.09968742346108453,95.11320754716981,0.6824714438285104,0.08591163880856224
RLS forgetting,8,10,4,"{""forgetting_factor"": 0.97, ""initial_covariance"": 100.0}",5000,0.05083431911309873,0.5094339622641509,0.09237130256118505,98.33962264150944,0.6679276814321314,0.07877669410802668
RLS forgetting,9,10,4,"{""forgetting_factor"": 0.97, ""initial_covariance"": 100.0}",5000,0.053523778901970756,0.5358490566037736,0.0972678040372631,97.64150943396227,0.6783277729746224,0.06950407796766395
RLS forgetting,10,10,4,"{""forgetting_factor"": 0.97, ""initial_covariance"": 100.0}",5000,0.056004311779933875,0.5566037735849058,0.10166571544942196,97.26415094339623,0.6770250216141993,0.08639044492945139
RLS forgetting,11,10,4,"{""forgetting_factor"": 0.97, ""initial_covariance"": 100.0}",5000,0.052426893477865236,0.5245283018867924,0.09528616021294926,97.98113207547169,0.6654419976605808,0.07715252331717443
RLS forgetting,12,10,4,"{""forgetting_factor"": 0.97, ""initial_covariance"": 100.0}",5000,0.05523566441483066,0.5377358490566038,0.10011539457355008,94.67924528301887,0.6740814728169658,0.10657818042668617
RLS forgetting,13,10,4,"{""forgetting_factor"": 0.97, ""initial_covariance"": 100.0}",5000,0.05009613930871563,0.5,0.09100775548201567,97.88679245283019,0.6599718252555561,0.06065051314868195
RLS forgetting,14,10,4,"{""forgetting_factor"": 0.97, ""initial_covariance"": 100.0}",5000,0.05401818699467527,0.5245283018867924,0.0978593925156925,94.75471698113208,0.6526688196104359,0.07389219706205433
RLS forgetting,15,10,4,"{""forgetting_factor"": 0.97, ""initial_covariance"": 100.0}",5000,0.053082124948506275,0.5188679245283018,0.09621375229062298,95.60377358490567,0.6678762142094289,0.08427518423526405
RLS forgetting,16,10,4,"{""forgetting_factor"": 0.97, ""initial_covariance"": 100.0}",5000,0.05196643980868342,0.5132075471698114,0.0943115885015772,97.54716981132076,0.6626991303463358,0.07538635003666884
RLS forgetting,17,10,4,"{""forgetting_factor"": 0.97, ""initial_covariance"": 100.0}",5000,0.05130541031384801,0.5075471698113208,0.09312482588244045,97.01886792452831,0.6660994761735238,0.08415003285982582
RLS forgetting,18,10,4,"{""forgetting_factor"": 0.97, ""initial_covariance"": 100.0}",5000,0.05126914761397624,0.5075471698113208,0.09307273447146329,97.0,0.6646013324518131,0.0808020067726202
RLS forgetting,19,10,4,"{""forgetting_factor"": 0.97, ""initial_covariance"": 100.0}",5000,0.052024858497679696,0.5169811320754718,0.09447830310468362,97.79245283018868,0.6498935055688349,0.07077138075501772
RLS forgetting,0,10,4,"{""forgetting_factor"": 0.99, ""initial_covariance"": 100.0}",5000,0.24704209748682854,0.46981132075471704,0.31950339685421764,20.849056603773583,0.8355089253928698,0.26172809100394484
RLS forgetting,1,10,4,"{""forgetting_factor"": 0.99, ""initial_covariance"": 100.0}",5000,0.2753918834030148,0.539622641509434,0.35597788076119674,20.471698113207548,0.8516146061130041,0.334038815655439
RLS forgetting,2,10,4,"{""forgetting_factor"": 0.99, ""initial_covariance"": 100.0}",5000,0.2688025849096945,0.4981132075471698,0.3439371250541755,19.867924528301888,0.848070945430504,0.2812827410845182
RLS forgetting,3,10,4,"{""forgetting_factor"": 0.99, ""initial_covariance"": 100.0}",5000,0.2851321389473342,0.5339622641509434,0.36414037161528245,19.867924528301888,0.8699943040227839,0.32729404534576295
RLS forgetting,4,10,4,"{""forgetting_factor"": 0.99, ""initial_covariance"": 100.0}",5000,0.25033488146603494,0.5075471698113208,0.328951743970048,21.264150943396228,0.8459176117581244,0.272440281712008
RLS forgetting,5,10,4,"{""forgetting_factor"": 0.99, ""initial_covariance"": 100.0}",5000,0.2681642950202661,0.5471698113207547,0.35599264027459365,20.830188679245282,0.8742956822458424,0.2797871894877618
RLS forgetting,6,10,4,"{""forgetting_factor"": 0.99, ""initial_covariance"": 100.0}",5000,0.25056057288018674,0.5000000000000001,0.3271126003435897,21.339622641509433,0.84651782535727,0.3034855920226666
RLS forgetting,7,10,4,"{""forgetting_factor"": 0.99, ""initial_covariance"": 100.0}",5000,0.2765970950524181,0.5433962264150944,0.36076849477015904,19.58490566037736,0.8662383156181661,0.3428067684869242
RLS forgetting,8,10,4,"{""forgetting_factor"": 0.99, ""initial_covariance"": 100.0}",5000,0.2516346185373575,0.5037735849056603,0.3308833184027496,21.962264150943398,0.8511161063927173,0.2773923998493179
RLS forgetting,9,10,4,"{""forgetting_factor"": 0.99, ""initial_covariance"": 100.0}",5000,0.2693611225145944,0.5547169811320755,0.3578550975006029,20.71698113207547,0.869224329959823,0.2970506754313738
RLS forgetting,10,10,4,"{""forgetting_factor"": 0.99, ""initial_covariance"": 100.0}",5000,0.27342018329293893,0.5471698113207547,0.35871728917167606,20.71698113207547,0.8587414941768804,0.29483403981468354
RLS forgetting,11,10,4,"{""forgetting_factor"": 0.99, ""initial_covariance"": 100.0}",5000,0.2528921306972544,0.5150943396226415,0.33539484991781193,21.20754716981132,0.8615156385088746,0.2760789312912122
RLS forgetting,12,10,4,"{""forgetting_factor"": 0.99, ""initial_covariance"": 100.0}",5000,0.2821174630463659,0.5471698113207546,0.36630449217072186,19.566037735849058,0.8569518384783603,0.3372896370746007
RLS forgetting,13,10,4,"{""forgetting_factor"": 0.99, ""initial_covariance"": 100.0}",5000,0.2556491082624876,0.49433962264150944,0.3325736763816643,20.79245283018868,0.8371791689976097,0.25256596229599687
RLS forgetting,14,10,4,"{""forgetting_factor"": 0.99, ""initial_covariance"": 100.0}",5000,0.2781641381368166,0.5320754716981132,0.36007060029210886,19.867924528301888,0.8625024665615624,0.30041390589880335
RLS forgetting,15,10,4,"{""forgetting_factor"": 0.99, ""initial_covariance"": 100.0}",5000,0.27572918450294726,0.5490566037735849,0.3581982879319157,20.433962264150942,0.8607557341199207,0.3326192926731251
RLS forgetting,16,10,4,"{""forgetting_factor"": 0.99, ""initial_covariance"": 100.0}",5000,0.28296264996698123,0.5245283018867924,0.3602980466617763,20.20754716981132,0.8707543101256167,0.2791206501348659
RLS forgetting,17,10,4,"{""forgetting_factor"": 0.99, ""initial_covariance"": 100.0}",5000,0.2458283838809864,0.4924528301886792,0.32349446970056983,21.18867924528302,0.8590945430503992,0.28010692034663504
RLS forgetting,18,10,4,"{""forgetting_factor"": 0.99, ""initial_covariance"": 100.0}",5000,0.2339590972045086,0.45094339622641516,0.30378200028173813,21.358490566037737,0.8270972893251284,0.25220387293337376
RLS forgetting,19,10,4,"{""forgetting_factor"": 0.99, ""initial_covariance"": 100.0}",5000,0.24267346623827704,0.4792452830188679,0.3176183797895976,21.50943396226415,0.8504758175253013,0.2602184368332293
Global-rate EMA,0,10,4,"{""rate"": 0.05, ""regression_window"": 200, ""ridge_alpha"": 1.0}",5000,0.869875250535628,0.4377358490566038,0.5652210902461704,6.490566037735849,0.9315835833799522,0.640341216888232
Global-rate EMA,1,10,4,"{""rate"": 0.05, ""regression_window"": 200, ""ridge_alpha"": 1.0}",5000,0.8693522934088972,0.5169811320754717,0.6319690386630374,5.830188679245283,0.9332760006102833,0.682328554683592
Global-rate EMA,2,10,4,"{""rate"": 0.05, ""regression_window"": 200, ""ridge_alpha"": 1.0}",5000,0.8551138065289009,0.4547169811320756,0.5843122776062785,6.09433962264151,0.9321449422773738,0.7108958781370339
Global-rate EMA,3,10,4,"{""rate"": 0.05, ""regression_window"": 200, ""ridge_alpha"": 1.0}",5000,0.867580113806529,0.5207547169811322,0.6329735344841273,5.660377358490566,0.9570808116767533,0.7675311467280619
Global-rate EMA,4,10,4,"{""rate"": 0.05, ""regression_window"": 200, ""ridge_alpha"": 1.0}",5000,0.8221997604073076,0.4660377358490566,0.5766918763486903,6.339622641509434,0.9481395514417942,0.6761692541288074
Global-rate EMA,5,10,4,"{""rate"": 0.05, ""regression_window"": 200, ""ridge_alpha"": 1.0}",5000,0.8481356693620844,0.5320754716981132,0.6425035275230963,5.716981132075472,0.9452578955398464,0.7280284237056547
Global-rate EMA,6,10,4,"{""rate"": 0.05, ""regression_window"": 200, ""ridge_alpha"": 1.0}",5000,0.8644354597184787,0.4584905660377358,0.5786538028243152,6.433962264150943,0.936990998321721,0.6763138324634116
Global-rate EMA,7,10,4,"{""rate"": 0.05, ""regression_window"": 200, ""ridge_alpha"": 1.0}",5000,0.8607142857142858,0.5264150943396227,0.6373390361415362,5.60377358490566,0.9512533184152978,0.7455233744278187
Global-rate EMA,8,10,4,"{""rate"": 0.05, ""regression_window"": 200, ""ridge_alpha"": 1.0}",5000,0.873150643905361,0.4811320754716981,0.6096409526049108,5.773584905660377,0.9406252352133448,0.7228701135192379
Global-rate EMA,9,10,4,"{""rate"": 0.05, ""regression_window"": 200, ""ridge_alpha"": 1.0}",5000,0.8592903427809089,0.4849056603773585,0.5997448469321826,6.169811320754717,0.9457780603163302,0.707707019423211
Global-rate EMA,10,10,4,"{""rate"": 0.05, ""regression_window"": 200, ""ridge_alpha"": 1.0}",5000,0.8431733699769216,0.5000000000000001,0.6163344688404563,6.264150943396227,0.9348013019376494,0.6542314951240727
Global-rate EMA,11,10,4,"{""rate"": 0.05, ""regression_window"": 200, ""ridge_alpha"": 1.0}",5000,0.8573477361213209,0.4773584905660378,0.6039589140471201,6.037735849056604,0.9394493210598586,0.7029218237105418
Global-rate EMA,12,10,4,"{""rate"": 0.05, ""regression_window"": 200, ""ridge_alpha"": 1.0}",5000,0.8689331078343286,0.5037735849056603,0.6240689250517512,6.09433962264151,0.9458047602095306,0.6959223743415829
Global-rate EMA,13,10,4,"{""rate"": 0.05, ""regression_window"": 200, ""ridge_alpha"": 1.0}",5000,0.8417605978926734,0.45849056603773586,0.5797200675141853,6.69811320754717,0.9416458322738137,0.641531915096364
Global-rate EMA,14,10,4,"{""rate"": 0.05, ""regression_window"": 200, ""ridge_alpha"": 1.0}",5000,0.8687045658743773,0.5150943396226416,0.6380113963442429,5.69811320754717,0.9444571021715913,0.717683489962005
Global-rate EMA,15,10,4,"{""rate"": 0.05, ""regression_window"": 200, ""ridge_alpha"": 1.0}",5000,0.8512857687385988,0.5754716981132075,0.6775508647682837,5.584905660377358,0.9514601027310177,0.7154442701426786
Global-rate EMA,16,10,4,"{""rate"": 0.05, ""regression_window"": 200, ""ridge_alpha"": 1.0}",5000,0.8947771275462729,0.5264150943396226,0.6478575668802903,5.716981132075472,0.9500214107714998,0.7306037405070851
Global-rate EMA,17,10,4,"{""rate"": 0.05, ""regression_window"": 200, ""ridge_alpha"": 1.0}",5000,0.8578616352201258,0.4867924528301886,0.6093020735908756,6.09433962264151,0.9413879875909068,0.6889224793999634
Global-rate EMA,18,10,4,"{""rate"": 0.05, ""regression_window"": 200, ""ridge_alpha"": 1.0}",5000,0.8436058700209643,0.41320754716981123,0.5421388729657322,6.9245283018867925,0.9377721609113564,0.6235160036571065
Global-rate EMA,19,10,4,"{""rate"": 0.05, ""regression_window"": 200, ""ridge_alpha"": 1.0}",5000,0.8506439053608864,0.4849056603773585,0.599911278594905,6.283018867924528,0.9375711742867314,0.6865297688830297
Global-rate EMA,0,10,4,"{""rate"": 0.25, ""regression_window"": 200, ""ridge_alpha"": 1.0}",5000,0.29772813481342003,0.4735849056603775,0.36012712384568635,17.41509433962264,0.8430007628540914,0.2847062502465303
Global-rate EMA,1,10,4,"{""rate"": 0.25, ""regression_window"": 200, ""ridge_alpha"": 1.0}",5000,0.3237930709778669,0.539622641509434,0.3984430787561047,16.867924528301888,0.8569257997253725,0.35523233720192904
Global-rate EMA,2,10,4,"{""rate"": 0.25, ""regression_window"": 200, ""ridge_alpha"": 1.0}",5000,0.3119714411237577,0.4943396226415095,0.3777085326826663,17.641509433962263,0.8571178355286578,0.32234835544599744
Global-rate EMA,3,10,4,"{""rate"": 0.25, ""regression_window"": 200, ""ridge_alpha"": 1.0}",5000,0.3364161521256612,0.5283018867924528,0.40185306666733767,16.60377358490566,0.8824429639424299,0.3595413112454613
Global-rate EMA,4,10,4,"{""rate"": 0.25, ""regression_window"": 200, ""ridge_alpha"": 1.0}",5000,0.2669890656308139,0.49433962264150955,0.34035307824263844,19.245283018867923,0.8563783247724152,0.30236470444131563
Global-rate EMA,5,10,4,"{""rate"": 0.25, ""regression_window"": 200, ""ridge_alpha"": 1.0}",5000,0.3005406624351345,0.5358490566037736,0.3801891225188748,18.566037735849058,0.8878137618878096,0.33931005084765326
Global-rate EMA,6,10,4,"{""rate"": 0.25, ""regression_window"": 200, ""ridge_alpha"": 1.0}",5000,0.2636553436339773,0.4830188679245283,0.33563652258065907,19.528301886792452,0.8491366525962467,0.31486434785120965
Global-rate EMA,7,10,4,"{""rate"": 0.25, ""regression_window"": 200, ""ridge_alpha"": 1.0}",5000,0.3099400845604191,0.5603773584905661,0.39387948409307105,17.735849056603772,0.8798758073539135,0.38015722483125886
Global-rate EMA,8,10,4,"{""rate"": 0.25, ""regression_window"": 200, ""ridge_alpha"": 1.0}",5000,0.30892660889633333,0.5169811320754717,0.37938202048671216,17.9811320754717,0.8659411076641408,0.32509494558739926
Global-rate EMA,9,10,4,"{""rate"": 0.25, ""regression_window"": 200, ""ridge_alpha"": 1.0}",5000,0.2979254307138178,0.5226415094339621,0.37277506715475445,18.150943396226417,0.8720960179016427,0.328987481459977
Global-rate EMA,10,10,4,"{""rate"": 0.25, ""regression_window"": 200, ""ridge_alpha"": 1.0}",5000,0.2983528671980101,0.5415094339622641,0.3795555544603652,18.62264150943396,0.8588682296699385,0.300968378888806
Global-rate EMA,11,10,4,"{""rate"": 0.25, ""regression_window"": 200, ""ridge_alpha"": 1.0}",5000,0.2786087936456182,0.4830188679245283,0.34828707253307306,18.735849056603772,0.8634072115140111,0.2949503815499199
Global-rate EMA,12,10,4,"{""rate"": 0.25, ""regression_window"": 200, ""ridge_alpha"": 1.0}",5000,0.3264748859539791,0.5283018867924528,0.39514991973274693,16.849056603773583,0.8661172761023241,0.3648163381567892
Global-rate EMA,13,10,4,"{""rate"": 0.25, ""regression_window"": 200, ""ridge_alpha"": 1.0}",5000,0.3015824264541682,0.4943396226415094,0.3682366722779165,18.150943396226417,0.853593754767838,0.25786029881239014
Global-rate EMA,14,10,4,"{""rate"": 0.25, ""regression_window"": 200, ""ridge_alpha"": 1.0}",5000,0.3149390712589117,0.5264150943396226,0.3863518773344895,17.660377358490567,0.8633416060621472,0.35515075524024525
Global-rate EMA,15,10,4,"{""rate"": 0.25, ""regression_window"": 200, ""ridge_alpha"": 1.0}",5000,0.33207202492713195,0.5735849056603772,0.4108606899164859,17.49056603773585,0.8790050348370035,0.3692003336880354
Global-rate EMA,16,10,4,"{""rate"": 0.25, ""regression_window"": 200, ""ridge_alpha"": 1.0}",5000,0.3301679939248971,0.5339622641509434,0.3996977571310845,17.32075471698113,0.8772689823526421,0.3147563274226359
Global-rate EMA,17,10,4,"{""rate"": 0.25, ""regression_window"": 200, ""ridge_alpha"": 1.0}",5000,0.29522891061783235,0.4867924528301887,0.3608986168401679,18.169811320754718,0.8639614504399126,0.32708778470797656
Global-rate EMA,18,10,4,"{""rate"": 0.25, ""regression_window"": 200, ""ridge_alpha"": 1.0}",5000,0.2654230118655611,0.4528301886792454,0.33017843365716726,18.77358490566038,0.8341901032395871,0.2766607358981583
Global-rate EMA,19,10,4,"{""rate"": 0.25, ""regression_window"": 200, ""ridge_alpha"": 1.0}",5000,0.2864031289629672,0.5150943396226415,0.36181641616756816,19.245283018867923,0.8620616386105884,0.3092123093263895
KGLS ridge-to-previous,0,20,1,"{""prior_strength"": 0.1, ""regression_window"": 200}",5000,0.43079862965116394,0.5386792452830189,0.4713704865928856,24.18867924528302,0.8596771785135082,0.45487351585225305
KGLS ridge-to-previous,1,20,1,"{""prior_strength"": 0.1, ""regression_window"": 200}",5000,0.39631470257434054,0.5330188679245284,0.4504207542679837,25.69811320754717,0.8708338772200467,0.44186773039523486
KGLS ridge-to-previous,2,20,1,"{""prior_strength"": 0.1, ""regression_window"": 200}",5000,0.3951895654179131,0.5254716981132075,0.4466921467041054,25.67924528301887,0.8577451940192239,0.44840760920211176
KGLS ridge-to-previous,3,20,1,"{""prior_strength"": 0.1, ""regression_window"": 200}",5000,0.38814178772508456,0.4858490566037736,0.42553797114779257,25.849056603773583,0.8395696372770064,0.41381258450482783
KGLS ridge-to-previous,4,20,1,"{""prior_strength"": 0.1, ""regression_window"": 200}",5000,0.42220828677427596,0.5367924528301887,0.4677308498035388,24.358490566037737,0.8603902139946996,0.45805846208208745
KGLS ridge-to-previous,5,20,1,"{""prior_strength"": 0.1, ""regression_window"": 200}",5000,0.4080317794532116,0.5122641509433962,0.4489793575842469,24.90566037735849,0.8546270420473874,0.42594325311303427
KGLS ridge-to-previous,6,20,1,"{""prior_strength"": 0.1, ""regression_window"": 200}",5000,0.39196654894530586,0.5283018867924528,0.4468593955400274,26.0188679245283,0.856207700446976,0.4448215078461409
KGLS ridge-to-previous,7,20,1,"{""prior_strength"": 0.1, ""regression_window"": 200}",5000,0.40454399699735427,0.5424528301886793,0.46025681346165254,25.339622641509433,0.8693586092322297,0.46321775887868
KGLS ridge-to-previous,8,20,1,"{""prior_strength"": 0.1, ""regression_window"": 200}",5000,0.40695543469681156,0.5245283018867924,0.45500970463826307,25.0,0.8569933942486452,0.4350679718068504
KGLS ridge-to-previous,9,20,1,"{""prior_strength"": 0.1, ""regression_window"": 200}",5000,0.4052482833315038,0.5433962264150943,0.45955373040803116,25.37735849056604,0.8603005715754914,0.47359885990230455
KGLS ridge-to-previous,10,20,1,"{""prior_strength"": 0.1, ""regression_window"": 200}",5000,0.4125702999301844,0.5367924528301886,0.4628672860914027,24.88679245283019,0.8633275978007199,0.4568146335160651
KGLS ridge-to-previous,11,20,1,"{""prior_strength"": 0.1, ""regression_window"": 200}",5000,0.4037190880837288,0.5320754716981132,0.45493606786322,25.39622641509434,0.8606996608124678,0.45514295123768217
KGLS ridge-to-previous,12,20,1,"{""prior_strength"": 0.1, ""regression_window"": 200}",5000,0.3981971063333193,0.5216981132075471,0.4475300851528026,25.754716981132077,0.8508189697796764,0.43644098946980914
KGLS ridge-to-previous,13,20,1,"{""prior_strength"": 0.1, ""regression_window"": 200}",5000,0.4001181578673927,0.5339622641509434,0.453013327841575,25.547169811320753,0.8634400834618884,0.45750511684957484
KGLS ridge-to-previous,14,20,1,"{""prior_strength"": 0.1, ""regression_window"": 200}",5000,0.4030049307815224,0.5311320754716982,0.45362331661326544,25.60377358490566,0.8604334035441636,0.457710729798571
KGLS ridge-to-previous,15,20,1,"{""prior_strength"": 0.1, ""regression_window"": 200}",5000,0.40005620174078294,0.518867924528302,0.4458257421536394,25.754716981132077,0.8555121435069816,0.460381303738884
KGLS ridge-to-previous,16,20,1,"{""prior_strength"": 0.1, ""regression_window"": 200}",5000,0.40423520617741665,0.5415094339622641,0.4582510403907327,25.264150943396228,0.8753882856690796,0.46594430634569606
KGLS ridge-to-previous,17,20,1,"{""prior_strength"": 0.1, ""regression_window"": 200}",5000,0.42390681906184047,0.5556603773584905,0.4765139943090178,24.547169811320753,0.8702781238875045,0.48766441550179396
KGLS ridge-to-previous,18,20,1,"{""prior_strength"": 0.1, ""regression_window"": 200}",5000,0.4162198749804689,0.5481132075471699,0.46925211439294073,24.528301886792452,0.8633723942882007,0.4728975753468542
KGLS ridge-to-previous,19,20,1,"{""prior_strength"": 0.1, ""regression_window"": 200}",5000,0.4379688392726636,0.5735849056603773,0.4927744839375808,23.566037735849058,0.8686324463035481,0.5249612399158472
KGLS ridge-to-previous,0,20,1,"{""prior_strength"": 1.0, ""regression_window"": 200}",5000,0.4310217986509611,0.5386792452830189,0.47153326868685524,24.169811320754718,0.8597910486135834,0.4550368771124323
KGLS ridge-to-previous,1,20,1,"{""prior_strength"": 1.0, ""regression_window"": 200}",5000,0.3972726590286054,0.5330188679245284,0.451001681466256,25.641509433962263,0.8709394406866817,0.4422513373873606
KGLS ridge-to-previous,2,20,1,"{""prior_strength"": 1.0, ""regression_window"": 200}",5000,0.3968962833943226,0.5235849056603773,0.4472491642104349,25.566037735849058,0.857872092678296,0.4486177288605291
KGLS ridge-to-previous,3,20,1,"{""prior_strength"": 1.0, ""regression_window"": 200}",5000,0.3882631577735887,0.4858490566037736,0.4256747622016525,25.830188679245282,0.8396855098690716,0.4140247846803311
KGLS ridge-to-previous,4,20,1,"{""prior_strength"": 1.0, ""regression_window"": 200}",5000,0.42254863300299883,0.5367924528301887,0.46798656633581426,24.339622641509433,0.8604674953522408,0.4582607360862756
KGLS ridge-to-previous,5,20,1,"{""prior_strength"": 1.0, ""regression_window"": 200}",5000,0.4097225561705416,0.5132075471698112,0.45041664782752744,24.849056603773583,0.8547106028242554,0.4261821471611098
KGLS ridge-to-previous,6,20,1,"{""prior_strength"": 1.0, ""regression_window"": 200}",5000,0.3925832367800003,0.5283018867924528,0.44722085649064824,26.0,0.8563337338317314,0.4451295310589216
KGLS ridge-to-previous,7,20,1,"{""prior_strength"": 1.0, ""regression_window"": 200}",5000,0.4043740719949903,0.5424528301886793,0.4600584970111218,25.37735849056604,0.8694730232190182,0.4635891926463959
KGLS ridge-to-previous,8,20,1,"{""prior_strength"": 1.0, ""regression_window"": 200}",5000,0.4074639456026193,0.5254716981132076,0.4556921490023172,25.0,0.8570719117123532,0.4354216687963838
KGLS ridge-to-previous,9,20,1,"{""prior_strength"": 1.0, ""regression_window"": 200}",5000,0.4053715104290157,0.5433962264150943,0.4596376773422284,25.37735849056604,0.860398322851153,0.47396191903366597
KGLS ridge-to-previous,10,20,1,"{""prior_strength"": 1.0, ""regression_window"": 200}",5000,0.4105799525828081,0.5349056603773584,0.4608166508646767,25.0,0.8634133341244413,0.456982738139462
KGLS ridge-to-previous,11,20,1,"{""prior_strength"": 1.0, ""regression_window"": 200}",5000,0.40465702709188517,0.5330188679245284,0.4558240388320535,25.32075471698113,0.8608271528024999,0.4554088301681318
KGLS ridge-to-previous,12,20,1,"{""prior_strength"": 1.0, ""regression_window"": 200}",5000,0.39846085151489774,0.5216981132075471,0.44772246399113047,25.735849056603772,0.8508982289070843,0.4365676447282684
KGLS ridge-to-previous,13,20,1,"{""prior_strength"": 1.0, ""regression_window"": 200}",5000,0.40125513764925597,0.5349056603773584,0.4541680579693779,25.452830188679247,0.86354428721174,0.4579424328682107
KGLS ridge-to-previous,14,20,1,"{""prior_strength"": 1.0, ""regression_window"": 200}",5000,0.40339173644718485,0.5311320754716982,0.4539263994724181,25.566037735849058,0.8605658894031091,0.4580240061970168
KGLS ridge-to-previous,15,20,1,"{""prior_strength"": 1.0, ""regression_window"": 200}",5000,0.40069837655239415,0.518867924528302,0.4463264117835921,25.69811320754717,0.8556366193979669,0.4605048393857708
KGLS ridge-to-previous,16,20,1,"{""prior_strength"": 1.0, ""regression_window"": 200}",5000,0.4051321370100989,0.5415094339622641,0.45888610804573077,25.18867924528302,0.8754904374826945,0.46623288126049883
KGLS ridge-to-previous,17,20,1,"{""prior_strength"": 1.0, ""regression_window"": 200}",5000,0.422502849506827,0.5547169811320755,0.475391993213239,24.62264150943396,0.8703748862782327,0.4878443144720513
KGLS ridge-to-previous,18,20,1,"{""prior_strength"": 1.0, ""regression_window"": 200}",5000,0.4168220869521271,0.5481132075471699,0.46956875134374754,24.50943396226415,0.8634532356315019,0.47326101250644736
KGLS ridge-to-previous,19,20,1,"{""prior_strength"": 1.0, ""regression_window"": 200}",5000,0.4376080177779882,0.5735849056603773,0.49237295459029895,23.62264150943396,0.8687031268541593,0.5251762892709155
RLS forgetting,0,20,1,"{""forgetting_factor"": 0.97, ""initial_covariance"": 100.0}",5000,0.11103244528733619,0.5386792452830188,0.18387391109178597,94.0754716981132,0.6911892082987223,0.1542214851943559
RLS forgetting,1,20,1,"{""forgetting_factor"": 0.97, ""initial_covariance"": 100.0}",5000,0.10654129503456859,0.5113207547169811,0.1761220974685166,93.67924528301887,0.682891128713263,0.14751025775772406
RLS forgetting,2,20,1,"{""forgetting_factor"": 0.97, ""initial_covariance"": 100.0}",5000,0.1031715144659729,0.4962264150943397,0.17069692335175818,95.33962264150944,0.6870977710533602,0.1471271483112964
RLS forgetting,3,20,1,"{""forgetting_factor"": 0.97, ""initial_covariance"": 100.0}",5000,0.10060790303652496,0.49716981132075466,0.16712723547628822,97.16981132075472,0.6668303024010126,0.1351356170696261
RLS forgetting,4,20,1,"{""forgetting_factor"": 0.97, ""initial_covariance"": 100.0}",5000,0.10818163472981433,0.5339622641509434,0.17976601561948324,95.67924528301887,0.6877997063011748,0.15966940999640017
RLS forgetting,5,20,1,"{""forgetting_factor"": 0.97, ""initial_covariance"": 100.0}",5000,0.10304283476370904,0.5000000000000001,0.1706657653102685,95.58490566037736,0.6678456152842055,0.13739413988756127
RLS forgetting,6,20,1,"{""forgetting_factor"": 0.97, ""initial_covariance"": 100.0}",5000,0.10824526875425132,0.531132075471698,0.1797019654690066,95.9245283018868,0.6857313298524583,0.15245662624591033
RLS forgetting,7,20,1,"{""forgetting_factor"": 0.97, ""initial_covariance"": 100.0}",5000,0.11151073716448266,0.5358490566037736,0.18438476517408564,93.22641509433963,0.6968487698271429,0.16732314361797707
RLS forgetting,8,20,1,"{""forgetting_factor"": 0.97, ""initial_covariance"": 100.0}",5000,0.10897470981903508,0.5349056603773585,0.18086997988868328,95.01886792452831,0.685019481033187,0.13818059010803582
RLS forgetting,9,20,1,"{""forgetting_factor"": 0.97, ""initial_covariance"": 100.0}",5000,0.1084802758346328,0.5283018867924528,0.179843683526544,94.56603773584905,0.6907088821644713,0.1556160843031467
RLS forgetting,10,20,1,"{""forgetting_factor"": 0.97, ""initial_covariance"": 100.0}",5000,0.11004011328254676,0.5349056603773584,0.18228611744558387,94.75471698113208,0.6846835568213283,0.145697739398603
RLS forgetting,11,20,1,"{""forgetting_factor"": 0.97, ""initial_covariance"": 100.0}",5000,0.11084195461202051,0.5358490566037736,0.18344638547874842,94.11320754716981,0.6930429967169021,0.15240387773626582
RLS forgetting,12,20,1,"{""forgetting_factor"": 0.97, ""initial_covariance"": 100.0}",5000,0.10565024118940405,0.5179245283018867,0.17534152091235525,95.52830188679245,0.672666973220996,0.1455346628668834
RLS forgetting,13,20,1,"{""forgetting_factor"": 0.97, ""initial_covariance"": 100.0}",5000,0.10797759994115252,0.5311320754716983,0.17927642036323516,95.83018867924528,0.6845246677346624,0.14517122199137839
RLS forgetting,14,20,1,"{""forgetting_factor"": 0.97, ""initial_covariance"": 100.0}",5000,0.10282220909183516,0.5,0.17040354163873475,95.66037735849056,0.6712991970254342,0.14981126335968004
RLS forgetting,15,20,1,"{""forgetting_factor"": 0.97, ""initial_covariance"": 100.0}",5000,0.10542905476047647,0.5264150943396226,0.1755112146872254,97.15094339622641,0.6919834806771884,0.14934777485686043
RLS forgetting,16,20,1,"{""forgetting_factor"": 0.97, ""initial_covariance"": 100.0}",5000,0.1025878623326888,0.5009433962264151,0.17013820996706694,95.94339622641509,0.6728148115185317,0.13772226379688932
RLS forgetting,17,20,1,"{""forgetting_factor"": 0.97, ""initial_covariance"": 100.0}",5000,0.11301293563406552,0.5311320754716982,0.18611486590351345,91.49056603773585,0.6903016840710415,0.16245094916364106
RLS forgetting,18,20,1,"{""forgetting_factor"": 0.97, ""initial_covariance"": 100.0}",5000,0.11087458797252037,0.529245283018868,0.1831631630329109,92.64150943396227,0.6986535342747517,0.1522138450159852
RLS forgetting,19,20,1,"{""forgetting_factor"": 0.97, ""initial_covariance"": 100.0}",5000,0.11304430116014437,0.5556603773584905,0.1876944683254048,94.52830188679245,0.7047950288754401,0.18188688704421613
RLS forgetting,0,20,1,"{""forgetting_factor"": 0.99, ""initial_covariance"": 100.0}",5000,0.4427539477373725,0.5311320754716982,0.47752950742418115,23.150943396226417,0.8677178513508168,0.4745751710331329
RLS forgetting,1,20,1,"{""forgetting_factor"": 0.99, ""initial_covariance"": 100.0}",5000,0.4447333620951796,0.5443396226415095,0.48371301569979963,23.11320754716981,0.874017641707211,0.4502666066944778
RLS forgetting,2,20,1,"{""forgetting_factor"": 0.99, ""initial_covariance"": 100.0}",5000,0.4320407049503921,0.5207547169811321,0.46686878230230366,23.81132075471698,0.8670138394446423,0.45432197174279587
RLS forgetting,3,20,1,"{""forgetting_factor"": 0.99, ""initial_covariance"": 100.0}",5000,0.41692598808362485,0.4820754716981132,0.44024421161906147,24.566037735849058,0.8460259928404731,0.43165592778128564
RLS forgetting,4,20,1,"{""forgetting_factor"": 0.99, ""initial_covariance"": 100.0}",5000,0.44018486732837886,0.5349056603773584,0.47689363829176745,23.41509433962264,0.8731237144495867,0.4763022938677068
RLS forgetting,5,20,1,"{""forgetting_factor"": 0.99, ""initial_covariance"": 100.0}",5000,0.42735500998988724,0.5028301886792452,0.4556482433246091,23.830188679245282,0.8593798702582968,0.43657807902575624
RLS forgetting,6,20,1,"{""forgetting_factor"": 0.99, ""initial_covariance"": 100.0}",5000,0.4354021764634409,0.5273584905660377,0.4725064249820263,23.58490566037736,0.8645142597207389,0.46383339723138806
RLS forgetting,7,20,1,"{""forgetting_factor"": 0.99, ""initial_covariance"": 100.0}",5000,0.4488740275495252,0.5358490566037736,0.48311310486936576,22.962264150943398,0.8806960266603377,0.4781331565310542
RLS forgetting,8,20,1,"{""forgetting_factor"": 0.99, ""initial_covariance"": 100.0}",5000,0.43590263456130945,0.5320754716981132,0.475595835285814,23.77358490566038,0.8687423361417665,0.447866256966873
RLS forgetting,9,20,1,"{""forgetting_factor"": 0.99, ""initial_covariance"": 100.0}",5000,0.43842366685600087,0.5330188679245284,0.4757029971842793,23.471698113207548,0.8733702929077173,0.4888355310565018
RLS forgetting,10,20,1,"{""forgetting_factor"": 0.99, ""initial_covariance"": 100.0}",5000,0.448070209836621,0.5320754716981132,0.4833366975363525,23.150943396226417,0.8677415845892172,0.4666464829193916
RLS forgetting,11,20,1,"{""forgetting_factor"": 0.99, ""initial_covariance"": 100.0}",5000,0.4539085933681311,0.5415094339622641,0.48745622986899784,23.11320754716981,0.873371751512994,0.4703026338695394
RLS forgetting,12,20,1,"{""forgetting_factor"": 0.99, ""initial_covariance"": 100.0}",5000,0.44435395562834107,0.5254716981132075,0.47529805847455975,23.358490566037737,0.8655582749891223,0.4488490783345041
RLS forgetting,13,20,1,"{""forgetting_factor"": 0.99, ""initial_covariance"": 100.0}",5000,0.43436700812680834,0.5377358490566038,0.4743611521577272,23.962264150943398,0.8750474664768008,0.46237222582151666
RLS forgetting,14,20,1,"{""forgetting_factor"": 0.99, ""initial_covariance"": 100.0}",5000,0.42802629278074433,0.5264150943396227,0.46802756410556645,24.20754716981132,0.864704125627942,0.4556992831293811
RLS forgetting,15,20,1,"{""forgetting_factor"": 0.99, ""initial_covariance"": 100.0}",5000,0.4510723995891636,0.539622641509434,0.48566601093140616,23.11320754716981,0.8690467149242515,0.4735022231282841
RLS forgetting,16,20,1,"{""forgetting_factor"": 0.99, ""initial_covariance"": 100.0}",5000,0.4277287439529994,0.5094339622641509,0.4594884315383658,24.0,0.8796495391796211,0.4656295639691875
RLS forgetting,17,20,1,"{""forgetting_factor"": 0.99, ""initial_covariance"": 100.0}",5000,0.4318979913088211,0.5490566037735849,0.47727587969077556,24.09433962264151,0.8756196105771132,0.4971068020979273
RLS forgetting,18,20,1,"{""forgetting_factor"": 0.99, ""initial_covariance"": 100.0}",5000,0.44796558854963187,0.5481132075471699,0.4879399547984103,23.0188679245283,0.8692756912305684,0.49020906146164495
RLS forgetting,19,20,1,"{""forgetting_factor"": 0.99, ""initial_covariance"": 100.0}",5000,0.4744580394357708,0.5716981132075472,0.5135834073957696,21.88679245283019,0.8806402782722202,0.5297441049916473
Global-rate EMA,0,20,1,"{""rate"": 0.05, ""regression_window"": 200, ""ridge_alpha"": 1.0}",5000,0.9004777875454133,0.5301886792452829,0.6475045804949331,12.79245283018868,0.9500924112970215,0.6496528968464198
Global-rate EMA,1,20,1,"{""rate"": 0.05, ""regression_window"": 200, ""ridge_alpha"": 1.0}",5000,0.8939100587116201,0.5169811320754716,0.6435277342695747,13.283018867924529,0.9519192773228907,0.6324244181032693
Global-rate EMA,2,20,1,"{""rate"": 0.05, ""regression_window"": 200, ""ridge_alpha"": 1.0}",5000,0.8985785810563834,0.5113207547169811,0.63832672301399,12.69811320754717,0.9535048554250227,0.6596262956759172
Global-rate EMA,3,20,1,"{""rate"": 0.05, ""regression_window"": 200, ""ridge_alpha"": 1.0}",5000,0.8971317232658057,0.4632075471698114,0.5963014041377447,13.81132075471698,0.9426592104742693,0.6246903565518217
Global-rate EMA,4,20,1,"{""rate"": 0.05, ""regression_window"": 200, ""ridge_alpha"": 1.0}",5000,0.9141257255359403,0.5528301886792453,0.6748590295308253,12.69811320754717,0.9490625123610616,0.6150130563555359
Global-rate EMA,5,20,1,"{""rate"": 0.05, ""regression_window"": 200, ""ridge_alpha"": 1.0}",5000,0.8967810348616009,0.488679245283019,0.6165652660314253,13.962264150943396,0.9433011451287528,0.5987456793071988
Global-rate EMA,6,20,1,"{""rate"": 0.05, ""regression_window"": 200, ""ridge_alpha"": 1.0}",5000,0.8968988765289658,0.5339622641509434,0.6549685550987713,12.415094339622641,0.9447881561251533,0.6346161714157389
Global-rate EMA,7,20,1,"{""rate"": 0.05, ""regression_window"": 200, ""ridge_alpha"": 1.0}",5000,0.9027531608003145,0.5613207547169811,0.6816157534657111,12.226415094339623,0.9536060183537044,0.6576224950411317
Global-rate EMA,8,20,1,"{""rate"": 0.05, ""regression_window"": 200, ""ridge_alpha"": 1.0}",5000,0.8964668455234494,0.5349056603773585,0.6561567737255966,13.30188679245283,0.9504124391835767,0.6016919597679192
Global-rate EMA,9,20,1,"{""rate"": 0.05, ""regression_window"": 200, ""ridge_alpha"": 1.0}",5000,0.9101241817551181,0.5556603773584905,0.6748888923238416,11.981132075471699,0.9531175091966299,0.65827228956139
Global-rate EMA,10,20,1,"{""rate"": 0.05, ""regression_window"": 200, ""ridge_alpha"": 1.0}",5000,0.8923971332758234,0.5537735849056603,0.671689246365539,12.830188679245284,0.94729391637989,0.6286416586613157
Global-rate EMA,11,20,1,"{""rate"": 0.05, ""regression_window"": 200, ""ridge_alpha"": 1.0}",5000,0.9163074202599251,0.5499999999999999,0.6728661129296538,12.283018867924529,0.949268472370555,0.6567094514251949
Global-rate EMA,12,20,1,"{""rate"": 0.05, ""regression_window"": 200, ""ridge_alpha"": 1.0}",5000,0.925453862953863,0.5216981132075471,0.6502861641437007,12.69811320754717,0.9498272912463905,0.6381736696354171
Global-rate EMA,13,20,1,"{""rate"": 0.05, ""regression_window"": 200, ""ridge_alpha"": 1.0}",5000,0.9158016236685887,0.5443396226415095,0.6684719821787722,12.773584905660377,0.9486203819073613,0.6289955682517967
Global-rate EMA,14,20,1,"{""rate"": 0.05, ""regression_window"": 200, ""ridge_alpha"": 1.0}",5000,0.8941430065723379,0.5330188679245284,0.6577132732353504,12.49056603773585,0.9489546497369566,0.6723454980637206
Global-rate EMA,15,20,1,"{""rate"": 0.05, ""regression_window"": 200, ""ridge_alpha"": 1.0}",5000,0.9100033007927744,0.5245283018867924,0.6562434212209678,13.11320754716981,0.9468877813377635,0.6332592120968707
Global-rate EMA,16,20,1,"{""rate"": 0.05, ""regression_window"": 200, ""ridge_alpha"": 1.0}",5000,0.9021895375984892,0.5490566037735849,0.6734668653217641,12.245283018867925,0.9525742158142478,0.6691274999735607
Global-rate EMA,17,20,1,"{""rate"": 0.05, ""regression_window"": 200, ""ridge_alpha"": 1.0}",5000,0.9154149776110466,0.5754716981132076,0.6946105467344382,12.018867924528301,0.9480318223171552,0.6350108432193664
Global-rate EMA,18,20,1,"{""rate"": 0.05, ""regression_window"": 200, ""ridge_alpha"": 1.0}",5000,0.9040209679332877,0.5528301886792453,0.675673520305747,12.20754716981132,0.9464566769510699,0.6465153802402867
Global-rate EMA,19,20,1,"{""rate"": 0.05, ""regression_window"": 200, ""ridge_alpha"": 1.0}",5000,0.9155589919740863,0.5669811320754717,0.6917570343051983,12.075471698113208,0.9516246390569993,0.6506930958811542
Global-rate EMA,0,20,1,"{""rate"": 0.25, ""regression_window"": 200, ""ridge_alpha"": 1.0}",5000,0.56102820504489,0.5264150943396226,0.5322965361963727,18.50943396226415,0.8870118122305288,0.5209986492230203
Global-rate EMA,1,20,1,"{""rate"": 0.25, ""regression_window"": 200, ""ridge_alpha"": 1.0}",5000,0.5339818962337458,0.5320754716981132,0.5249538595493547,19.28301886792453,0.8956529607214905,0.5078320202744953
Global-rate EMA,2,20,1,"{""rate"": 0.25, ""regression_window"": 200, ""ridge_alpha"": 1.0}",5000,0.5250510303572563,0.5122641509433962,0.5109434511717453,19.339622641509433,0.8891484217396464,0.5298578335510391
Global-rate EMA,3,20,1,"{""rate"": 0.25, ""regression_window"": 200, ""ridge_alpha"": 1.0}",5000,0.5336853824547307,0.4915094339622642,0.5038690850327384,19.547169811320753,0.8730801293461493,0.4787397346076985
Global-rate EMA,4,20,1,"{""rate"": 0.25, ""regression_window"": 200, ""ridge_alpha"": 1.0}",5000,0.5619031936832245,0.539622641509434,0.5424443734498061,18.547169811320753,0.8869515644159646,0.5293107422677605
Global-rate EMA,5,20,1,"{""rate"": 0.25, ""regression_window"": 200, ""ridge_alpha"": 1.0}",5000,0.5297176561791738,0.5122641509433962,0.5125588457692191,19.50943396226415,0.883043515881492,0.48835595081791466
Global-rate EMA,6,20,1,"{""rate"": 0.25, ""regression_window"": 200, ""ridge_alpha"": 1.0}",5000,0.5299538335798382,0.520754716981132,0.5180748569223625,19.867924528301888,0.8844527016336379,0.5128049604909124
Global-rate EMA,7,20,1,"{""rate"": 0.25, ""regression_window"": 200, ""ridge_alpha"": 1.0}",5000,0.5479429941966637,0.5528301886792454,0.5431847639669185,18.88679245283019,0.8997310727423757,0.5362416977448528
Global-rate EMA,8,20,1,"{""rate"": 0.25, ""regression_window"": 200, ""ridge_alpha"": 1.0}",5000,0.5350786602053882,0.5207547169811321,0.5225206392724596,19.150943396226417,0.8832113049325581,0.5142790904698308
Global-rate EMA,9,20,1,"{""rate"": 0.25, ""regression_window"": 200, ""ridge_alpha"": 1.0}",5000,0.5363666874425657,0.5518867924528302,0.5385867073145549,19.169811320754718,0.884708278944662,0.5432363441536485
Global-rate EMA,10,20,1,"{""rate"": 0.25, ""regression_window"": 200, ""ridge_alpha"": 1.0}",5000,0.546285269344945,0.5509433962264151,0.5437801999732503,18.79245283018868,0.8880467792017721,0.5196391177960948
Global-rate EMA,11,20,1,"{""rate"": 0.25, ""regression_window"": 200, ""ridge_alpha"": 1.0}",5000,0.5474547572789076,0.5452830188679244,0.5405154448158113,18.81132075471698,0.8853982239626597,0.5213721856660319
Global-rate EMA,12,20,1,"{""rate"": 0.25, ""regression_window"": 200, ""ridge_alpha"": 1.0}",5000,0.5352533807907156,0.5179245283018868,0.5191296728597671,19.41509433962264,0.8788983574621257,0.5004056399145512
Global-rate EMA,13,20,1,"{""rate"": 0.25, ""regression_window"": 200, ""ridge_alpha"": 1.0}",5000,0.5347318525292337,0.5396226415094341,0.5309724276062583,19.150943396226417,0.8910755854198805,0.5351787858190535
Global-rate EMA,14,20,1,"{""rate"": 0.25, ""regression_window"": 200, ""ridge_alpha"": 1.0}",5000,0.5257158106439861,0.5207547169811321,0.5178433538904539,19.641509433962263,0.8887641410545469,0.5317156482505541
Global-rate EMA,15,20,1,"{""rate"": 0.25, ""regression_window"": 200, ""ridge_alpha"": 1.0}",5000,0.5355498790853418,0.5207547169811321,0.5209970289415956,19.58490566037736,0.8853945898105297,0.5171252934185991
Global-rate EMA,16,20,1,"{""rate"": 0.25, ""regression_window"": 200, ""ridge_alpha"": 1.0}",5000,0.546207234286669,0.5452830188679245,0.5398783103708287,18.77358490566038,0.9009464617697085,0.5321406495811274
Global-rate EMA,17,20,1,"{""rate"": 0.25, ""regression_window"": 200, ""ridge_alpha"": 1.0}",5000,0.5636110205935737,0.5556603773584905,0.5524992130832249,18.547169811320753,0.8940590265416716,0.5462660804653398
Global-rate EMA,18,20,1,"{""rate"": 0.25, ""regression_window"": 200, ""ridge_alpha"": 1.0}",5000,0.5575203716955699,0.539622641509434,0.5415146010812014,18.32075471698113,0.8860709376606938,0.5459051675805492
Global-rate EMA,19,20,1,"{""rate"": 0.25, ""regression_window"": 200, ""ridge_alpha"": 1.0}",5000,0.5828555038996759,0.559433962264151,0.5658378359136419,17.452830188679247,0.8944783137534117,0.580103933319595
KGLS ridge-to-previous,0,20,2,"{""prior_strength"": 0.1, ""regression_window"": 200}",5000,0.19832925395134457,0.5339622641509434,0.28662414664980873,54.075471698113205,0.8424951531274956,0.26442346749533036
KGLS ridge-to-previous,1,20,2,"{""prior_strength"": 0.1, ""regression_window"": 200}",5000,0.19125152259852887,0.5113207547169811,0.27631020689361896,54.79245283018868,0.8264149259619178,0.2353037825982513
KGLS ridge-to-previous,2,20,2,"{""prior_strength"": 0.1, ""regression_window"": 200}",5000,0.19647990737229692,0.5452830188679244,0.2878700395832282,54.924528301886795,0.8337590322611682,0.2740443543687542
KGLS ridge-to-previous,3,20,2,"{""prior_strength"": 0.1, ""regression_window"": 200}",5000,0.1941502813572399,0.5103773584905661,0.2800483009404302,53.283018867924525,0.825056502746962,0.25319470662876353
KGLS ridge-to-previous,4,20,2,"{""prior_strength"": 0.1, ""regression_window"": 200}",5000,0.20247334736689318,0.5452830188679245,0.29341616934144854,53.471698113207545,0.8469594714864384,0.2648475838719331
KGLS ridge-to-previous,5,20,2,"{""prior_strength"": 0.1, ""regression_window"": 200}",5000,0.18369897561496015,0.48679245283018874,0.2653249827946137,54.41509433962264,0.8228772983556715,0.24901601797262538
KGLS ridge-to-previous,6,20,2,"{""prior_strength"": 0.1, ""regression_window"": 200}",5000,0.20171349972786826,0.5349056603773584,0.29089125958100975,53.113207547169814,0.8484281099362089,0.27664802921374715
KGLS ridge-to-previous,7,20,2,"{""prior_strength"": 0.1, ""regression_window"": 200}",5000,0.20141703373970768,0.540566037735849,0.2922647692712819,53.56603773584906,0.8420836500437782,0.26469449946376267
KGLS ridge-to-previous,8,20,2,"{""prior_strength"": 0.1, ""regression_window"": 200}",5000,0.21561706070235442,0.589622641509434,0.31422759824179514,52.45283018867924,0.8638368708687327,0.2995942082324919
KGLS ridge-to-previous,9,20,2,"{""prior_strength"": 0.1, ""regression_window"": 200}",5000,0.19869134686665052,0.5216981132075471,0.2864616067994007,52.943396226415096,0.8341155600242464,0.26459910187843005
KGLS ridge-to-previous,10,20,2,"{""prior_strength"": 0.1, ""regression_window"": 200}",5000,0.20583413610083995,0.5518867924528302,0.298288650151549,53.132075471698116,0.8445884127274301,0.3008157735525902
KGLS ridge-to-previous,11,20,2,"{""prior_strength"": 0.1, ""regression_window"": 200}",5000,0.1944214078258811,0.5320754716981133,0.28315506096744525,55.16981132075472,0.8482788070199071,0.22984057440700312
KGLS ridge-to-previous,12,20,2,"{""prior_strength"": 0.1, ""regression_window"": 200}",5000,0.20343495280536628,0.5462264150943396,0.29481832917422734,53.471698113207545,0.842775357682353,0.2688579637121448
KGLS ridge-to-previous,13,20,2,"{""prior_strength"": 0.1, ""regression_window"": 200}",5000,0.1987173872899161,0.5471698113207548,0.2894606137149518,54.660377358490564,0.8364800640797437,0.27189889984713983
KGLS ridge-to-previous,14,20,2,"{""prior_strength"": 0.1, ""regression_window"": 200}",5000,0.20577447508614655,0.5349056603773584,0.29577646434152843,51.9622641509434,0.8458460017511281,0.2709928864110319
KGLS ridge-to-previous,15,20,2,"{""prior_strength"": 0.1, ""regression_window"": 200}",5000,0.19207788485297767,0.5084905660377359,0.2772039635303748,53.924528301886795,0.8284920934640586,0.27626369581688626
KGLS ridge-to-previous,16,20,2,"{""prior_strength"": 0.1, ""regression_window"": 200}",5000,0.19079959086648354,0.5283018867924529,0.27892239786200346,55.698113207547166,0.8404792630829476,0.2602593324045828
KGLS ridge-to-previous,17,20,2,"{""prior_strength"": 0.1, ""regression_window"": 200}",5000,0.20641586084678643,0.5556603773584905,0.2989095641816027,53.0188679245283,0.8462461633937248,0.28022477415603064
KGLS ridge-to-previous,18,20,2,"{""prior_strength"": 0.1, ""regression_window"": 200}",5000,0.18463250283982963,0.5028301886792453,0.26812050860171044,55.37735849056604,0.8231525357682353,0.23618640693524565
KGLS ridge-to-previous,19,20,2,"{""prior_strength"": 0.1, ""regression_window"": 200}",5000,0.1987535821454352,0.5377358490566038,0.2884381647131388,54.16981132075472,0.8368969432230379,0.2852997227183457
KGLS ridge-to-previous,0,20,2,"{""prior_strength"": 1.0, ""regression_window"": 200}",5000,0.19907489371380083,0.5339622641509434,0.2874149444777831,53.83018867924528,0.8427346583856907,0.26446501473463485
KGLS ridge-to-previous,1,20,2,"{""prior_strength"": 1.0, ""regression_window"": 200}",5000,0.19260975176609266,0.5141509433962265,0.27815085648418103,54.56603773584906,0.8266964895653931,0.23572319522116167
KGLS ridge-to-previous,2,20,2,"{""prior_strength"": 1.0, ""regression_window"": 200}",5000,0.19703421929372067,0.5462264150943394,0.28854486520690203,54.77358490566038,0.8339517044634525,0.27471670463465964
KGLS ridge-to-previous,3,20,2,"{""prior_strength"": 1.0, ""regression_window"": 200}",5000,0.19471773895246533,0.5094339622641508,0.28045681395880956,53.113207547169814,0.8252164495396073,0.25338645527914166
KGLS ridge-to-previous,4,20,2,"{""prior_strength"": 1.0, ""regression_window"": 200}",5000,0.202606818521127,0.5452830188679245,0.2935309149639839,53.45283018867924,0.8470876069198426,0.26525327857425096
KGLS ridge-to-previous,5,20,2,"{""prior_strength"": 1.0, ""regression_window"": 200}",5000,0.18396502813099522,0.48679245283018874,0.265607515429923,54.339622641509436,0.8231132316011277,0.24950726274477011
KGLS ridge-to-previous,6,20,2,"{""prior_strength"": 1.0, ""regression_window"": 200}",5000,0.20244598645158132,0.5349056603773584,0.2917032029239163,52.924528301886795,0.8486458583895394,0.2769405978284634
KGLS ridge-to-previous,7,20,2,"{""prior_strength"": 1.0, ""regression_window"": 200}",5000,0.2017157875680702,0.539622641509434,0.2924363580806653,53.45283018867924,0.842236981998018,0.2651446963051383
KGLS ridge-to-previous,8,20,2,"{""prior_strength"": 1.0, ""regression_window"": 200}",5000,0.21617893246739905,0.5896226415094339,0.31483068976147993,52.301886792452834,0.8639779593584328,0.2998582041238862
KGLS ridge-to-previous,9,20,2,"{""prior_strength"": 1.0, ""regression_window"": 200}",5000,0.19983370338546805,0.5226415094339623,0.2877900871909172,52.716981132075475,0.8342989353718261,0.26484202422003306
KGLS ridge-to-previous,10,20,2,"{""prior_strength"": 1.0, ""regression_window"": 200}",5000,0.20592220493798474,0.5509433962264152,0.29824738781828486,53.056603773584904,0.8447454730451348,0.30212817407691345
KGLS ridge-to-previous,11,20,2,"{""prior_strength"": 1.0, ""regression_window"": 200}",5000,0.19547992169886652,0.5339622641509435,0.28456339332677294,54.9622641509434,0.8484616050724987,0.2303309307371914
KGLS ridge-to-previous,12,20,2,"{""prior_strength"": 1.0, ""regression_window"": 200}",5000,0.20376318177695518,0.5452830188679245,0.29503778545581505,53.320754716981135,0.8430597596528533,0.26940291856285686
KGLS ridge-to-previous,13,20,2,"{""prior_strength"": 1.0, ""regression_window"": 200}",5000,0.1989490534897091,0.5471698113207548,0.2897418885683182,54.54716981132076,0.8366685749473218,0.2726912558515768
KGLS ridge-to-previous,14,20,2,"{""prior_strength"": 1.0, ""regression_window"": 200}",5000,0.2064607664240159,0.5358490566037735,0.2966219995307573,51.83018867924528,0.8460413319157534,0.2712164960038271
KGLS ridge-to-previous,15,20,2,"{""prior_strength"": 1.0, ""regression_window"": 200}",5000,0.19197352993862446,0.5084905660377359,0.2771263225603803,53.924528301886795,0.8287277861699364,0.27652701096554805
KGLS ridge-to-previous,16,20,2,"{""prior_strength"": 1.0, ""regression_window"": 200}",5000,0.1917674015726948,0.529245283018868,0.28008532339035686,55.471698113207545,0.8406679303012518,0.2608684096321429
KGLS ridge-to-previous,17,20,2,"{""prior_strength"": 1.0, ""regression_window"": 200}",5000,0.20713451138611363,0.5575471698113208,0.299995816248954,52.943396226415096,0.8464380658693581,0.28039833076503357
KGLS ridge-to-previous,18,20,2,"{""prior_strength"": 1.0, ""regression_window"": 200}",5000,0.18547068798722316,0.5037735849056604,0.26918654197961345,55.22641509433962,0.8233344558513658,0.23644987506635937
KGLS ridge-to-previous,19,20,2,"{""prior_strength"": 1.0, ""regression_window"": 200}",5000,0.19903142564843582,0.5377358490566038,0.28874320254724684,54.075471698113205,0.8370738841368959,0.28582418054393866
RLS forgetting,0,20,2,"{""forgetting_factor"": 0.97, ""initial_covariance"": 100.0}",5000,0.0538544118774214,0.5556603773584905,0.09814155786841729,199.52830188679246,0.6805958646435685,0.07941467916626231
RLS forgetting,1,20,2,"{""forgetting_factor"": 0.97, ""initial_covariance"": 100.0}",5000,0.04894168415147426,0.5056603773584907,0.08921130490097763,202.88679245283018,0.6520155292351804,0.06981629657248707
RLS forgetting,2,20,2,"{""forgetting_factor"": 0.97, ""initial_covariance"": 100.0}",5000,0.05365904806852932,0.5566037735849056,0.09783915076713676,202.60377358490567,0.6789575255212492,0.07690669496685067
RLS forgetting,3,20,2,"{""forgetting_factor"": 0.97, ""initial_covariance"": 100.0}",5000,0.04828779914480576,0.5,0.08804879533266687,203.67924528301887,0.6583705848960388,0.06630925729980908
RLS forgetting,4,20,2,"{""forgetting_factor"": 0.97, ""initial_covariance"": 100.0}",5000,0.051237135585022596,0.5273584905660377,0.09335470882279186,201.66037735849056,0.6695071223769159,0.07189393421360434
RLS forgetting,5,20,2,"{""forgetting_factor"": 0.97, ""initial_covariance"": 100.0}",5000,0.04745788658218039,0.4877358490566038,0.08646578718522568,202.88679245283018,0.6423445753514283,0.06320515111538315
RLS forgetting,6,20,2,"{""forgetting_factor"": 0.97, ""initial_covariance"": 100.0}",5000,0.05206302816443799,0.5330188679245284,0.09482184456924167,200.39622641509433,0.6802622963832469,0.0834325434114529
RLS forgetting,7,20,2,"{""forgetting_factor"": 0.97, ""initial_covariance"": 100.0}",5000,0.05109159905101332,0.5254716981132076,0.09308914486094261,201.11320754716982,0.6733388456986713,0.07771326404934148
RLS forgetting,8,20,2,"{""forgetting_factor"": 0.97, ""initial_covariance"": 100.0}",5000,0.052365783235601975,0.5386792452830189,0.0954207793243044,201.0,0.6833035465155437,0.07755458009522097
RLS forgetting,9,20,2,"{""forgetting_factor"": 0.97, ""initial_covariance"": 100.0}",5000,0.05121264880256334,0.5226415094339621,0.09324867087359587,200.18867924528303,0.6641542628424081,0.07689167659932936
RLS forgetting,10,20,2,"{""forgetting_factor"": 0.97, ""initial_covariance"": 100.0}",5000,0.0529274409679379,0.5443396226415095,0.09644614307162573,201.11320754716982,0.6806957487034917,0.08516737225506815
RLS forgetting,11,20,2,"{""forgetting_factor"": 0.97, ""initial_covariance"": 100.0}",5000,0.04835410019657587,0.49622641509433957,0.08808678468452226,201.66037735849056,0.665881264853319,0.06348411484343586
RLS forgetting,12,20,2,"{""forgetting_factor"": 0.97, ""initial_covariance"": 100.0}",5000,0.04880026275206409,0.5084905660377359,0.0890236445153312,205.26415094339623,0.6656462817391974,0.06865692936938272
RLS forgetting,13,20,2,"{""forgetting_factor"": 0.97, ""initial_covariance"": 100.0}",5000,0.05397893874325456,0.5547169811320755,0.09834897412775963,199.88679245283018,0.6829206796686327,0.08067403166260573
RLS forgetting,14,20,2,"{""forgetting_factor"": 0.97, ""initial_covariance"": 100.0}",5000,0.05344550312385804,0.5537735849056604,0.09745793226758712,201.11320754716982,0.6774389510550066,0.07885744282556657
RLS forgetting,15,20,2,"{""forgetting_factor"": 0.97, ""initial_covariance"": 100.0}",5000,0.05008076852852059,0.5226415094339623,0.09136492268137254,204.8490566037736,0.6702551764117268,0.07337249422957609
RLS forgetting,16,20,2,"{""forgetting_factor"": 0.97, ""initial_covariance"": 100.0}",5000,0.049320195277835745,0.508490566037736,0.08987838385005946,202.75471698113208,0.6646558479982296,0.07406509103625394
RLS forgetting,17,20,2,"{""forgetting_factor"": 0.97, ""initial_covariance"": 100.0}",5000,0.05214267207028338,0.5320754716981132,0.09492489786408541,199.41509433962264,0.6741630545639979,0.08153192136625344
RLS forgetting,18,20,2,"{""forgetting_factor"": 0.97, ""initial_covariance"": 100.0}",5000,0.049971323970053,0.5264150943396226,0.09124704416733323,205.43396226415095,0.6663487294699469,0.07070470045120836
RLS forgetting,19,20,2,"{""forgetting_factor"": 0.97, ""initial_covariance"": 100.0}",5000,0.05250022773614228,0.5471698113207547,0.0957885720976335,202.58490566037736,0.6845701557734309,0.09060272838310136
RLS forgetting,0,20,2,"{""forgetting_factor"": 0.99, ""initial_covariance"": 100.0}",5000,0.2604535220694504,0.5471698113207548,0.3483219285377608,42.45283018867924,0.8659461143236508,0.30043877022288273
RLS forgetting,1,20,2,"{""forgetting_factor"": 0.99, ""initial_covariance"": 100.0}",5000,0.24837651726162435,0.4962264150943397,0.3276505787676233,42.43396226415094,0.8492000495511531,0.2549246330252642
RLS forgetting,2,20,2,"{""forgetting_factor"": 0.99, ""initial_covariance"": 100.0}",5000,0.26132341463688014,0.5405660377358491,0.34941880391613184,42.54716981132076,0.8638067072056036,0.30238185023926045
RLS forgetting,3,20,2,"{""forgetting_factor"": 0.99, ""initial_covariance"": 100.0}",5000,0.2573830778445281,0.5075471698113208,0.3385612238023784,41.924528301886795,0.8475245590909528,0.27866188832483485
RLS forgetting,4,20,2,"{""forgetting_factor"": 0.99, ""initial_covariance"": 100.0}",5000,0.2544392719418241,0.5481132075471697,0.34442915191341567,43.39622641509434,0.8682309516707879,0.2919143871956302
RLS forgetting,5,20,2,"{""forgetting_factor"": 0.99, ""initial_covariance"": 100.0}",5000,0.24890022753580177,0.4820754716981132,0.3248046715841826,41.81132075471698,0.8368849282710977,0.2639487964671078
RLS forgetting,6,20,2,"{""forgetting_factor"": 0.99, ""initial_covariance"": 100.0}",5000,0.27045322234487723,0.5528301886792453,0.3587567572935207,41.320754716981135,0.8728369718953557,0.3132097021167273
RLS forgetting,7,20,2,"{""forgetting_factor"": 0.99, ""initial_covariance"": 100.0}",5000,0.25585709731182815,0.5311320754716982,0.34170172907850604,42.528301886792455,0.8658759128476999,0.29839997913157784
RLS forgetting,8,20,2,"{""forgetting_factor"": 0.99, ""initial_covariance"": 100.0}",5000,0.2751642807096833,0.5830188679245284,0.37087579081539473,41.15094339622642,0.8796996021475374,0.33593061298745774
RLS forgetting,9,20,2,"{""forgetting_factor"": 0.99, ""initial_covariance"": 100.0}",5000,0.25004851518333654,0.5103773584905661,0.33223740084251036,42.283018867924525,0.8613138512310816,0.2939559061148068
RLS forgetting,10,20,2,"{""forgetting_factor"": 0.99, ""initial_covariance"": 100.0}",5000,0.2702763183891566,0.5518867924528302,0.35961359944211413,41.301886792452834,0.8687254288820683,0.33278296618097675
RLS forgetting,11,20,2,"{""forgetting_factor"": 0.99, ""initial_covariance"": 100.0}",5000,0.25768045352915253,0.5235849056603774,0.34232836460015653,42.15094339622642,0.8727166539982488,0.26182603457585146
RLS forgetting,12,20,2,"{""forgetting_factor"": 0.99, ""initial_covariance"": 100.0}",5000,0.2708947864863595,0.5518867924528302,0.3606503640280766,41.16981132075472,0.8713484408224529,0.3002360316378211
RLS forgetting,13,20,2,"{""forgetting_factor"": 0.99, ""initial_covariance"": 100.0}",5000,0.2550048308676527,0.5556603773584905,0.34614494378471666,43.58490566037736,0.8657267903360819,0.30544408878251195
RLS forgetting,14,20,2,"{""forgetting_factor"": 0.99, ""initial_covariance"": 100.0}",5000,0.26218139444938426,0.5339622641509434,0.34836640468779284,41.9811320754717,0.8634672216716539,0.3052313315238268
RLS forgetting,15,20,2,"{""forgetting_factor"": 0.99, ""initial_covariance"": 100.0}",5000,0.2619813071822398,0.5377358490566038,0.3492969830172069,41.886792452830186,0.8542569131074828,0.2935794271070346
RLS forgetting,16,20,2,"{""forgetting_factor"": 0.99, ""initial_covariance"": 100.0}",5000,0.2477820708245942,0.5264150943396225,0.33439965038872477,43.905660377358494,0.869821880442208,0.2928424558002986
RLS forgetting,17,20,2,"{""forgetting_factor"": 0.99, ""initial_covariance"": 100.0}",5000,0.25955521471456067,0.5518867924528302,0.34907007958307873,42.490566037735846,0.868082250103432,0.3209503448046513
RLS forgetting,18,20,2,"{""forgetting_factor"": 0.99, ""initial_covariance"": 100.0}",5000,0.2535304106045758,0.5075471698113208,0.3349175850674217,41.698113207547166,0.8476499162922267,0.27287867364293705
RLS forgetting,19,20,2,"{""forgetting_factor"": 0.99, ""initial_covariance"": 100.0}",5000,0.25806934714583885,0.5424528301886793,0.34669609452549777,42.735849056603776,0.8616285732154368,0.31657589648361706
Global-rate EMA,0,20,2,"{""rate"": 0.05, ""regression_window"": 200, ""ridge_alpha"": 1.0}",5000,0.8656785300653225,0.5141509433962265,0.6306055203169496,12.339622641509434,0.9533942900714883,0.6950010116456227
Global-rate EMA,1,20,2,"{""rate"": 0.05, ""regression_window"": 200, ""ridge_alpha"": 1.0}",5000,0.8523185713995206,0.45943396226415106,0.5889407774267834,13.320754716981131,0.9487993466945052,0.6558770730345876
Global-rate EMA,2,20,2,"{""rate"": 0.05, ""regression_window"": 200, ""ridge_alpha"": 1.0}",5000,0.8570723253690758,0.5113207547169811,0.632035585134987,12.30188679245283,0.9481671365206431,0.6860973072908211
Global-rate EMA,3,20,2,"{""rate"": 0.05, ""regression_window"": 200, ""ridge_alpha"": 1.0}",5000,0.877648164204768,0.5028301886792453,0.6290014448092373,12.018867924528301,0.9406534377916542,0.6729853787574677
Global-rate EMA,4,20,2,"{""rate"": 0.05, ""regression_window"": 200, ""ridge_alpha"": 1.0}",5000,0.85705518276273,0.5528301886792453,0.6652746286787311,11.943396226415095,0.9502000567673405,0.685509769681574
Global-rate EMA,5,20,2,"{""rate"": 0.05, ""regression_window"": 200, ""ridge_alpha"": 1.0}",5000,0.8435043991647765,0.4433962264150944,0.5739760626199978,13.433962264150944,0.9504192123772045,0.6599254260659254
Global-rate EMA,6,20,2,"{""rate"": 0.05, ""regression_window"": 200, ""ridge_alpha"": 1.0}",5000,0.8662764261265924,0.5481132075471699,0.6598434438967526,11.88679245283019,0.9565280517256309,0.7097128442519324
Global-rate EMA,7,20,2,"{""rate"": 0.05, ""regression_window"": 200, ""ridge_alpha"": 1.0}",5000,0.8512068669478893,0.5301886792452831,0.6470454215838324,11.981132075471699,0.9504424725544341,0.6872854937947342
Global-rate EMA,8,20,2,"{""rate"": 0.05, ""regression_window"": 200, ""ridge_alpha"": 1.0}",5000,0.8781167628364661,0.5811320754716982,0.6928731244638855,10.81132075471698,0.9572125431768543,0.7447327219202976
Global-rate EMA,9,20,2,"{""rate"": 0.05, ""regression_window"": 200, ""ridge_alpha"": 1.0}",5000,0.8412431815317497,0.48962264150943396,0.6072579063554954,13.0,0.9525820119692494,0.68924093623284
Global-rate EMA,10,20,2,"{""rate"": 0.05, ""regression_window"": 200, ""ridge_alpha"": 1.0}",5000,0.8839110791898127,0.5339622641509435,0.6597289697244906,11.415094339622641,0.9540128977321929,0.7288340647078341
Global-rate EMA,11,20,2,"{""rate"": 0.05, ""regression_window"": 200, ""ridge_alpha"": 1.0}",5000,0.8830512429569033,0.5556603773584905,0.6757275320190522,11.150943396226415,0.9547117493962457,0.7241861106537937
Global-rate EMA,12,20,2,"{""rate"": 0.05, ""regression_window"": 200, ""ridge_alpha"": 1.0}",5000,0.8784616650460156,0.5566037735849058,0.6748981565006712,11.09433962264151,0.9538380735666246,0.7412524841336453
Global-rate EMA,13,20,2,"{""rate"": 0.05, ""regression_window"": 200, ""ridge_alpha"": 1.0}",5000,0.8744657815338828,0.5679245283018868,0.6827671321986041,11.150943396226415,0.9500620351572647,0.7135272341528478
Global-rate EMA,14,20,2,"{""rate"": 0.05, ""regression_window"": 200, ""ridge_alpha"": 1.0}",5000,0.8843938346768535,0.5273584905660377,0.653699040086523,11.18867924528302,0.9462014230321457,0.7187352549588275
Global-rate EMA,15,20,2,"{""rate"": 0.05, ""regression_window"": 200, ""ridge_alpha"": 1.0}",5000,0.8658984792265063,0.5169811320754717,0.6383777959814398,11.735849056603774,0.9479196694024035,0.7173322547668234
Global-rate EMA,16,20,2,"{""rate"": 0.05, ""regression_window"": 200, ""ridge_alpha"": 1.0}",5000,0.8763147880096481,0.5349056603773584,0.6584600346122162,11.358490566037736,0.9489869194577276,0.7177609481712185
Global-rate EMA,17,20,2,"{""rate"": 0.05, ""regression_window"": 200, ""ridge_alpha"": 1.0}",5000,0.8780535362592327,0.5443396226415094,0.6610323623502763,11.660377358490566,0.9575322323035033,0.7252944120389236
Global-rate EMA,18,20,2,"{""rate"": 0.05, ""regression_window"": 200, ""ridge_alpha"": 1.0}",5000,0.8490677992620279,0.4603773584905661,0.5869160615783211,13.415094339622641,0.9416829111061934,0.6482290254379952
Global-rate EMA,19,20,2,"{""rate"": 0.05, ""regression_window"": 200, ""ridge_alpha"": 1.0}",5000,0.8776209714215103,0.5207547169811321,0.6446699566540824,11.924528301886792,0.9555765012075087,0.7031359549463951
Global-rate EMA,0,20,2,"{""rate"": 0.25, ""regression_window"": 200, ""ridge_alpha"": 1.0}",5000,0.2988425852534191,0.539622641509434,0.3791339348577632,36.64150943396226,0.8739453301646253,0.3308409713120939
Global-rate EMA,1,20,2,"{""rate"": 0.25, ""regression_window"": 200, ""ridge_alpha"": 1.0}",5000,0.2748923263193131,0.4971698113207547,0.3502772371561247,38.39622641509434,0.8633449313500043,0.29872126067453714
Global-rate EMA,2,20,2,"{""rate"": 0.25, ""regression_window"": 200, ""ridge_alpha"": 1.0}",5000,0.29498939377201844,0.5311320754716982,0.3764994299892828,36.660377358490564,0.8637204737667535,0.3476647550380949
Global-rate EMA,3,20,2,"{""rate"": 0.25, ""regression_window"": 200, ""ridge_alpha"": 1.0}",5000,0.3094715171582281,0.5113207547169811,0.380916931076195,34.77358490566038,0.8590630261803277,0.32413575345561824
Global-rate EMA,4,20,2,"{""rate"": 0.25, ""regression_window"": 200, ""ridge_alpha"": 1.0}",5000,0.31546808346503974,0.5443396226415094,0.39577666958426044,35.113207547169814,0.8751053082274157,0.34086790847236975
Global-rate EMA,5,20,2,"{""rate"": 0.25, ""regression_window"": 200, ""ridge_alpha"": 1.0}",5000,0.2788091971214968,0.4830188679245283,0.3506025291235036,37.264150943396224,0.8577974392156485,0.3054234995726303
Global-rate EMA,6,20,2,"{""rate"": 0.25, ""regression_window"": 200, ""ridge_alpha"": 1.0}",5000,0.3149487097818406,0.5471698113207548,0.39503559855708403,35.37735849056604,0.8794811320754717,0.3444651866480966
Global-rate EMA,7,20,2,"{""rate"": 0.25, ""regression_window"": 200, ""ridge_alpha"": 1.0}",5000,0.31025681630618984,0.5471698113207548,0.39172370322866906,36.0,0.8761450646089307,0.3329055086080582
Global-rate EMA,8,20,2,"{""rate"": 0.25, ""regression_window"": 200, ""ridge_alpha"": 1.0}",5000,0.3274941437648028,0.5924528301886791,0.41879350978960544,34.471698113207545,0.8917662099621871,0.3718592023469359
Global-rate EMA,9,20,2,"{""rate"": 0.25, ""regression_window"": 200, ""ridge_alpha"": 1.0}",5000,0.2967272305153499,0.5132075471698114,0.37225984394029216,36.301886792452834,0.8652612500360809,0.3289765917439923
Global-rate EMA,10,20,2,"{""rate"": 0.25, ""regression_window"": 200, ""ridge_alpha"": 1.0}",5000,0.31714624156071225,0.5433962264150943,0.3972428100744485,34.77358490566038,0.8784766869040632,0.38030344438492597
Global-rate EMA,11,20,2,"{""rate"": 0.25, ""regression_window"": 200, ""ridge_alpha"": 1.0}",5000,0.30070564540171985,0.5330188679245284,0.3808868561424995,36.679245283018865,0.8827954307101691,0.31163694811963855
Global-rate EMA,12,20,2,"{""rate"": 0.25, ""regression_window"": 200, ""ridge_alpha"": 1.0}",5000,0.3082122525900415,0.5433962264150943,0.38973833920800516,35.679245283018865,0.8790624969932552,0.33869693094872516
Global-rate EMA,13,20,2,"{""rate"": 0.25, ""regression_window"": 200, ""ridge_alpha"": 1.0}",5000,0.30335484391431783,0.5537735849056604,0.3881218014520107,36.679245283018865,0.8688920506480137,0.3525356660537509
Global-rate EMA,14,20,2,"{""rate"": 0.25, ""regression_window"": 200, ""ridge_alpha"": 1.0}",5000,0.31241462870108344,0.529245283018868,0.38955329728902466,35.0188679245283,0.8727736137704097,0.3476916148031806
Global-rate EMA,15,20,2,"{""rate"": 0.25, ""regression_window"": 200, ""ridge_alpha"": 1.0}",5000,0.3019875234621585,0.5179245283018867,0.3780917107561363,35.924528301886795,0.8627922435607555,0.33832202143242235
Global-rate EMA,16,20,2,"{""rate"": 0.25, ""regression_window"": 200, ""ridge_alpha"": 1.0}",5000,0.3031870410875864,0.5396226415094341,0.38417744240234686,36.24528301886792,0.8756126663331184,0.3371158676143854
Global-rate EMA,17,20,2,"{""rate"": 0.25, ""regression_window"": 200, ""ridge_alpha"": 1.0}",5000,0.3128008095656085,0.5481132075471699,0.3939036565233801,34.924528301886795,0.8777482488718694,0.3539137368383588
Global-rate EMA,18,20,2,"{""rate"": 0.25, ""regression_window"": 200, ""ridge_alpha"": 1.0}",5000,0.2792830403757174,0.4849056603773586,0.35004780950985387,37.83018867924528,0.8544367765772181,0.295052946293995
Global-rate EMA,19,20,2,"{""rate"": 0.25, ""regression_window"": 200, ""ridge_alpha"": 1.0}",5000,0.29069544101759826,0.5311320754716982,0.37214403566108745,37.113207547169814,0.870379306861151,0.3440652176415767
KGLS ridge-to-previous,0,20,4,"{""prior_strength"": 0.1, ""regression_window"": 200}",5000,0.06278602081936283,0.5320754716981132,0.11205293328222614,176.03773584905662,0.7878529785214192,0.07048824361902571
KGLS ridge-to-previous,1,20,4,"{""prior_strength"": 0.1, ""regression_window"": 200}",5000,0.06120609217103093,0.5283018867924528,0.10945342125941902,177.75471698113208,0.7759973893437759,0.06927348343092914
KGLS ridge-to-previous,2,20,4,"{""prior_strength"": 0.1, ""regression_window"": 200}",5000,0.061264847698951616,0.5301886792452831,0.10954634381100677,179.20754716981133,0.7831060104426248,0.07137002906747503
KGLS ridge-to-previous,3,20,4,"{""prior_strength"": 0.1, ""regression_window"": 200}",5000,0.062051975224826555,0.5358490566037736,0.11099454306834311,178.9433962264151,0.7851059333096001,0.0691305697554682
KGLS ridge-to-previous,4,20,4,"{""prior_strength"": 0.1, ""regression_window"": 200}",5000,0.06168942504140539,0.5188679245283019,0.10995307632933553,173.45283018867926,0.7719594695621218,0.07049447128561406
KGLS ridge-to-previous,5,20,4,"{""prior_strength"": 0.1, ""regression_window"": 200}",5000,0.06255270282272046,0.5386792452830189,0.11186866121939389,177.41509433962264,0.7815240773703572,0.0697280537043354
KGLS ridge-to-previous,6,20,4,"{""prior_strength"": 0.1, ""regression_window"": 200}",5000,0.06627175767907913,0.5622641509433962,0.11835807431448855,175.26415094339623,0.8037987065385072,0.08235631895421774
KGLS ridge-to-previous,7,20,4,"{""prior_strength"": 0.1, ""regression_window"": 200}",5000,0.05888206907178045,0.5132075471698114,0.10547038658072766,181.0,0.7753502135991456,0.06993528632071415
KGLS ridge-to-previous,8,20,4,"{""prior_strength"": 0.1, ""regression_window"": 200}",5000,0.06264044616447807,0.5273584905660377,0.11169258089513547,174.0566037735849,0.7868316542067165,0.07348425175916241
KGLS ridge-to-previous,9,20,4,"{""prior_strength"": 0.1, ""regression_window"": 200}",5000,0.05881146419122299,0.4971698113207547,0.10492588281824214,175.26415094339623,0.7726627566156402,0.06689585929209159
KGLS ridge-to-previous,10,20,4,"{""prior_strength"": 0.1, ""regression_window"": 200}",5000,0.06553216221810053,0.5650943396226416,0.11717934217294251,177.24528301886792,0.7948918001661327,0.07997573208767486
KGLS ridge-to-previous,11,20,4,"{""prior_strength"": 0.1, ""regression_window"": 200}",5000,0.059511244543424685,0.5066037735849057,0.1062680339572994,177.0943396226415,0.7756717633796132,0.06432447333929225
KGLS ridge-to-previous,12,20,4,"{""prior_strength"": 0.1, ""regression_window"": 200}",5000,0.06379988360050753,0.558490566037736,0.11424319043469378,178.71698113207546,0.8015504924646968,0.08101641590348801
KGLS ridge-to-previous,13,20,4,"{""prior_strength"": 0.1, ""regression_window"": 200}",5000,0.0610298806375512,0.5283018867924528,0.10916416269022326,179.30188679245282,0.7858951228195087,0.07104649719993789
KGLS ridge-to-previous,14,20,4,"{""prior_strength"": 0.1, ""regression_window"": 200}",5000,0.06049160954156979,0.5235849056603773,0.10824096760022979,177.20754716981133,0.7781772160911357,0.07200572189751074
KGLS ridge-to-previous,15,20,4,"{""prior_strength"": 0.1, ""regression_window"": 200}",5000,0.06271310002715987,0.5433962264150944,0.11223115714026924,178.81132075471697,0.7906878723151775,0.07436327474272784
KGLS ridge-to-previous,16,20,4,"{""prior_strength"": 0.1, ""regression_window"": 200}",5000,0.0645901548404684,0.5556603773584905,0.11542971782225785,176.52830188679246,0.7918806692773229,0.07878534277934156
KGLS ridge-to-previous,17,20,4,"{""prior_strength"": 0.1, ""regression_window"": 200}",5000,0.05921245542102635,0.5075471698113208,0.10574854634742338,177.39622641509433,0.7663856651240062,0.06525288427031178
KGLS ridge-to-previous,18,20,4,"{""prior_strength"": 0.1, ""regression_window"": 200}",5000,0.05587928210958749,0.4820754716981132,0.10000083596998005,180.47169811320754,0.7524122226177762,0.057293134660567374
KGLS ridge-to-previous,19,20,4,"{""prior_strength"": 0.1, ""regression_window"": 200}",5000,0.06267391089436691,0.5386792452830189,0.11207095043353431,177.8679245283019,0.7770870001186662,0.07007651657876914
KGLS ridge-to-previous,0,20,4,"{""prior_strength"": 1.0, ""regression_window"": 200}",5000,0.06319897036405675,0.5330188679245284,0.11272072486909286,174.50943396226415,0.7885190637237451,0.0720459186886711
KGLS ridge-to-previous,1,20,4,"{""prior_strength"": 1.0, ""regression_window"": 200}",5000,0.0614310050085969,0.5254716981132075,0.10977864792211106,175.83018867924528,0.7770190874569836,0.07218845411905778
KGLS ridge-to-previous,2,20,4,"{""prior_strength"": 1.0, ""regression_window"": 200}",5000,0.061668751793483266,0.5301886792452831,0.11019531287379616,177.43396226415095,0.7841269728254421,0.07473359751474579
KGLS ridge-to-previous,3,20,4,"{""prior_strength"": 1.0, ""regression_window"": 200}",5000,0.06258267630431986,0.5377358490566038,0.1118882545523927,177.0566037735849,0.7878594754954313,0.0729964812582394
KGLS ridge-to-previous,4,20,4,"{""prior_strength"": 1.0, ""regression_window"": 200}",5000,0.061952374123566537,0.5179245283018867,0.11036846638987918,171.88679245283018,0.7730819093390293,0.07320092544570402
KGLS ridge-to-previous,5,20,4,"{""prior_strength"": 1.0, ""regression_window"": 200}",5000,0.06312165623830723,0.5405660377358491,0.11283809801958425,175.88679245283018,0.7828674676634627,0.07201244821576248
KGLS ridge-to-previous,6,20,4,"{""prior_strength"": 1.0, ""regression_window"": 200}",5000,0.06649572145088876,0.5613207547169812,0.1186861492637806,173.47169811320754,0.8049680550611131,0.08544649486527633
KGLS ridge-to-previous,7,20,4,"{""prior_strength"": 1.0, ""regression_window"": 200}",5000,0.05925333534503982,0.5132075471698114,0.10606810708782136,179.60377358490567,0.7764948320873383,0.07292051902894027
KGLS ridge-to-previous,8,20,4,"{""prior_strength"": 1.0, ""regression_window"": 200}",5000,0.06311168250282252,0.5264150943396226,0.11243501458667586,172.28301886792454,0.787246321348048,0.07569096072665707
KGLS ridge-to-previous,9,20,4,"{""prior_strength"": 1.0, ""regression_window"": 200}",5000,0.05930352662472354,0.49905660377358496,0.10574207346461964,173.79245283018867,0.773409006763973,0.0689297319340933
KGLS ridge-to-previous,10,20,4,"{""prior_strength"": 1.0, ""regression_window"": 200}",5000,0.06589893563447968,0.5641509433962264,0.11775924995127406,175.50943396226415,0.796179791147502,0.08282447081255054
KGLS ridge-to-previous,11,20,4,"{""prior_strength"": 1.0, ""regression_window"": 200}",5000,0.06035084510519529,0.5113207547169812,0.10770511409086704,175.0754716981132,0.7763515011273289,0.06647762528504572
KGLS ridge-to-previous,12,20,4,"{""prior_strength"": 1.0, ""regression_window"": 200}",5000,0.064346096582747,0.5594339622641511,0.11516599980014058,177.30188679245282,0.8015350599264269,0.08375862373005208
KGLS ridge-to-previous,13,20,4,"{""prior_strength"": 1.0, ""regression_window"": 200}",5000,0.06129570885079463,0.5283018867924529,0.10959830448471906,177.81132075471697,0.7876734543728492,0.07404003383402374
KGLS ridge-to-previous,14,20,4,"{""prior_strength"": 1.0, ""regression_window"": 200}",5000,0.0609927369342701,0.5245283018867924,0.10906590708752231,176.0754716981132,0.7791636169455323,0.07421980898276868
KGLS ridge-to-previous,15,20,4,"{""prior_strength"": 1.0, ""regression_window"": 200}",5000,0.06325966325984733,0.5452830188679245,0.11313916029318756,176.62264150943398,0.791853470986116,0.07746982077741467
KGLS ridge-to-previous,16,20,4,"{""prior_strength"": 1.0, ""regression_window"": 200}",5000,0.0646144310620367,0.5537735849056603,0.11543114664359533,175.33962264150944,0.7928081227008426,0.08166442517959413
KGLS ridge-to-previous,17,20,4,"{""prior_strength"": 1.0, ""regression_window"": 200}",5000,0.05938793632133068,0.5056603773584906,0.10600409969452013,176.1509433962264,0.7672950931529607,0.066706741824941
KGLS ridge-to-previous,18,20,4,"{""prior_strength"": 1.0, ""regression_window"": 200}",5000,0.05622041971705512,0.48396226415094346,0.1005684724749541,178.8490566037736,0.7541801293461493,0.05965195832493075
KGLS ridge-to-previous,19,20,4,"{""prior_strength"": 1.0, ""regression_window"": 200}",5000,0.06313100238993358,0.5386792452830189,0.11281421325222103,176.43396226415095,0.7777863889877774,0.0728467095006393
KGLS ridge-to-previous,0,20,4,"{""prior_strength"": 0.1, ""regression_window"": 400}",5000,0.484586422000577,0.5698113207547169,0.513320737215573,37.41509433962264,0.9285854811914086,0.20423212552872733
KGLS ridge-to-previous,1,20,4,"{""prior_strength"": 0.1, ""regression_window"": 400}",5000,0.4443484876394034,0.5132075471698113,0.4653754738758476,39.58490566037736,0.9091912127684822,0.17651681435876995
KGLS ridge-to-previous,2,20,4,"{""prior_strength"": 0.1, ""regression_window"": 400}",5000,0.4803597629966324,0.5594339622641509,0.5017042012609256,38.64150943396226,0.9314770736917052,0.19782055579628943
KGLS ridge-to-previous,3,20,4,"{""prior_strength"": 0.1, ""regression_window"": 400}",5000,0.48169871993165686,0.5622641509433962,0.5086264265522581,38.301886792452834,0.9195976326094696,0.1927724790435391
KGLS ridge-to-previous,4,20,4,"{""prior_strength"": 0.1, ""regression_window"": 400}",5000,0.4484354341884269,0.5028301886792453,0.4589396464275284,38.886792452830186,0.9179199596534947,0.18574208845229576
KGLS ridge-to-previous,5,20,4,"{""prior_strength"": 0.1, ""regression_window"": 400}",5000,0.45975876213511147,0.5330188679245284,0.4801319986502672,38.943396226415096,0.9235578794351489,0.1868376001210218
KGLS ridge-to-previous,6,20,4,"{""prior_strength"": 0.1, ""regression_window"": 400}",5000,0.5081669486135313,0.6254716981132074,0.5501658018816767,36.22641509433962,0.9358526165895337,0.23138919156192703
KGLS ridge-to-previous,7,20,4,"{""prior_strength"": 0.1, ""regression_window"": 400}",5000,0.4454341279940375,0.5349056603773584,0.4757446491222718,39.056603773584904,0.9174456805506112,0.18390445633484537
KGLS ridge-to-previous,8,20,4,"{""prior_strength"": 0.1, ""regression_window"": 400}",5000,0.4847576673163778,0.5556603773584905,0.5021041678863417,37.490566037735846,0.9260781535540524,0.19991588896358625
KGLS ridge-to-previous,9,20,4,"{""prior_strength"": 0.1, ""regression_window"": 400}",5000,0.46081285998088817,0.5113207547169811,0.4699365243373842,38.60377358490566,0.9249149044737155,0.18297057825798735
KGLS ridge-to-previous,10,20,4,"{""prior_strength"": 0.1, ""regression_window"": 400}",5000,0.4780708816079313,0.5603773584905661,0.5041125450659706,38.132075471698116,0.9258018927257624,0.2016012804224897
KGLS ridge-to-previous,11,20,4,"{""prior_strength"": 0.1, ""regression_window"": 400}",5000,0.46676416666118237,0.5433962264150943,0.4881515737869735,39.283018867924525,0.9203955737510383,0.18046316706814491
KGLS ridge-to-previous,12,20,4,"{""prior_strength"": 0.1, ""regression_window"": 400}",5000,0.49865276189226365,0.6141509433962264,0.538650617825977,36.64150943396226,0.9415129880147146,0.22579410302903546
KGLS ridge-to-previous,13,20,4,"{""prior_strength"": 0.1, ""regression_window"": 400}",5000,0.4682114547843702,0.5462264150943396,0.49231140178666005,37.75471698113208,0.9199358193900558,0.1967198893455184
KGLS ridge-to-previous,14,20,4,"{""prior_strength"": 0.1, ""regression_window"": 400}",5000,0.4736371104617739,0.531132075471698,0.4867126513133969,36.660377358490564,0.9192061113088881,0.19456088173477284
KGLS ridge-to-previous,15,20,4,"{""prior_strength"": 0.1, ""regression_window"": 400}",5000,0.48181163847437924,0.5566037735849058,0.5043405429353435,39.0188679245283,0.9260980242079032,0.19525724114954776
KGLS ridge-to-previous,16,20,4,"{""prior_strength"": 0.1, ""regression_window"": 400}",5000,0.4847666027531283,0.588679245283019,0.518936029614588,37.84905660377358,0.9321672481310075,0.2136302080107962
KGLS ridge-to-previous,17,20,4,"{""prior_strength"": 0.1, ""regression_window"": 400}",5000,0.4583616333009976,0.5179245283018868,0.4715403749131184,39.264150943396224,0.9187568885724458,0.17877721128918594
KGLS ridge-to-previous,18,20,4,"{""prior_strength"": 0.1, ""regression_window"": 400}",5000,0.42722197220575897,0.44999999999999996,0.4243846693416425,40.735849056603776,0.9065864067877062,0.15746225394490923
KGLS ridge-to-previous,19,20,4,"{""prior_strength"": 0.1, ""regression_window"": 400}",5000,0.43344746542885143,0.5084905660377358,0.45525181528663367,40.698113207547166,0.9153068470392786,0.17443972461558094
KGLS ridge-to-previous,0,20,4,"{""prior_strength"": 1.0, ""regression_window"": 400}",5000,0.48518968940625645,0.570754716981132,0.5136886398561794,36.924528301886795,0.9287415509671295,0.208296271582962
KGLS ridge-to-previous,1,20,4,"{""prior_strength"": 1.0, ""regression_window"": 400}",5000,0.444108738147616,0.5103773584905661,0.4647812536792516,38.471698113207545,0.9098439124243503,0.18335033853064733
KGLS ridge-to-previous,2,20,4,"{""prior_strength"": 1.0, ""regression_window"": 400}",5000,0.48081821813333603,0.5594339622641509,0.5019592977551031,37.924528301886795,0.9320522190577905,0.20558000148316444
KGLS ridge-to-previous,3,20,4,"{""prior_strength"": 1.0, ""regression_window"": 400}",5000,0.4815866012135337,0.5632075471698113,0.5089956346859614,37.320754716981135,0.9220797674142637,0.20228285443410796
KGLS ridge-to-previous,4,20,4,"{""prior_strength"": 1.0, ""regression_window"": 400}",5000,0.4491935496441372,0.5028301886792453,0.4598685548674713,37.9622641509434,0.9189190518571259,0.19082860540026794
KGLS ridge-to-previous,5,20,4,"{""prior_strength"": 1.0, ""regression_window"": 400}",5000,0.46049655819611324,0.5320754716981132,0.4804466672144868,38.16981132075472,0.9240826213361814,0.1921546692973846
KGLS ridge-to-previous,6,20,4,"{""prior_strength"": 1.0, ""regression_window"": 400}",5000,0.5081079393631907,0.6245283018867923,0.5492600303828828,35.35849056603774,0.9362612080218345,0.23974106046434743
KGLS ridge-to-previous,7,20,4,"{""prior_strength"": 1.0, ""regression_window"": 400}",5000,0.445500479207268,0.5349056603773584,0.47581828405194176,38.698113207547166,0.9179862406550374,0.18917027351350585
KGLS ridge-to-previous,8,20,4,"{""prior_strength"": 1.0, ""regression_window"": 400}",5000,0.48498039627685285,0.5547169811320755,0.5022449262947085,37.075471698113205,0.9256920434318263,0.2047752086931811
KGLS ridge-to-previous,9,20,4,"{""prior_strength"": 1.0, ""regression_window"": 400}",5000,0.460806765074951,0.5122641509433963,0.4699906228149092,38.0377358490566,0.9249048949804201,0.18553298694811216
KGLS ridge-to-previous,10,20,4,"{""prior_strength"": 1.0, ""regression_window"": 400}",5000,0.47749414725554096,0.559433962264151,0.5037237486479528,37.41509433962264,0.9267005814643408,0.20811811842763797
KGLS ridge-to-previous,11,20,4,"{""prior_strength"": 1.0, ""regression_window"": 400}",5000,0.46710379097636795,0.5443396226415095,0.4883702144593375,38.339622641509436,0.9204897294410822,0.1862159556835164
KGLS ridge-to-previous,12,20,4,"{""prior_strength"": 1.0, ""regression_window"": 400}",5000,0.49907605944486777,0.6122641509433963,0.5388265560682175,36.075471698113205,0.9412208733831732,0.23261108970192612
KGLS ridge-to-previous,13,20,4,"{""prior_strength"": 1.0, ""regression_window"": 400}",5000,0.46885997994084216,0.5462264150943396,0.49258543851152037,37.0377358490566,0.9214576955025513,0.20438047109295118
KGLS ridge-to-previous,14,20,4,"{""prior_strength"": 1.0, ""regression_window"": 400}",5000,0.4737135932524986,0.531132075471698,0.486758614445311,36.58490566037736,0.9198240477038092,0.19750444889013727
KGLS ridge-to-previous,15,20,4,"{""prior_strength"": 1.0, ""regression_window"": 400}",5000,0.4813692760456644,0.5575471698113208,0.5041507615632099,37.9622641509434,0.9264702563189747,0.20423020145321155
KGLS ridge-to-previous,16,20,4,"{""prior_strength"": 1.0, ""regression_window"": 400}",5000,0.48551145476353086,0.588679245283019,0.5193856846999082,37.20754716981132,0.9324714251809659,0.22081267212032019
KGLS ridge-to-previous,17,20,4,"{""prior_strength"": 1.0, ""regression_window"": 400}",5000,0.45874413371059025,0.5169811320754718,0.4717229214695202,38.867924528301884,0.9190895811083423,0.182034275823751
KGLS ridge-to-previous,18,20,4,"{""prior_strength"": 1.0, ""regression_window"": 400}",5000,0.42874274545975727,0.45377358490566033,0.4262299333130073,39.77358490566038,0.90747611249555,0.1634992256632629
KGLS ridge-to-previous,19,20,4,"{""prior_strength"": 1.0, ""regression_window"": 400}",5000,0.43334306689066493,0.5075471698113208,0.45513302923011856,40.22641509433962,0.9156629049483802,0.17966235679197853
RLS forgetting,0,20,4,"{""forgetting_factor"": 0.97, ""initial_covariance"": 100.0}",5000,0.02254908779705661,0.5179245283018867,0.04320614088340794,454.2641509433962,0.6530115224872434,0.03008999153136745
RLS forgetting,1,20,4,"{""forgetting_factor"": 0.97, ""initial_covariance"": 100.0}",5000,0.022925974595948792,0.5264150943396225,0.04392840641046037,453.1698113207547,0.6501740714370476,0.030609667336522598
RLS forgetting,2,20,4,"{""forgetting_factor"": 0.97, ""initial_covariance"": 100.0}",5000,0.022786700965902004,0.5330188679245284,0.04369356757314405,459.9056603773585,0.6584018689925241,0.03403191845931328
RLS forgetting,3,20,4,"{""forgetting_factor"": 0.97, ""initial_covariance"": 100.0}",5000,0.023353207650655673,0.539622641509434,0.04475795334347015,455.79245283018867,0.6540304200783197,0.031153203517589906
RLS forgetting,4,20,4,"{""forgetting_factor"": 0.97, ""initial_covariance"": 100.0}",5000,0.022903352205187216,0.5216981132075472,0.04386827234187308,449.1698113207547,0.6425530675210632,0.03162909419324095
RLS forgetting,5,20,4,"{""forgetting_factor"": 0.97, ""initial_covariance"": 100.0}",5000,0.02323613561139836,0.5339622641509434,0.044520811780656894,453.07547169811323,0.650112596416281,0.029770106918858348
RLS forgetting,6,20,4,"{""forgetting_factor"": 0.97, ""initial_covariance"": 100.0}",5000,0.023668008639039867,0.5452830188679245,0.045354013909963284,454.3018867924528,0.6610668505992643,0.033416328799881004
RLS forgetting,7,20,4,"{""forgetting_factor"": 0.97, ""initial_covariance"": 100.0}",5000,0.02294406288966475,0.5311320754716983,0.04397761154860073,456.4339622641509,0.6465917764328942,0.02979238610243528
RLS forgetting,8,20,4,"{""forgetting_factor"": 0.97, ""initial_covariance"": 100.0}",5000,0.023531976523519665,0.5339622641509434,0.045063155620199455,446.0,0.6563737629049484,0.03408826724279154
RLS forgetting,9,20,4,"{""forgetting_factor"": 0.97, ""initial_covariance"": 100.0}",5000,0.02212693564050149,0.5075471698113208,0.0423928537537885,453.0377358490566,0.6392604841580634,0.029804975248800335
RLS forgetting,10,20,4,"{""forgetting_factor"": 0.97, ""initial_covariance"": 100.0}",5000,0.024579947450593283,0.5716981132075472,0.047121193809110735,456.1320754716981,0.6661513290613504,0.0340192470254536
RLS forgetting,11,20,4,"{""forgetting_factor"": 0.97, ""initial_covariance"": 100.0}",5000,0.022691796989336672,0.5207547169811321,0.043476813458529225,453.66037735849056,0.6376563367746529,0.027053688060000285
RLS forgetting,12,20,4,"{""forgetting_factor"": 0.97, ""initial_covariance"": 100.0}",5000,0.023980646900872853,0.559433962264151,0.04597739199059708,457.1698113207547,0.6705105731577073,0.0331068396296301
RLS forgetting,13,20,4,"{""forgetting_factor"": 0.97, ""initial_covariance"": 100.0}",5000,0.023005365770240923,0.5320754716981132,0.04409628944794336,456.0566037735849,0.6522643704758514,0.03193250181734213
RLS forgetting,14,20,4,"{""forgetting_factor"": 0.97, ""initial_covariance"": 100.0}",5000,0.02347251882971152,0.5396226415094338,0.04497705328370411,450.8867924528302,0.6554827340690638,0.03297467163298177
RLS forgetting,15,20,4,"{""forgetting_factor"": 0.97, ""initial_covariance"": 100.0}",5000,0.02357886679862205,0.5433962264150944,0.04517942315697939,453.58490566037733,0.6538398303073454,0.030489754271487826
RLS forgetting,16,20,4,"{""forgetting_factor"": 0.97, ""initial_covariance"": 100.0}",5000,0.02399258754817607,0.5499999999999999,0.04596570618512282,449.9433962264151,0.6690137712115818,0.0354339589045141
RLS forgetting,17,20,4,"{""forgetting_factor"": 0.97, ""initial_covariance"": 100.0}",5000,0.02377513800195375,0.5509433962264151,0.04556959408282083,455.20754716981133,0.6549133499466002,0.030722428121143293
RLS forgetting,18,20,4,"{""forgetting_factor"": 0.97, ""initial_covariance"": 100.0}",5000,0.020929755630211645,0.4830188679245283,0.04011323476113585,458.0377358490566,0.6235910763023614,0.027279726511074655
RLS forgetting,19,20,4,"{""forgetting_factor"": 0.97, ""initial_covariance"": 100.0}",5000,0.022603973739374197,0.5179245283018868,0.04330644548330562,452.41509433962267,0.6547097543609826,0.03214172824952442
RLS forgetting,0,20,4,"{""forgetting_factor"": 0.99, ""initial_covariance"": 100.0}",5000,0.13088581492754972,0.5443396226415094,0.20965211614105786,94.33962264150944,0.854129346149282,0.11445587757991645
RLS forgetting,1,20,4,"{""forgetting_factor"": 0.99, ""initial_covariance"": 100.0}",5000,0.12268036467453268,0.5188679245283019,0.19728186311030246,95.83018867924528,0.8401649578735019,0.10090724323430701
RLS forgetting,2,20,4,"{""forgetting_factor"": 0.99, ""initial_covariance"": 100.0}",5000,0.1259794366987462,0.5367924528301886,0.20246222418886634,95.47169811320755,0.8646414441675566,0.11750235552439268
RLS forgetting,3,20,4,"{""forgetting_factor"": 0.99, ""initial_covariance"": 100.0}",5000,0.1309630401781829,0.5386792452830188,0.2092420370125792,93.47169811320755,0.8534012697282545,0.1145799125285725
RLS forgetting,4,20,4,"{""forgetting_factor"": 0.99, ""initial_covariance"": 100.0}",5000,0.1215140736855987,0.5084905660377359,0.19483803873796882,94.84905660377359,0.8374555298445473,0.1050587082444883
RLS forgetting,5,20,4,"{""forgetting_factor"": 0.99, ""initial_covariance"": 100.0}",5000,0.12201117106923931,0.5094339622641508,0.19540475933967108,95.32075471698113,0.8411987006051975,0.10454442930986357
RLS forgetting,6,20,4,"{""forgetting_factor"": 0.99, ""initial_covariance"": 100.0}",5000,0.137111813318503,0.5726415094339623,0.2201539919028107,92.60377358490567,0.869700978996084,0.13379157000252434
RLS forgetting,7,20,4,"{""forgetting_factor"": 0.99, ""initial_covariance"": 100.0}",5000,0.1193070403053007,0.5132075471698112,0.19234042828568285,97.39622641509433,0.8401734187729916,0.1052835035729312
RLS forgetting,8,20,4,"{""forgetting_factor"": 0.99, ""initial_covariance"": 100.0}",5000,0.13221580962556995,0.5471698113207548,0.2113566981089902,92.9622641509434,0.8520994185356592,0.11910990085266711
RLS forgetting,9,20,4,"{""forgetting_factor"": 0.99, ""initial_covariance"": 100.0}",5000,0.12230247374847862,0.5103773584905661,0.19601283286325277,95.26415094339623,0.8333235374391835,0.10233046861299307
RLS forgetting,10,20,4,"{""forgetting_factor"": 0.99, ""initial_covariance"": 100.0}",5000,0.1300117128910175,0.5584905660377358,0.20944417475617086,96.09433962264151,0.8549156164708674,0.1244424349469207
RLS forgetting,11,20,4,"{""forgetting_factor"": 0.99, ""initial_covariance"": 100.0}",5000,0.12313619083868306,0.5066037735849057,0.19665889929135888,94.81132075471699,0.8401989379375816,0.0993881253983281
RLS forgetting,12,20,4,"{""forgetting_factor"": 0.99, ""initial_covariance"": 100.0}",5000,0.1366063511367685,0.5915094339622641,0.2204674477655787,94.83018867924528,0.87517433250267,0.13092796308635118
RLS forgetting,13,20,4,"{""forgetting_factor"": 0.99, ""initial_covariance"": 100.0}",5000,0.12850847900792248,0.5283018867924528,0.20561329032709497,93.01886792452831,0.847167135398125,0.11230157863982942
RLS forgetting,14,20,4,"{""forgetting_factor"": 0.99, ""initial_covariance"": 100.0}",5000,0.12220643030659879,0.5113207547169811,0.19614932663855408,94.20754716981132,0.8453924172303311,0.11279444743721882
RLS forgetting,15,20,4,"{""forgetting_factor"": 0.99, ""initial_covariance"": 100.0}",5000,0.1336024069641607,0.5518867924528302,0.21338111928748799,94.43396226415095,0.8546430817610063,0.11956155139274101
RLS forgetting,16,20,4,"{""forgetting_factor"": 0.99, ""initial_covariance"": 100.0}",5000,0.13691266271691124,0.5707547169811321,0.21923173150762046,92.64150943396227,0.8593656461374154,0.1266915875455836
RLS forgetting,17,20,4,"{""forgetting_factor"": 0.99, ""initial_covariance"": 100.0}",5000,0.12447182664442978,0.520754716981132,0.19940005585701395,94.58490566037736,0.842556811439421,0.10565995879856377
RLS forgetting,18,20,4,"{""forgetting_factor"": 0.99, ""initial_covariance"": 100.0}",5000,0.11152225912003695,0.4613207547169812,0.17855929632081283,96.90566037735849,0.8214577963688146,0.08770271832727244
RLS forgetting,19,20,4,"{""forgetting_factor"": 0.99, ""initial_covariance"": 100.0}",5000,0.1226281346291555,0.5113207547169811,0.19654319143589755,95.86792452830188,0.8327529666548,0.10644291114801283
Global-rate EMA,0,20,4,"{""rate"": 0.05, ""regression_window"": 200, ""ridge_alpha"": 1.0}",5000,0.6469964249507955,0.5377358490566039,0.581218274946619,15.358490566037736,0.9390477275424232,0.5962654199569493
Global-rate EMA,1,20,4,"{""rate"": 0.05, ""regression_window"": 200, ""ridge_alpha"": 1.0}",5000,0.6144463079730149,0.48207547169811327,0.534469843712144,16.30188679245283,0.933510401091729,0.5340688847710175
Global-rate EMA,2,20,4,"{""rate"": 0.05, ""regression_window"": 200, ""ridge_alpha"": 1.0}",5000,0.6768084907683244,0.5235849056603774,0.5822134344674225,14.60377358490566,0.9419147146078083,0.6016509881441139
Global-rate EMA,3,20,4,"{""rate"": 0.05, ""regression_window"": 200, ""ridge_alpha"": 1.0}",5000,0.6188380393122644,0.5169811320754717,0.5562686696845136,16.0188679245283,0.9334168743325026,0.5813959556048335
Global-rate EMA,4,20,4,"{""rate"": 0.05, ""regression_window"": 200, ""ridge_alpha"": 1.0}",5000,0.6635072611557156,0.47264150943396227,0.5440565460205324,15.679245283018869,0.9327213005814643,0.5581423877326295
Global-rate EMA,5,20,4,"{""rate"": 0.05, ""regression_window"": 200, ""ridge_alpha"": 1.0}",5000,0.6228355824256608,0.5141509433962265,0.5582457941820637,16.09433962264151,0.9435460187492584,0.5664023465915575
Global-rate EMA,6,20,4,"{""rate"": 0.05, ""regression_window"": 200, ""ridge_alpha"": 1.0}",5000,0.6801729783743474,0.5660377358490566,0.6122628910921255,14.283018867924529,0.9463767473596773,0.6405890178137112
Global-rate EMA,7,20,4,"{""rate"": 0.05, ""regression_window"": 200, ""ridge_alpha"": 1.0}",5000,0.6035475717174414,0.5000000000000001,0.5425476958138454,16.49056603773585,0.9284559511095289,0.550431760521194
Global-rate EMA,8,20,4,"{""rate"": 0.05, ""regression_window"": 200, ""ridge_alpha"": 1.0}",5000,0.6471988943708009,0.5103773584905661,0.5639457663465323,15.566037735849056,0.9424846089948974,0.5756430614580939
Global-rate EMA,9,20,4,"{""rate"": 0.05, ""regression_window"": 200, ""ridge_alpha"": 1.0}",5000,0.6660935675626952,0.4754716981132076,0.5471576754451593,15.339622641509434,0.9419934496262015,0.5693459698627757
Global-rate EMA,10,20,4,"{""rate"": 0.05, ""regression_window"": 200, ""ridge_alpha"": 1.0}",5000,0.6742199225718681,0.5603773584905659,0.6048414140475431,14.18867924528302,0.9372782128871484,0.6185209685082966
Global-rate EMA,11,20,4,"{""rate"": 0.05, ""regression_window"": 200, ""ridge_alpha"": 1.0}",5000,0.6268926850313029,0.4707547169811321,0.5317347100156985,16.62264150943396,0.935762804082117,0.5545178510435171
Global-rate EMA,12,20,4,"{""rate"": 0.05, ""regression_window"": 200, ""ridge_alpha"": 1.0}",5000,0.6362231951440295,0.560377358490566,0.5922217444915986,15.226415094339623,0.9466547763142281,0.6228042040023462
Global-rate EMA,13,20,4,"{""rate"": 0.05, ""regression_window"": 200, ""ridge_alpha"": 1.0}",5000,0.6250937093911274,0.5075471698113208,0.555967720296306,15.924528301886792,0.9298438293580159,0.5668880282354772
Global-rate EMA,14,20,4,"{""rate"": 0.05, ""regression_window"": 200, ""ridge_alpha"": 1.0}",5000,0.6106021037407979,0.5009433962264151,0.5443855961117197,16.37735849056604,0.9335326332028006,0.5670704209172723
Global-rate EMA,15,20,4,"{""rate"": 0.05, ""regression_window"": 200, ""ridge_alpha"": 1.0}",5000,0.6278326666273905,0.517924528301887,0.5605629988839875,15.981132075471699,0.9331720897116411,0.5946956894821298
Global-rate EMA,16,20,4,"{""rate"": 0.05, ""regression_window"": 200, ""ridge_alpha"": 1.0}",5000,0.666904750483002,0.5556603773584906,0.6022779274738674,14.245283018867925,0.9418250029666548,0.6340393370826944
Global-rate EMA,17,20,4,"{""rate"": 0.05, ""regression_window"": 200, ""ridge_alpha"": 1.0}",5000,0.6196803930471202,0.4433962264150943,0.5095783786206669,16.77358490566038,0.9286244096356948,0.5329501846312261
Global-rate EMA,18,20,4,"{""rate"": 0.05, ""regression_window"": 200, ""ridge_alpha"": 1.0}",5000,0.6192435645725851,0.4377358490566038,0.5078109273117272,16.849056603773583,0.925625044499822,0.49336759948439457
Global-rate EMA,19,20,4,"{""rate"": 0.05, ""regression_window"": 200, ""ridge_alpha"": 1.0}",5000,0.6009305266424549,0.46037735849056594,0.5171000883137968,16.943396226415093,0.9367515367271865,0.5323110466448654
Global-rate EMA,0,20,4,"{""rate"": 0.25, ""regression_window"": 200, ""ridge_alpha"": 1.0}",5000,0.10525970780375386,0.5264150943396226,0.17475077166684727,105.22641509433963,0.836757375103833,0.1401912916348871
Global-rate EMA,1,20,4,"{""rate"": 0.25, ""regression_window"": 200, ""ridge_alpha"": 1.0}",5000,0.09880824147522206,0.5028301886792453,0.16448178982154052,106.11320754716981,0.8219541117835528,0.12950706692255412
Global-rate EMA,2,20,4,"{""rate"": 0.25, ""regression_window"": 200, ""ridge_alpha"": 1.0}",5000,0.10352907788193312,0.5377358490566038,0.17277956997899788,107.0,0.834147152011392,0.14914960598742344
Global-rate EMA,3,20,4,"{""rate"": 0.25, ""regression_window"": 200, ""ridge_alpha"": 1.0}",5000,0.10428331618473835,0.5358490566037736,0.1740452117531105,105.64150943396227,0.8304480479411416,0.13597544625733246
Global-rate EMA,4,20,4,"{""rate"": 0.25, ""regression_window"": 200, ""ridge_alpha"": 1.0}",5000,0.10031301062742294,0.49716981132075466,0.1662095419382343,103.15094339622641,0.8184753648985404,0.14061192906868877
Global-rate EMA,5,20,4,"{""rate"": 0.25, ""regression_window"": 200, ""ridge_alpha"": 1.0}",5000,0.10232679971630408,0.5311320754716982,0.17100533456794148,106.9622641509434,0.8346815533404534,0.13397810057476514
Global-rate EMA,6,20,4,"{""rate"": 0.25, ""regression_window"": 200, ""ridge_alpha"": 1.0}",5000,0.11297760003930825,0.5735849056603775,0.18808366946714983,103.45283018867924,0.8511737510383292,0.16855006852677182
Global-rate EMA,7,20,4,"{""rate"": 0.25, ""regression_window"": 200, ""ridge_alpha"": 1.0}",5000,0.09884677791624033,0.5160377358490567,0.16544666314052411,107.86792452830188,0.8221465230805743,0.13547823163096703
Global-rate EMA,8,20,4,"{""rate"": 0.25, ""regression_window"": 200, ""ridge_alpha"": 1.0}",5000,0.10378085581850796,0.5207547169811321,0.17235925533749766,103.49056603773585,0.8360285036193189,0.14472330075810047
Global-rate EMA,9,20,4,"{""rate"": 0.25, ""regression_window"": 200, ""ridge_alpha"": 1.0}",5000,0.09863106771851976,0.4933962264150944,0.163542044737228,104.49056603773585,0.8211589533641865,0.1393650388520037
Global-rate EMA,10,20,4,"{""rate"": 0.25, ""regression_window"": 200, ""ridge_alpha"": 1.0}",5000,0.10863942713707188,0.5490566037735849,0.1807771074120352,104.16981132075472,0.8419107096238282,0.16558752993932513
Global-rate EMA,11,20,4,"{""rate"": 0.25, ""regression_window"": 200, ""ridge_alpha"": 1.0}",5000,0.10108824881292697,0.49811320754716987,0.16737492217357738,103.33962264150944,0.8247262667615997,0.12638452214253326
Global-rate EMA,12,20,4,"{""rate"": 0.25, ""regression_window"": 200, ""ridge_alpha"": 1.0}",5000,0.10565369070938717,0.5433962264150943,0.17613082212953726,106.18867924528301,0.8533577667022665,0.16057293475815324
Global-rate EMA,13,20,4,"{""rate"": 0.25, ""regression_window"": 200, ""ridge_alpha"": 1.0}",5000,0.10166536935161256,0.5188679245283019,0.1693982034427168,105.54716981132076,0.8289445888216447,0.14803903124795081
Global-rate EMA,14,20,4,"{""rate"": 0.25, ""regression_window"": 200, ""ridge_alpha"": 1.0}",5000,0.10077026245879286,0.5207547169811321,0.16831310738763133,106.39622641509433,0.825648427672956,0.13617970382620154
Global-rate EMA,15,20,4,"{""rate"": 0.25, ""regression_window"": 200, ""ridge_alpha"": 1.0}",5000,0.10598842548739941,0.5433962264150943,0.1767403035314882,105.75471698113208,0.8390682152604723,0.14955228943608548
Global-rate EMA,16,20,4,"{""rate"": 0.25, ""regression_window"": 200, ""ridge_alpha"": 1.0}",5000,0.10762822399801515,0.5452830188679245,0.17905702591686337,104.39622641509433,0.846822908508366,0.1713915513175866
Global-rate EMA,17,20,4,"{""rate"": 0.25, ""regression_window"": 200, ""ridge_alpha"": 1.0}",5000,0.10124379310556608,0.5009433962264151,0.1675531864403353,103.52830188679245,0.8175542126498161,0.12602188958915603
Global-rate EMA,18,20,4,"{""rate"": 0.25, ""regression_window"": 200, ""ridge_alpha"": 1.0}",5000,0.09287988533155836,0.4679245283018868,0.15442552726640577,106.50943396226415,0.807511558087101,0.10912985253723653
Global-rate EMA,19,20,4,"{""rate"": 0.25, ""regression_window"": 200, ""ridge_alpha"": 1.0}",5000,0.10183283578245025,0.5103773584905661,0.16912850878114807,104.37735849056604,0.8229594695621217,0.1343119071969446
Global-rate EMA,0,20,4,"{""rate"": 0.05, ""regression_window"": 400, ""ridge_alpha"": 1.0}",5000,0.8701164221312085,0.5688679245283018,0.6813443864865225,10.81132075471698,0.9582675388631778,0.7455962826567089
Global-rate EMA,1,20,4,"{""rate"": 0.05, ""regression_window"": 400, ""ridge_alpha"": 1.0}",5000,0.8632454547548887,0.4547169811320755,0.5886197561757495,12.660377358490566,0.9565692179897947,0.677632570725788
Global-rate EMA,2,20,4,"{""rate"": 0.05, ""regression_window"": 400, ""ridge_alpha"": 1.0}",5000,0.8922096200993632,0.5490566037735849,0.6709611693845924,10.79245283018868,0.9611151892725762,0.7588353410361135
Global-rate EMA,3,20,4,"{""rate"": 0.05, ""regression_window"": 400, ""ridge_alpha"": 1.0}",5000,0.8793178519593614,0.5386792452830189,0.6604726381283136,11.11320754716981,0.953815118072861,0.7346349833802005
Global-rate EMA,4,20,4,"{""rate"": 0.05, ""regression_window"": 400, ""ridge_alpha"": 1.0}",5000,0.884557867361587,0.479245283018868,0.6082474941431715,12.452830188679245,0.9574511451287528,0.6879716708516547
Global-rate EMA,5,20,4,"{""rate"": 0.05, ""regression_window"": 400, ""ridge_alpha"": 1.0}",5000,0.8618402615697288,0.5018867924528303,0.625189624213481,12.075471698113208,0.9606257208971164,0.7113766704118083
Global-rate EMA,6,20,4,"{""rate"": 0.05, ""regression_window"": 400, ""ridge_alpha"": 1.0}",5000,0.8937421250943667,0.6301886792452829,0.7345817257177859,9.339622641509434,0.9618988311380088,0.7936931763018812
Global-rate EMA,7,20,4,"{""rate"": 0.05, ""regression_window"": 400, ""ridge_alpha"": 1.0}",5000,0.864844935447044,0.5075471698113209,0.6339995760321117,12.056603773584905,0.9555859024563902,0.6884302339110447
Global-rate EMA,8,20,4,"{""rate"": 0.05, ""regression_window"": 400, ""ridge_alpha"": 1.0}",5000,0.8787052308278723,0.5415094339622643,0.6637109295381501,11.037735849056604,0.9597099798267473,0.739619211073813
Global-rate EMA,9,20,4,"{""rate"": 0.05, ""regression_window"": 400, ""ridge_alpha"": 1.0}",5000,0.8792087013368922,0.48301886792452825,0.6112096494864868,12.075471698113208,0.9638460187492583,0.7320510857314059
Global-rate EMA,10,20,4,"{""rate"": 0.05, ""regression_window"": 400, ""ridge_alpha"": 1.0}",5000,0.883627582184741,0.5452830188679245,0.6686546136859937,10.773584905660377,0.9555857956568173,0.733183528270251
Global-rate EMA,11,20,4,"{""rate"": 0.05, ""regression_window"": 400, ""ridge_alpha"": 1.0}",5000,0.8760434272226724,0.5000000000000001,0.6284129700225377,12.226415094339623,0.9586327874688502,0.7072685465740783
Global-rate EMA,12,20,4,"{""rate"": 0.05, ""regression_window"": 400, ""ridge_alpha"": 1.0}",5000,0.8824897021755121,0.5943396226415094,0.7043046403121923,10.132075471698114,0.961445520351252,0.7846121137384806
Global-rate EMA,13,20,4,"{""rate"": 0.05, ""regression_window"": 400, ""ridge_alpha"": 1.0}",5000,0.876120622194429,0.530188679245283,0.6525036823675696,11.377358490566039,0.9523452592856295,0.7257145680469603
Global-rate EMA,14,20,4,"{""rate"": 0.05, ""regression_window"": 400, ""ridge_alpha"": 1.0}",5000,0.8839181275882433,0.5056603773584906,0.6358896670985638,11.69811320754717,0.9580252165658004,0.7184117627520294
Global-rate EMA,15,20,4,"{""rate"": 0.05, ""regression_window"": 400, ""ridge_alpha"": 1.0}",5000,0.8790093931143173,0.5349056603773584,0.6593967922789615,11.471698113207546,0.9544057256437641,0.7330025275532361
Global-rate EMA,16,20,4,"{""rate"": 0.05, ""regression_window"": 400, ""ridge_alpha"": 1.0}",5000,0.8902020275513328,0.5547169811320755,0.6750400509974599,10.60377358490566,0.9595188085914323,0.7745627912881757
Global-rate EMA,17,20,4,"{""rate"": 0.05, ""regression_window"": 400, ""ridge_alpha"": 1.0}",5000,0.8640085281594715,0.4716981132075472,0.6014618211005345,12.471698113207546,0.9539231517740596,0.6945557052543049
Global-rate EMA,18,20,4,"{""rate"": 0.05, ""regression_window"": 400, ""ridge_alpha"": 1.0}",5000,0.8703756411303581,0.4160377358490566,0.5558640860774718,13.566037735849056,0.9525738815711404,0.6342572454202159
Global-rate EMA,19,20,4,"{""rate"": 0.05, ""regression_window"": 400, ""ridge_alpha"": 1.0}",5000,0.8724216980043838,0.4556603773584907,0.5898407937532925,12.867924528301886,0.9607997982674736,0.6905140365818897
Global-rate EMA,0,20,4,"{""rate"": 0.25, ""regression_window"": 400, ""ridge_alpha"": 1.0}",5000,0.6162306526990387,0.5858490566037735,0.5871705519140755,27.056603773584907,0.941340221905779,0.30216739016958005
Global-rate EMA,1,20,4,"{""rate"": 0.25, ""regression_window"": 400, ""ridge_alpha"": 1.0}",5000,0.5599416292031131,0.5103773584905661,0.5179408942736996,28.92452830188679,0.9243908389699774,0.2639747879030798
Global-rate EMA,2,20,4,"{""rate"": 0.25, ""regression_window"": 400, ""ridge_alpha"": 1.0}",5000,0.6036185949981615,0.5632075471698114,0.5642326336319352,27.32075471698113,0.9411399727067759,0.31365132607143137
Global-rate EMA,3,20,4,"{""rate"": 0.25, ""regression_window"": 400, ""ridge_alpha"": 1.0}",5000,0.5911149701088385,0.5462264150943396,0.5556113458284384,27.07547169811321,0.9311664530675211,0.3019758050338696
Global-rate EMA,4,20,4,"{""rate"": 0.25, ""regression_window"": 400, ""ridge_alpha"": 1.0}",5000,0.5594434077889991,0.4971698113207547,0.5084552109341468,29.07547169811321,0.9273322238044381,0.270430373650666
Global-rate EMA,5,20,4,"{""rate"": 0.25, ""regression_window"": 400, ""ridge_alpha"": 1.0}",5000,0.5621963196386008,0.5264150943396226,0.5290165530631088,28.62264150943396,0.9385886436454254,0.2784784982083461
Global-rate EMA,6,20,4,"{""rate"": 0.25, ""regression_window"": 400, ""ridge_alpha"": 1.0}",5000,0.6265913652610505,0.6349056603773585,0.6156407095286989,25.58490566037736,0.9472586804319449,0.35433292011229667
Global-rate EMA,7,20,4,"{""rate"": 0.25, ""regression_window"": 400, ""ridge_alpha"": 1.0}",5000,0.563813882668618,0.5320754716981133,0.5344485379787176,28.30188679245283,0.9289123472172778,0.2740056879084621
Global-rate EMA,8,20,4,"{""rate"": 0.25, ""regression_window"": 400, ""ridge_alpha"": 1.0}",5000,0.6088117409781993,0.5452830188679245,0.5580010325296212,26.71698113207547,0.9404072386377121,0.3099307438238641
Global-rate EMA,9,20,4,"{""rate"": 0.25, ""regression_window"": 400, ""ridge_alpha"": 1.0}",5000,0.5902561794054976,0.4981132075471698,0.5212527035274016,27.90566037735849,0.9379173549305803,0.2749671263310155
Global-rate EMA,10,20,4,"{""rate"": 0.25, ""regression_window"": 400, ""ridge_alpha"": 1.0}",5000,0.6102233110377975,0.5613207547169812,0.5705792290041602,27.11320754716981,0.9378901447727542,0.3043595695163085
Global-rate EMA,11,20,4,"{""rate"": 0.25, ""regression_window"": 400, ""ridge_alpha"": 1.0}",5000,0.5666594586516324,0.5150943396226415,0.5229679063330099,28.67924528301887,0.9331434496262015,0.27260570888096514
Global-rate EMA,12,20,4,"{""rate"": 0.25, ""regression_window"": 400, ""ridge_alpha"": 1.0}",5000,0.6006268174269362,0.6084905660377359,0.592518640461182,26.433962264150942,0.9497796309481429,0.34192279357795347
Global-rate EMA,13,20,4,"{""rate"": 0.25, ""regression_window"": 400, ""ridge_alpha"": 1.0}",5000,0.5945823057513184,0.5490566037735849,0.5572312464115089,26.69811320754717,0.9331075531031209,0.30430291732145426
Global-rate EMA,14,20,4,"{""rate"": 0.25, ""regression_window"": 400, ""ridge_alpha"": 1.0}",5000,0.5837210140435232,0.5226415094339623,0.5373991010400246,27.37735849056604,0.9323052509789961,0.2818653739894658
Global-rate EMA,15,20,4,"{""rate"": 0.25, ""regression_window"": 400, ""ridge_alpha"": 1.0}",5000,0.6057896987918805,0.5566037735849058,0.5670573875249144,27.32075471698113,0.9353515841936633,0.2968332310766656
Global-rate EMA,16,20,4,"{""rate"": 0.25, ""regression_window"": 400, ""ridge_alpha"": 1.0}",5000,0.5837181906159676,0.569811320754717,0.5631548846859988,27.60377358490566,0.9426214963806812,0.3362938732066071
Global-rate EMA,17,20,4,"{""rate"": 0.25, ""regression_window"": 400, ""ridge_alpha"": 1.0}",5000,0.5489341204069518,0.5028301886792453,0.5073134179695352,29.339622641509433,0.9302440192239231,0.26689258997260495
Global-rate EMA,18,20,4,"{""rate"": 0.25, ""regression_window"": 400, ""ridge_alpha"": 1.0}",5000,0.5452746466217708,0.45377358490566033,0.47869741786802233,29.547169811320753,0.920712032751869,0.2360172437886393
Global-rate EMA,19,20,4,"{""rate"": 0.25, ""regression_window"": 400, ""ridge_alpha"": 1.0}",5000,0.5399414129143164,0.4886792452830189,0.4972141510992314,29.90566037735849,0.929010223092441,0.2665427661631274
KGLS ridge-to-previous,0,50,1,"{""prior_strength"": 0.1, ""regression_window"": 200}",5000,0.14968009768437798,0.5486792452830189,0.23463213401243174,182.83018867924528,0.8411951139195443,0.21453445766543772
KGLS ridge-to-previous,1,50,1,"{""prior_strength"": 0.1, ""regression_window"": 200}",5000,0.1442945551755863,0.5328301886792454,0.22646434969905715,185.11320754716982,0.8246740046873146,0.20846925406647063
KGLS ridge-to-previous,2,50,1,"{""prior_strength"": 0.1, ""regression_window"": 200}",5000,0.14096684374200907,0.5124528301886793,0.2205164709141127,186.66037735849056,0.8234880325145366,0.18899323408388707
KGLS ridge-to-previous,3,50,1,"{""prior_strength"": 0.1, ""regression_window"": 200}",5000,0.14447994902343658,0.5332075471698114,0.22659610294875546,186.9245283018868,0.829481855939243,0.208873358912616
KGLS ridge-to-previous,4,50,1,"{""prior_strength"": 0.1, ""regression_window"": 200}",5000,0.1401878496373771,0.510188679245283,0.2192324380493726,186.24528301886792,0.8233797926308295,0.19421345851830743
KGLS ridge-to-previous,5,50,1,"{""prior_strength"": 0.1, ""regression_window"": 200}",5000,0.14596462001468322,0.539622641509434,0.22921843548668178,184.83018867924528,0.8254790969502789,0.21039829594920736
KGLS ridge-to-previous,6,50,1,"{""prior_strength"": 0.1, ""regression_window"": 200}",5000,0.1495803303892903,0.539622641509434,0.23356051493432484,182.49056603773585,0.8312211240655037,0.1897325267508783
KGLS ridge-to-previous,7,50,1,"{""prior_strength"": 0.1, ""regression_window"": 200}",5000,0.1447556771631192,0.5362264150943397,0.2272572089634728,186.9056603773585,0.8282466447134211,0.20684493628973863
KGLS ridge-to-previous,8,50,1,"{""prior_strength"": 0.1, ""regression_window"": 200}",5000,0.14603939920380019,0.5362264150943395,0.2287809783962467,184.0754716981132,0.8368602038091848,0.20539327734187574
KGLS ridge-to-previous,9,50,1,"{""prior_strength"": 0.1, ""regression_window"": 200}",5000,0.14262161176546492,0.519245283018868,0.22304312770869766,185.49056603773585,0.8266428696451881,0.1901735260894698
KGLS ridge-to-previous,10,50,1,"{""prior_strength"": 0.1, ""regression_window"": 200}",5000,0.14142054523921233,0.5260377358490566,0.2222507947673442,188.52830188679246,0.8228809125430165,0.1868849741045068
KGLS ridge-to-previous,11,50,1,"{""prior_strength"": 0.1, ""regression_window"": 200}",5000,0.13804982865053908,0.5184905660377358,0.2173808893705035,190.0566037735849,0.8207278301886792,0.20066478537711774
KGLS ridge-to-previous,12,50,1,"{""prior_strength"": 0.1, ""regression_window"": 200}",5000,0.15102721730087945,0.5381132075471698,0.23515515091098893,178.58490566037736,0.8334839592974962,0.21469986711316427
KGLS ridge-to-previous,13,50,1,"{""prior_strength"": 0.1, ""regression_window"": 200}",5000,0.14501871653759085,0.5354716981132076,0.22750997445974752,185.47169811320754,0.8318828037854515,0.2005607660511054
KGLS ridge-to-previous,14,50,1,"{""prior_strength"": 0.1, ""regression_window"": 200}",5000,0.14045115983432324,0.5173584905660379,0.2203455235973899,186.96226415094338,0.823949377002492,0.19216230509983204
KGLS ridge-to-previous,15,50,1,"{""prior_strength"": 0.1, ""regression_window"": 200}",5000,0.14535653856721883,0.5366037735849056,0.22805871012256027,184.64150943396226,0.8313067728729086,0.21113787529501682
KGLS ridge-to-previous,16,50,1,"{""prior_strength"": 0.1, ""regression_window"": 200}",5000,0.14165866987204284,0.5290566037735849,0.22279028003765344,187.37735849056602,0.8294463643645426,0.19725407356021743
KGLS ridge-to-previous,17,50,1,"{""prior_strength"": 0.1, ""regression_window"": 200}",5000,0.14757976156926075,0.5381132075471698,0.2308602246448436,182.66037735849056,0.8353722736442387,0.21008454353150052
KGLS ridge-to-previous,18,50,1,"{""prior_strength"": 0.1, ""regression_window"": 200}",5000,0.14725724218317401,0.5290566037735849,0.22968673631578715,181.81132075471697,0.8381723107274237,0.20903315833898634
KGLS ridge-to-previous,19,50,1,"{""prior_strength"": 0.1, ""regression_window"": 200}",5000,0.13907891104262676,0.5083018867924528,0.2177715548926201,186.24528301886792,0.828559006763973,0.19372685952389362
KGLS ridge-to-previous,0,50,1,"{""prior_strength"": 1.0, ""regression_window"": 200}",5000,0.1502122072291773,0.5486792452830189,0.23527722521799724,182.41509433962264,0.8413723270440252,0.2150427535811763
KGLS ridge-to-previous,1,50,1,"{""prior_strength"": 1.0, ""regression_window"": 200}",5000,0.14470557926356434,0.5328301886792454,0.2269460778461364,184.64150943396226,0.8248403984217396,0.2089614117918297
KGLS ridge-to-previous,2,50,1,"{""prior_strength"": 1.0, ""regression_window"": 200}",5000,0.14136403675228687,0.5120754716981132,0.22097015858795413,185.96226415094338,0.8237093627625489,0.18952444727432394
KGLS ridge-to-previous,3,50,1,"{""prior_strength"": 1.0, ""regression_window"": 200}",5000,0.14477240082942827,0.5335849056603774,0.22694857273252805,186.52830188679246,0.8297962857481903,0.20894843714973527
KGLS ridge-to-previous,4,50,1,"{""prior_strength"": 1.0, ""regression_window"": 200}",5000,0.1404760967442545,0.510188679245283,0.2195803835109612,185.88679245283018,0.8236585647324077,0.19428424813109238
KGLS ridge-to-previous,5,50,1,"{""prior_strength"": 1.0, ""regression_window"": 200}",5000,0.14637691714217538,0.5399999999999999,0.22976064397044477,184.43396226415095,0.8257135724457102,0.2106726260604139
KGLS ridge-to-previous,6,50,1,"{""prior_strength"": 1.0, ""regression_window"": 200}",5000,0.1501017524317031,0.5407547169811322,0.23430383436845512,182.1509433962264,0.831415436988252,0.18987754053450506
KGLS ridge-to-previous,7,50,1,"{""prior_strength"": 1.0, ""regression_window"": 200}",5000,0.14530455099576814,0.5358490566037736,0.22790259507005578,186.0188679245283,0.8284877655156047,0.20729972344213815
KGLS ridge-to-previous,8,50,1,"{""prior_strength"": 1.0, ""regression_window"": 200}",5000,0.14679856690035414,0.5373584905660377,0.22982055084599928,183.49056603773585,0.8370983179067284,0.20560681110448822
KGLS ridge-to-previous,9,50,1,"{""prior_strength"": 1.0, ""regression_window"": 200}",5000,0.14288602802043474,0.5192452830188681,0.2233417281469157,185.0566037735849,0.8268444849887268,0.1905542007674052
KGLS ridge-to-previous,10,50,1,"{""prior_strength"": 1.0, ""regression_window"": 200}",5000,0.1416794760594973,0.5252830188679246,0.22249542329581565,187.96226415094338,0.8230768289426842,0.1874323711443652
KGLS ridge-to-previous,11,50,1,"{""prior_strength"": 1.0, ""regression_window"": 200}",5000,0.13842723730616532,0.5184905660377358,0.21785436240586056,189.50943396226415,0.8210594829120683,0.2011636918659216
KGLS ridge-to-previous,12,50,1,"{""prior_strength"": 1.0, ""regression_window"": 200}",5000,0.15107477379851775,0.5373584905660378,0.23513855198416767,178.45283018867926,0.8336954506348642,0.21466347422554863
KGLS ridge-to-previous,13,50,1,"{""prior_strength"": 1.0, ""regression_window"": 200}",5000,0.1455122308676495,0.5366037735849057,0.22820819455993963,185.0,0.8321319390055774,0.20083367620180675
KGLS ridge-to-previous,14,50,1,"{""prior_strength"": 1.0, ""regression_window"": 200}",5000,0.14077719328339539,0.5177358490566039,0.2207718552337579,186.50943396226415,0.8241926871959179,0.192134309522359
KGLS ridge-to-previous,15,50,1,"{""prior_strength"": 1.0, ""regression_window"": 200}",5000,0.14567706762351196,0.5366037735849056,0.22845550933638847,184.26415094339623,0.8316055283612199,0.21127640948298587
KGLS ridge-to-previous,16,50,1,"{""prior_strength"": 1.0, ""regression_window"": 200}",5000,0.14188156110428518,0.5286792452830189,0.2230367664390584,186.9245283018868,0.8296154770380918,0.19780681282904167
KGLS ridge-to-previous,17,50,1,"{""prior_strength"": 1.0, ""regression_window"": 200}",5000,0.14778696730242702,0.5373584905660378,0.23103770589187625,182.26415094339623,0.8354820710217159,0.21019957947391757
KGLS ridge-to-previous,18,50,1,"{""prior_strength"": 1.0, ""regression_window"": 200}",5000,0.14796879516178219,0.530188679245283,0.2306382825715097,181.1320754716981,0.8384113474546102,0.2090384722391568
KGLS ridge-to-previous,19,50,1,"{""prior_strength"": 1.0, ""regression_window"": 200}",5000,0.1396265746845748,0.5090566037735849,0.21850578248282032,185.9433962264151,0.8288459178829951,0.19393642101950037
KGLS ridge-to-previous,0,50,1,"{""prior_strength"": 0.1, ""regression_window"": 250}",5000,0.2625360363167344,0.5603773584905661,0.35555857601699525,109.77358490566037,0.8824540539337843,0.28563351298976375
KGLS ridge-to-previous,1,50,1,"{""prior_strength"": 0.1, ""regression_window"": 250}",5000,0.25086948792171626,0.5249056603773585,0.3370438588436076,110.50943396226415,0.8675895618250861,0.27341696544754324
KGLS ridge-to-previous,2,50,1,"{""prior_strength"": 0.1, ""regression_window"": 250}",5000,0.2436168964137629,0.5139622641509435,0.32838537086121117,114.18867924528301,0.8680994318856058,0.24893634100700182
KGLS ridge-to-previous,3,50,1,"{""prior_strength"": 0.1, ""regression_window"": 250}",5000,0.2632428053965657,0.5509433962264152,0.3535925165472523,109.67924528301887,0.8795522591076302,0.2739666385188507
KGLS ridge-to-previous,4,50,1,"{""prior_strength"": 0.1, ""regression_window"": 250}",5000,0.24351726628078846,0.5162264150943398,0.3289995542692394,113.88679245283019,0.8694158271033583,0.25504490722166845
KGLS ridge-to-previous,5,50,1,"{""prior_strength"": 0.1, ""regression_window"": 250}",5000,0.2514868935778447,0.5475471698113208,0.34282330184900794,111.98113207547169,0.867439806574107,0.2818824588586668
KGLS ridge-to-previous,6,50,1,"{""prior_strength"": 0.1, ""regression_window"": 250}",5000,0.25535430271196985,0.5418867924528301,0.34500921654087624,111.81132075471699,0.875509051263795,0.26011218765993677
KGLS ridge-to-previous,7,50,1,"{""prior_strength"": 0.1, ""regression_window"": 250}",5000,0.24742390807638673,0.5347169811320754,0.33605849662569115,113.81132075471699,0.874258057434437,0.2709901232027776
KGLS ridge-to-previous,8,50,1,"{""prior_strength"": 0.1, ""regression_window"": 250}",5000,0.24850647652691085,0.5384905660377359,0.3376536475662064,112.73584905660377,0.8821621529013884,0.27210340790566984
KGLS ridge-to-previous,9,50,1,"{""prior_strength"": 0.1, ""regression_window"": 250}",5000,0.2518252403640271,0.5275471698113208,0.33843432391030287,111.86792452830188,0.8717831909339029,0.25563382361711223
KGLS ridge-to-previous,10,50,1,"{""prior_strength"": 0.1, ""regression_window"": 250}",5000,0.24258675083492875,0.5211320754716982,0.3289025793819291,114.64150943396227,0.8681212961314821,0.2544876004317567
KGLS ridge-to-previous,11,50,1,"{""prior_strength"": 0.1, ""regression_window"": 250}",5000,0.2407158067551076,0.5162264150943395,0.3262482007383318,113.94339622641509,0.8690892221431115,0.26582876687580625
KGLS ridge-to-previous,12,50,1,"{""prior_strength"": 0.1, ""regression_window"": 250}",5000,0.26553665942052523,0.5509433962264151,0.3556367866067439,107.41509433962264,0.8775482096238282,0.2900095650031289
KGLS ridge-to-previous,13,50,1,"{""prior_strength"": 0.1, ""regression_window"": 250}",5000,0.24856729800520425,0.5426415094339623,0.3385671651569202,113.60377358490567,0.8759351088762312,0.27096289919414507
KGLS ridge-to-previous,14,50,1,"{""prior_strength"": 0.1, ""regression_window"": 250}",5000,0.24201628914780407,0.5237735849056604,0.3290387216222332,114.73584905660377,0.8677757431470274,0.25503272899862295
KGLS ridge-to-previous,15,50,1,"{""prior_strength"": 0.1, ""regression_window"": 250}",5000,0.24609576967842842,0.5275471698113207,0.3332735515010153,112.24528301886792,0.876645527767889,0.2728578621209
KGLS ridge-to-previous,16,50,1,"{""prior_strength"": 0.1, ""regression_window"": 250}",5000,0.24705732612078024,0.5301886792452831,0.3346556731455664,112.20754716981132,0.870422982674736,0.2672038791450827
KGLS ridge-to-previous,17,50,1,"{""prior_strength"": 0.1, ""regression_window"": 250}",5000,0.2499456611309798,0.539245283018868,0.33886557830609115,112.28301886792453,0.8815568129227483,0.2742946628919914
KGLS ridge-to-previous,18,50,1,"{""prior_strength"": 0.1, ""regression_window"": 250}",5000,0.25287746019407786,0.5381132075471697,0.34167321977227183,111.84905660377359,0.8824528524385903,0.27506271348367
KGLS ridge-to-previous,19,50,1,"{""prior_strength"": 0.1, ""regression_window"": 250}",5000,0.24555676775710306,0.5245283018867924,0.33233260474292586,112.18867924528301,0.8764454269016257,0.2584744936798193
KGLS ridge-to-previous,0,50,1,"{""prior_strength"": 1.0, ""regression_window"": 250}",5000,0.26315883367477805,0.5603773584905661,0.3561261974367521,109.75471698113208,0.882488745995016,0.28597516463686007
KGLS ridge-to-previous,1,50,1,"{""prior_strength"": 1.0, ""regression_window"": 250}",5000,0.2511440778529551,0.5245283018867924,0.3371306954757707,110.41509433962264,0.8676658048534472,0.2738453139316515
KGLS ridge-to-previous,2,50,1,"{""prior_strength"": 1.0, ""regression_window"": 250}",5000,0.24386042651307105,0.5139622641509435,0.3286075088788524,114.0377358490566,0.8681689331909339,0.24944415251349958
KGLS ridge-to-previous,3,50,1,"{""prior_strength"": 1.0, ""regression_window"": 250}",5000,0.2641046888185181,0.5513207547169812,0.35431332400817506,109.32075471698113,0.8796990610537558,0.2739578793086189
KGLS ridge-to-previous,4,50,1,"{""prior_strength"": 1.0, ""regression_window"": 250}",5000,0.2439530952538198,0.5162264150943398,0.3293988078805855,113.67924528301887,0.8695617568529725,0.25499177223435193
KGLS ridge-to-previous,5,50,1,"{""prior_strength"": 1.0, ""regression_window"": 250}",5000,0.25247789390942954,0.5490566037735849,0.3440723794937237,111.69811320754717,0.8675558265100273,0.28192229492227855
KGLS ridge-to-previous,6,50,1,"{""prior_strength"": 1.0, ""regression_window"": 250}",5000,0.25564110487163816,0.5418867924528301,0.3452820727186504,111.73584905660377,0.8755911623353506,0.260115594154774
KGLS ridge-to-previous,7,50,1,"{""prior_strength"": 1.0, ""regression_window"": 250}",5000,0.24807555511933013,0.5350943396226415,0.3367274060309929,113.49056603773585,0.8743930817610063,0.2713508730889089
KGLS ridge-to-previous,8,50,1,"{""prior_strength"": 1.0, ""regression_window"": 250}",5000,0.24867931908641402,0.5384905660377359,0.3378037825426068,112.73584905660377,0.8822747508009968,0.27200177162720013
KGLS ridge-to-previous,9,50,1,"{""prior_strength"": 1.0, ""regression_window"": 250}",5000,0.25240793695240177,0.5283018867924529,0.3390406531528007,111.67924528301887,0.8718755473478106,0.25592984178322115
KGLS ridge-to-previous,10,50,1,"{""prior_strength"": 1.0, ""regression_window"": 250}",5000,0.24318632977975257,0.5215094339622641,0.32951602293366605,114.39622641509433,0.8682019075590365,0.2549315497709924
KGLS ridge-to-previous,11,50,1,"{""prior_strength"": 1.0, ""regression_window"": 250}",5000,0.24111273269478256,0.5162264150943395,0.3266040514895566,113.75471698113208,0.8692692684229263,0.2662157519051553
KGLS ridge-to-previous,12,50,1,"{""prior_strength"": 1.0, ""regression_window"": 250}",5000,0.26558351647087947,0.5509433962264151,0.3556723130565849,107.49056603773585,0.8776247819508722,0.28960079353843093
KGLS ridge-to-previous,13,50,1,"{""prior_strength"": 1.0, ""regression_window"": 250}",5000,0.24908484303510497,0.5426415094339623,0.338995022191513,113.30188679245283,0.8760639877773823,0.271202929321292
KGLS ridge-to-previous,14,50,1,"{""prior_strength"": 1.0, ""regression_window"": 250}",5000,0.24248202863896573,0.5241509433962265,0.3294789041869241,114.45283018867924,0.8679178844784621,0.2548862443134166
KGLS ridge-to-previous,15,50,1,"{""prior_strength"": 1.0, ""regression_window"": 250}",5000,0.24638004933876742,0.5275471698113207,0.3335246683754403,112.15094339622641,0.876810957339504,0.2728146819035609
KGLS ridge-to-previous,16,50,1,"{""prior_strength"": 1.0, ""regression_window"": 250}",5000,0.24744149032989168,0.5305660377358491,0.33508831287751784,111.98113207547169,0.8704939376409161,0.2678209192895042
KGLS ridge-to-previous,17,50,1,"{""prior_strength"": 1.0, ""regression_window"": 250}",5000,0.25010592759796646,0.5384905660377358,0.338825351593376,112.20754716981132,0.8815765708437167,0.2740982253112492
KGLS ridge-to-previous,18,50,1,"{""prior_strength"": 1.0, ""regression_window"": 250}",5000,0.25304335219312396,0.5388679245283018,0.341932593555123,111.75471698113208,0.8825411237688383,0.27490137541739695
KGLS ridge-to-previous,19,50,1,"{""prior_strength"": 1.0, ""regression_window"": 250}",5000,0.24608397118061198,0.5249056603773585,0.332896432320901,112.18867924528301,0.8765868948024208,0.2583885532452058
RLS forgetting,0,50,1,"{""forgetting_factor"": 0.97, ""initial_covariance"": 100.0}",5000,0.040507139762128254,0.5460377358490566,0.0754103127039732,658.9811320754717,0.6800088910644357,0.06324654379480173
RLS forgetting,1,50,1,"{""forgetting_factor"": 0.97, ""initial_covariance"": 100.0}",5000,0.038914565606725404,0.5260377358490567,0.07245932229863135,661.4905660377359,0.667762195917883,0.058992939631459566
RLS forgetting,2,50,1,"{""forgetting_factor"": 0.97, ""initial_covariance"": 100.0}",5000,0.03755339076124876,0.5086792452830188,0.06993152872667367,666.2830188679245,0.6572643155927377,0.058786815307076745
RLS forgetting,3,50,1,"{""forgetting_factor"": 0.97, ""initial_covariance"": 100.0}",5000,0.03850232910309363,0.5230188679245282,0.07171300125359449,665.8867924528302,0.6643861664886673,0.055467497846522544
RLS forgetting,4,50,1,"{""forgetting_factor"": 0.97, ""initial_covariance"": 100.0}",5000,0.03822089841990683,0.5173584905660378,0.07117217035113896,663.4905660377359,0.6560025572564376,0.053303975921181496
RLS forgetting,5,50,1,"{""forgetting_factor"": 0.97, ""initial_covariance"": 100.0}",5000,0.03836241420581981,0.5222641509433963,0.07146610397771835,668.0,0.6645334594161624,0.0598088765152574
RLS forgetting,6,50,1,"{""forgetting_factor"": 0.97, ""initial_covariance"": 100.0}",5000,0.0392098111840848,0.5350943396226415,0.0730527682275378,667.1509433962265,0.666686372671176,0.05554268761032193
RLS forgetting,7,50,1,"{""forgetting_factor"": 0.97, ""initial_covariance"": 100.0}",5000,0.03879654149743627,0.5260377358490566,0.07225281794460985,664.3207547169811,0.6723465720303785,0.0584424206329319
RLS forgetting,8,50,1,"{""forgetting_factor"": 0.97, ""initial_covariance"": 100.0}",5000,0.03921494264607313,0.5260377358490567,0.07297857017838544,656.8490566037735,0.6619772457576837,0.05681442047997128
RLS forgetting,9,50,1,"{""forgetting_factor"": 0.97, ""initial_covariance"": 100.0}",5000,0.038367624662018054,0.5150943396226415,0.07140166136821144,659.1132075471698,0.6624404651714726,0.057598038201506
RLS forgetting,10,50,1,"{""forgetting_factor"": 0.97, ""initial_covariance"": 100.0}",5000,0.03881416687189713,0.5271698113207547,0.07229393253176099,665.1509433962265,0.6637701005695977,0.05296153823308512
RLS forgetting,11,50,1,"{""forgetting_factor"": 0.97, ""initial_covariance"": 100.0}",5000,0.03921331557050172,0.5309433962264151,0.07302284905784677,663.4150943396227,0.661259414679008,0.06023978615721693
RLS forgetting,12,50,1,"{""forgetting_factor"": 0.97, ""initial_covariance"": 100.0}",5000,0.03902402307529111,0.5249056603773585,0.07263695254799048,658.5471698113207,0.6690058190933903,0.056734531597381545
RLS forgetting,13,50,1,"{""forgetting_factor"": 0.97, ""initial_covariance"": 100.0}",5000,0.03815368744409578,0.5135849056603774,0.07101724648329559,659.9245283018868,0.6629602216091136,0.05799240664785075
RLS forgetting,14,50,1,"{""forgetting_factor"": 0.97, ""initial_covariance"": 100.0}",5000,0.03763623504151498,0.5086792452830188,0.07007574987982373,663.3018867924528,0.6558697594042957,0.05598343950911181
RLS forgetting,15,50,1,"{""forgetting_factor"": 0.97, ""initial_covariance"": 100.0}",5000,0.039106511518222566,0.529433962264151,0.07282393963391046,661.5471698113207,0.6706313189747241,0.06191205581130337
RLS forgetting,16,50,1,"{""forgetting_factor"": 0.97, ""initial_covariance"": 100.0}",5000,0.03790169052373846,0.5184905660377359,0.07062777955354843,669.4528301886793,0.659959792927495,0.052649539409368326
RLS forgetting,17,50,1,"{""forgetting_factor"": 0.97, ""initial_covariance"": 100.0}",5000,0.03898598692396053,0.5256603773584906,0.07257775994359496,660.2264150943396,0.6692976296428148,0.05992848272741725
RLS forgetting,18,50,1,"{""forgetting_factor"": 0.97, ""initial_covariance"": 100.0}",5000,0.03859372793612247,0.52,0.07184273074749972,659.9433962264151,0.6676460439658242,0.05932815380828772
RLS forgetting,19,50,1,"{""forgetting_factor"": 0.97, ""initial_covariance"": 100.0}",5000,0.037731450989652845,0.5101886792452831,0.0702572394369739,664.4528301886793,0.6559517948261541,0.052465950282385265
RLS forgetting,0,50,1,"{""forgetting_factor"": 0.99, ""initial_covariance"": 100.0}",5000,0.2159085054417417,0.5532075471698114,0.30874771804642803,132.56603773584905,0.8682502195324552,0.2542511012744296
RLS forgetting,1,50,1,"{""forgetting_factor"": 0.99, ""initial_covariance"": 100.0}",5000,0.20648096312689757,0.5188679245283019,0.2935036911030452,132.52830188679246,0.8551317120564851,0.2463348178871584
RLS forgetting,2,50,1,"{""forgetting_factor"": 0.99, ""initial_covariance"": 100.0}",5000,0.1997752117143465,0.5139622641509433,0.2860789638229937,137.1509433962264,0.8502060386258455,0.22134567373990285
RLS forgetting,3,50,1,"{""forgetting_factor"": 0.99, ""initial_covariance"": 100.0}",5000,0.20979540584258421,0.5283018867924529,0.2981006161207129,133.11320754716982,0.8643168876824493,0.2418450650130208
RLS forgetting,4,50,1,"{""forgetting_factor"": 0.99, ""initial_covariance"": 100.0}",5000,0.203465469201205,0.510188679245283,0.2890958354891276,133.58490566037736,0.8550828290020174,0.22807675522735726
RLS forgetting,5,50,1,"{""forgetting_factor"": 0.99, ""initial_covariance"": 100.0}",5000,0.21497098989193245,0.5430188679245284,0.3061706078125585,130.20754716981133,0.8568362718049127,0.25637960171269497
RLS forgetting,6,50,1,"{""forgetting_factor"": 0.99, ""initial_covariance"": 100.0}",5000,0.21073874270017307,0.5275471698113209,0.29944654373427976,132.22641509433961,0.8621188026581227,0.2341903437688551
RLS forgetting,7,50,1,"{""forgetting_factor"": 0.99, ""initial_covariance"": 100.0}",5000,0.20920782188551443,0.540377358490566,0.29971220085376576,133.9433962264151,0.8597831227008426,0.2396766089857321
RLS forgetting,8,50,1,"{""forgetting_factor"": 0.99, ""initial_covariance"": 100.0}",5000,0.2087736991738863,0.5362264150943398,0.29858413488111335,133.11320754716982,0.8683969013290613,0.24304195164756517
RLS forgetting,9,50,1,"{""forgetting_factor"": 0.99, ""initial_covariance"": 100.0}",5000,0.2093165442669749,0.5199999999999999,0.29665662841907325,131.9245283018868,0.8587680609944227,0.22768960428097212
RLS forgetting,10,50,1,"{""forgetting_factor"": 0.99, ""initial_covariance"": 100.0}",5000,0.20440515542261636,0.5286792452830189,0.29310538659643526,136.03773584905662,0.8528298653138721,0.22121811119276955
RLS forgetting,11,50,1,"{""forgetting_factor"": 0.99, ""initial_covariance"": 100.0}",5000,0.2016194742068194,0.5267924528301887,0.28994039474902544,137.35849056603774,0.8534414634508128,0.24084818468592017
RLS forgetting,12,50,1,"{""forgetting_factor"": 0.99, ""initial_covariance"": 100.0}",5000,0.21634859263095507,0.5366037735849056,0.30623304165317733,128.88679245283018,0.8610501765159606,0.25402362391221855
RLS forgetting,13,50,1,"{""forgetting_factor"": 0.99, ""initial_covariance"": 100.0}",5000,0.2086088992992495,0.54,0.29905140414703857,133.60377358490567,0.8662519891420434,0.23772559324549838
RLS forgetting,14,50,1,"{""forgetting_factor"": 0.99, ""initial_covariance"": 100.0}",5000,0.20094623888134885,0.5166037735849056,0.2875900017148032,135.58490566037736,0.8547770054586449,0.22359353664103815
RLS forgetting,15,50,1,"{""forgetting_factor"": 0.99, ""initial_covariance"": 100.0}",5000,0.20761324811072981,0.5347169811320754,0.29717261385166166,133.20754716981133,0.8631376216328468,0.24628801440538853
RLS forgetting,16,50,1,"{""forgetting_factor"": 0.99, ""initial_covariance"": 100.0}",5000,0.2007576371245442,0.5218867924528302,0.2879209764067315,135.54716981132074,0.8566461463154147,0.23470387862573214
RLS forgetting,17,50,1,"{""forgetting_factor"": 0.99, ""initial_covariance"": 100.0}",5000,0.2104536511727349,0.5384905660377358,0.3002470476452609,131.9245283018868,0.8654036682686602,0.24673130816159874
RLS forgetting,18,50,1,"{""forgetting_factor"": 0.99, ""initial_covariance"": 100.0}",5000,0.2120252971024378,0.5362264150943395,0.30176394856742794,132.28301886792454,0.8679887415450338,0.24648396564594238
RLS forgetting,19,50,1,"{""forgetting_factor"": 0.99, ""initial_covariance"": 100.0}",5000,0.2000648136032283,0.509056603773585,0.2855066195598553,134.66037735849056,0.8604704995846684,0.22625937413433056
Global-rate EMA,0,50,1,"{""rate"": 0.05, ""regression_window"": 200, ""ridge_alpha"": 1.0}",5000,0.8252213069458154,0.5528301886792454,0.6576502461850056,30.339622641509433,0.9508338050314465,0.6944723030954125
Global-rate EMA,1,50,1,"{""rate"": 0.05, ""regression_window"": 200, ""ridge_alpha"": 1.0}",5000,0.8214839085451684,0.5105660377358491,0.6264299063270362,31.41509433962264,0.9491439183576599,0.6703508942693599
Global-rate EMA,2,50,1,"{""rate"": 0.05, ""regression_window"": 200, ""ridge_alpha"": 1.0}",5000,0.8332762832667964,0.4943396226415095,0.6146662887147645,32.509433962264154,0.9482836552153792,0.662351944698073
Global-rate EMA,3,50,1,"{""rate"": 0.05, ""regression_window"": 200, ""ridge_alpha"": 1.0}",5000,0.8361096548029919,0.5316981132075471,0.6460358780384534,30.18867924528302,0.9541898644238757,0.6985330805432245
Global-rate EMA,4,50,1,"{""rate"": 0.05, ""regression_window"": 200, ""ridge_alpha"": 1.0}",5000,0.8290915179510194,0.5139622641509434,0.6303022125073886,31.566037735849058,0.9437619200189866,0.663836570168631
Global-rate EMA,5,50,1,"{""rate"": 0.05, ""regression_window"": 200, ""ridge_alpha"": 1.0}",5000,0.8191605854557449,0.5271698113207548,0.637672062610218,31.0188679245283,0.9426319271389582,0.6747176451418758
Global-rate EMA,6,50,1,"{""rate"": 0.05, ""regression_window"": 200, ""ridge_alpha"": 1.0}",5000,0.838280499112979,0.5241509433962265,0.6419956744026928,30.71698113207547,0.9508721594280289,0.6711914005654596
Global-rate EMA,7,50,1,"{""rate"": 0.05, ""regression_window"": 200, ""ridge_alpha"": 1.0}",5000,0.8419524912764341,0.5286792452830189,0.644134230992675,30.11320754716981,0.9523550818796724,0.6929718518032452
Global-rate EMA,8,50,1,"{""rate"": 0.05, ""regression_window"": 200, ""ridge_alpha"": 1.0}",5000,0.8360613183840622,0.5218867924528302,0.6383777268920007,30.90566037735849,0.9537966936632254,0.6868355670220477
Global-rate EMA,9,50,1,"{""rate"": 0.05, ""regression_window"": 200, ""ridge_alpha"": 1.0}",5000,0.8206948096390712,0.5075471698113208,0.6235498381782543,31.735849056603772,0.9488363029547882,0.6737214894482095
Global-rate EMA,10,50,1,"{""rate"": 0.05, ""regression_window"": 200, ""ridge_alpha"": 1.0}",5000,0.83878297523064,0.5309433962264151,0.6460153632589323,30.150943396226417,0.947591423400973,0.6770446177370253
Global-rate EMA,11,50,1,"{""rate"": 0.05, ""regression_window"": 200, ""ridge_alpha"": 1.0}",5000,0.8563712240097837,0.5116981132075472,0.6364786024663506,30.433962264150942,0.947834155096713,0.6822026250090928
Global-rate EMA,12,50,1,"{""rate"": 0.05, ""regression_window"": 200, ""ridge_alpha"": 1.0}",5000,0.8459661827303956,0.5354716981132075,0.6521770602431556,30.264150943396228,0.9507063367746529,0.6863044447472672
Global-rate EMA,13,50,1,"{""rate"": 0.05, ""regression_window"": 200, ""ridge_alpha"": 1.0}",5000,0.8450713898387539,0.5252830188679246,0.6431828787134019,30.37735849056604,0.9521308873264507,0.6972111569692502
Global-rate EMA,14,50,1,"{""rate"": 0.05, ""regression_window"": 200, ""ridge_alpha"": 1.0}",5000,0.8226302925489194,0.5188679245283018,0.6319777151151412,31.528301886792452,0.9494060341758633,0.67145032390856
Global-rate EMA,15,50,1,"{""rate"": 0.05, ""regression_window"": 200, ""ridge_alpha"": 1.0}",5000,0.8354757766329943,0.5143396226415093,0.6322437257730619,30.245283018867923,0.9524650112732882,0.7012905983367427
Global-rate EMA,16,50,1,"{""rate"": 0.05, ""regression_window"": 200, ""ridge_alpha"": 1.0}",5000,0.8402403409839067,0.529433962264151,0.6452301294915351,30.132075471698112,0.9498106517740595,0.6858049221028102
Global-rate EMA,17,50,1,"{""rate"": 0.05, ""regression_window"": 200, ""ridge_alpha"": 1.0}",5000,0.8336292299802828,0.5267924528301886,0.6425060202189823,30.566037735849058,0.9507221267948262,0.6907251039545644
Global-rate EMA,18,50,1,"{""rate"": 0.05, ""regression_window"": 200, ""ridge_alpha"": 1.0}",5000,0.849498094252325,0.5252830188679245,0.6451645808012246,29.962264150943398,0.9557181247775008,0.6884191437837694
Global-rate EMA,19,50,1,"{""rate"": 0.05, ""regression_window"": 200, ""ridge_alpha"": 1.0}",5000,0.8201857232131093,0.5067924528301887,0.6212832013042987,31.849056603773583,0.9494012593449627,0.6689555554947204
Global-rate EMA,0,50,1,"{""rate"": 0.25, ""regression_window"": 200, ""ridge_alpha"": 1.0}",5000,0.23993547965709588,0.5577358490566038,0.33414097789548636,117.47169811320755,0.8758299884300462,0.28138883194080183
Global-rate EMA,1,50,1,"{""rate"": 0.25, ""regression_window"": 200, ""ridge_alpha"": 1.0}",5000,0.2280020836593901,0.5283018867924528,0.31634810402259966,119.41509433962264,0.860689487658716,0.27355081165566975
Global-rate EMA,2,50,1,"{""rate"": 0.25, ""regression_window"": 200, ""ridge_alpha"": 1.0}",5000,0.225755509009458,0.5162264150943396,0.3124978194161248,120.0377358490566,0.86205281832206,0.25558841856196945
Global-rate EMA,3,50,1,"{""rate"": 0.25, ""regression_window"": 200, ""ridge_alpha"": 1.0}",5000,0.23634710562505234,0.531320754716981,0.3252480184962442,116.9622641509434,0.8691541711166488,0.2799783819396191
Global-rate EMA,4,50,1,"{""rate"": 0.25, ""regression_window"": 200, ""ridge_alpha"": 1.0}",5000,0.2218944762836621,0.5030188679245283,0.30607494867886276,119.81132075471699,0.8616099234603062,0.25165985356049814
Global-rate EMA,5,50,1,"{""rate"": 0.25, ""regression_window"": 200, ""ridge_alpha"": 1.0}",5000,0.22819910580808256,0.5305660377358491,0.31779010052360873,119.66037735849056,0.8607843642458763,0.27525184852284845
Global-rate EMA,6,50,1,"{""rate"": 0.25, ""regression_window"": 200, ""ridge_alpha"": 1.0}",5000,0.23516211009057544,0.5249056603773585,0.3230792914413862,117.58490566037736,0.8664338688145248,0.258320111197918
Global-rate EMA,7,50,1,"{""rate"": 0.25, ""regression_window"": 200, ""ridge_alpha"": 1.0}",5000,0.23401961518803063,0.5441509433962264,0.3254928406527969,117.98113207547169,0.864789910407025,0.27148764998006597
Global-rate EMA,8,50,1,"{""rate"": 0.25, ""regression_window"": 200, ""ridge_alpha"": 1.0}",5000,0.23140496794784682,0.5354716981132077,0.32144581160019986,119.45283018867924,0.8713842811795419,0.26775393421596644
Global-rate EMA,9,50,1,"{""rate"": 0.25, ""regression_window"": 200, ""ridge_alpha"": 1.0}",5000,0.22977915879836916,0.5260377358490567,0.3178753722041322,119.54716981132076,0.8623136510620624,0.26434162804498146
Global-rate EMA,10,50,1,"{""rate"": 0.25, ""regression_window"": 200, ""ridge_alpha"": 1.0}",5000,0.22880292672809893,0.5320754716981132,0.3180301009938673,119.79245283018868,0.8609641702266524,0.2571423287539522
Global-rate EMA,11,50,1,"{""rate"": 0.25, ""regression_window"": 200, ""ridge_alpha"": 1.0}",5000,0.2219776496847812,0.5207547169811321,0.30927495522317555,121.71698113207547,0.8624176871959179,0.26255164965190597
Global-rate EMA,12,50,1,"{""rate"": 0.25, ""regression_window"": 200, ""ridge_alpha"": 1.0}",5000,0.23897215516486991,0.5415094339622643,0.3297569555245543,116.22641509433963,0.8701401358727898,0.28452121012786136
Global-rate EMA,13,50,1,"{""rate"": 0.25, ""regression_window"": 200, ""ridge_alpha"": 1.0}",5000,0.226117713889375,0.529433962264151,0.3151695052792573,121.22641509433963,0.8673539634508128,0.2678513235106412
Global-rate EMA,14,50,1,"{""rate"": 0.25, ""regression_window"": 200, ""ridge_alpha"": 1.0}",5000,0.21929048973322202,0.5173584905660379,0.3059310450226977,123.56603773584905,0.861288352913255,0.25428428020214694
Global-rate EMA,15,50,1,"{""rate"": 0.25, ""regression_window"": 200, ""ridge_alpha"": 1.0}",5000,0.22693957207120294,0.5245283018867926,0.3149643589006297,119.64150943396227,0.8692235107392904,0.27781575637203576
Global-rate EMA,16,50,1,"{""rate"": 0.25, ""regression_window"": 200, ""ridge_alpha"": 1.0}",5000,0.22808694404451385,0.5377358490566039,0.3183170490502393,121.09433962264151,0.8669522813575412,0.2698906719691125
Global-rate EMA,17,50,1,"{""rate"": 0.25, ""regression_window"": 200, ""ridge_alpha"": 1.0}",5000,0.2281749396400439,0.5286792452830189,0.3167269387105559,120.41509433962264,0.8722608401566394,0.27053513865217155
Global-rate EMA,18,50,1,"{""rate"": 0.25, ""regression_window"": 200, ""ridge_alpha"": 1.0}",5000,0.2320990604756723,0.5320754716981131,0.32148410611305045,119.30188679245283,0.873836558087101,0.27323127217822013
Global-rate EMA,19,50,1,"{""rate"": 0.25, ""regression_window"": 200, ""ridge_alpha"": 1.0}",5000,0.22520209918258083,0.5166037735849057,0.31199644575963625,119.88679245283019,0.8665051130295479,0.24967337137327467
Global-rate EMA,0,50,1,"{""rate"": 0.05, ""regression_window"": 250, ""ridge_alpha"": 1.0}",5000,0.863886379138147,0.5558490566037736,0.671352951224424,28.9811320754717,0.9556507416637,0.7209078161425996
Global-rate EMA,1,50,1,"{""rate"": 0.05, ""regression_window"": 250, ""ridge_alpha"": 1.0}",5000,0.8707624717504626,0.4973584905660377,0.6284426474171033,30.49056603773585,0.9546958555832443,0.6992849715537298
Global-rate EMA,2,50,1,"{""rate"": 0.05, ""regression_window"": 250, ""ridge_alpha"": 1.0}",5000,0.8830420115340852,0.4984905660377359,0.6315350989102996,30.962264150943398,0.953653878901151,0.6932502591903559
Global-rate EMA,3,50,1,"{""rate"": 0.05, ""regression_window"": 250, ""ridge_alpha"": 1.0}",5000,0.8751265877995896,0.5422641509433963,0.6657149919868157,28.452830188679247,0.9589335469324789,0.7290296048628471
Global-rate EMA,4,50,1,"{""rate"": 0.05, ""regression_window"": 250, ""ridge_alpha"": 1.0}",5000,0.8660261497403032,0.5233962264150943,0.6480670213751549,30.0,0.9492517458763499,0.6955926822105287
Global-rate EMA,5,50,1,"{""rate"": 0.05, ""regression_window"": 250, ""ridge_alpha"": 1.0}",5000,0.8639595365705486,0.5388679245283019,0.6595219712582936,29.0188679245283,0.9482828690518571,0.7071626306467509
Global-rate EMA,6,50,1,"{""rate"": 0.05, ""regression_window"": 250, ""ridge_alpha"": 1.0}",5000,0.8755848922163353,0.5249056603773584,0.6530642399349889,29.452830188679247,0.9563273748071675,0.7008156231686962
Global-rate EMA,7,50,1,"{""rate"": 0.05, ""regression_window"": 250, ""ridge_alpha"": 1.0}",5000,0.8799392910237729,0.529433962264151,0.654799734642754,28.90566037735849,0.9573632505636644,0.722968295980252
Global-rate EMA,8,50,1,"{""rate"": 0.05, ""regression_window"": 250, ""ridge_alpha"": 1.0}",5000,0.8705414427328405,0.5286792452830189,0.6529657704168199,29.58490566037736,0.9578204832680669,0.7175271019068382
Global-rate EMA,9,50,1,"{""rate"": 0.05, ""regression_window"": 250, ""ridge_alpha"": 1.0}",5000,0.869621273956634,0.5116981132075472,0.6400143394229229,30.11320754716981,0.9543715527471224,0.7036469793875713
Global-rate EMA,10,50,1,"{""rate"": 0.05, ""regression_window"": 250, ""ridge_alpha"": 1.0}",5000,0.8769490818761895,0.529433962264151,0.6553098736344167,29.056603773584907,0.9537305817610063,0.7061861563294217
Global-rate EMA,11,50,1,"{""rate"": 0.05, ""regression_window"": 250, ""ridge_alpha"": 1.0}",5000,0.8898879325861184,0.5158490566037736,0.6486344403161031,29.22641509433962,0.953311966002136,0.7124294653587169
Global-rate EMA,12,50,1,"{""rate"": 0.05, ""regression_window"": 250, ""ridge_alpha"": 1.0}",5000,0.8770390613931649,0.5373584905660378,0.6614728054880468,29.339622641509433,0.9559661311854752,0.7145757312238895
Global-rate EMA,13,50,1,"{""rate"": 0.05, ""regression_window"": 250, ""ridge_alpha"": 1.0}",5000,0.8871479378147102,0.5324528301886793,0.6603606665135655,28.830188679245282,0.956999532751869,0.7276733650686495
Global-rate EMA,14,50,1,"{""rate"": 0.05, ""regression_window"": 250, ""ridge_alpha"": 1.0}",5000,0.8667868160536293,0.5116981132075472,0.6383949955546308,30.41509433962264,0.9554682152604723,0.7022968900914149
Global-rate EMA,15,50,1,"{""rate"": 0.05, ""regression_window"": 250, ""ridge_alpha"": 1.0}",5000,0.8741885836357076,0.519245283018868,0.6469566420333497,28.754716981132077,0.957925459831494,0.7342006212106765
Global-rate EMA,16,50,1,"{""rate"": 0.05, ""regression_window"": 250, ""ridge_alpha"": 1.0}",5000,0.881446168239421,0.5324528301886792,0.6592448424991562,28.69811320754717,0.9554920641984098,0.719356353099736
Global-rate EMA,17,50,1,"{""rate"": 0.05, ""regression_window"": 250, ""ridge_alpha"": 1.0}",5000,0.8785394965038243,0.5369811320754717,0.6634102690856317,28.58490566037736,0.9561242019698588,0.7203278137051746
Global-rate EMA,18,50,1,"{""rate"": 0.05, ""regression_window"": 250, ""ridge_alpha"": 1.0}",5000,0.8749237166370479,0.5286792452830189,0.6545670925578979,29.0188679245283,0.9599051041295835,0.7174795989713011
Global-rate EMA,19,50,1,"{""rate"": 0.05, ""regression_window"": 250, ""ridge_alpha"": 1.0}",5000,0.8662272778433645,0.5120754716981132,0.6381883842563912,30.245283018867923,0.9552619229856414,0.69703415491058
Global-rate EMA,0,50,1,"{""rate"": 0.25, ""regression_window"": 250, ""ridge_alpha"": 1.0}",5000,0.37790810053688906,0.5584905660377358,0.44724336827289846,78.15094339622641,0.9056944375222499,0.3443631351286625
Global-rate EMA,1,50,1,"{""rate"": 0.25, ""regression_window"": 250, ""ridge_alpha"": 1.0}",5000,0.3542917171231324,0.5211320754716982,0.41686134369911154,80.58490566037736,0.8933504197816542,0.3348028247636945
Global-rate EMA,2,50,1,"{""rate"": 0.25, ""regression_window"": 250, ""ridge_alpha"": 1.0}",5000,0.3548426272869418,0.5275471698113209,0.4206274947551023,81.77358490566037,0.8949755799810134,0.31475875938444237
Global-rate EMA,3,50,1,"{""rate"": 0.25, ""regression_window"": 250, ""ridge_alpha"": 1.0}",5000,0.3722789513070014,0.5347169811320756,0.43465474640653623,78.60377358490567,0.903389813990744,0.34117656460183726
Global-rate EMA,4,50,1,"{""rate"": 0.25, ""regression_window"": 250, ""ridge_alpha"": 1.0}",5000,0.3576479091800822,0.5241509433962265,0.42090724559030396,80.86792452830188,0.8945138676278628,0.313244309784182
Global-rate EMA,5,50,1,"{""rate"": 0.25, ""regression_window"": 250, ""ridge_alpha"": 1.0}",5000,0.358972541393076,0.5422641509433963,0.4288786394640361,80.39622641509433,0.89196338999644,0.3398065676163259
Global-rate EMA,6,50,1,"{""rate"": 0.25, ""regression_window"": 250, ""ridge_alpha"": 1.0}",5000,0.37649959230482455,0.5411320754716981,0.4404044312769492,78.66037735849056,0.8990574730034413,0.3189822247195762
Global-rate EMA,7,50,1,"{""rate"": 0.25, ""regression_window"": 250, ""ridge_alpha"": 1.0}",5000,0.3649973028310624,0.5426415094339624,0.4321520036249146,79.05660377358491,0.8972723463272814,0.3309160190018131
Global-rate EMA,8,50,1,"{""rate"": 0.25, ""regression_window"": 250, ""ridge_alpha"": 1.0}",5000,0.36157440147332137,0.5384905660377359,0.42858793763229514,80.83018867924528,0.9044750163166014,0.3284566106153535
Global-rate EMA,9,50,1,"{""rate"": 0.25, ""regression_window"": 250, ""ridge_alpha"": 1.0}",5000,0.36569978997243907,0.5245283018867924,0.4264914554427386,79.73584905660377,0.8943875415331672,0.32525628904110954
Global-rate EMA,10,50,1,"{""rate"": 0.25, ""regression_window"": 250, ""ridge_alpha"": 1.0}",5000,0.365033141214757,0.5339622641509434,0.42895465894353507,79.18867924528301,0.893952380740477,0.32342146578328634
Global-rate EMA,11,50,1,"{""rate"": 0.25, ""regression_window"": 250, ""ridge_alpha"": 1.0}",5000,0.35171337784234064,0.52,0.4145656341690363,81.56603773584905,0.895664969740121,0.3260601151405281
Global-rate EMA,12,50,1,"{""rate"": 0.25, ""regression_window"": 250, ""ridge_alpha"": 1.0}",5000,0.3752168388706414,0.5369811320754718,0.4371755198860157,77.71698113207547,0.9024986516553933,0.3471209066540896
Global-rate EMA,13,50,1,"{""rate"": 0.25, ""regression_window"": 250, ""ridge_alpha"": 1.0}",5000,0.36834030885448155,0.5437735849056604,0.43505131095945704,79.52830188679245,0.9000493621692179,0.33436398323641253
Global-rate EMA,14,50,1,"{""rate"": 0.25, ""regression_window"": 250, ""ridge_alpha"": 1.0}",5000,0.3498865714847465,0.5147169811320755,0.4121739782491822,82.0377358490566,0.8938112940548237,0.3134857788029109
Global-rate EMA,15,50,1,"{""rate"": 0.25, ""regression_window"": 250, ""ridge_alpha"": 1.0}",5000,0.36068081347602393,0.5339622641509435,0.4260432849860812,80.0754716981132,0.9007916414501008,0.33424658755269493
Global-rate EMA,16,50,1,"{""rate"": 0.25, ""regression_window"": 250, ""ridge_alpha"": 1.0}",5000,0.36174844429767755,0.5392452830188679,0.4283590544377373,80.18867924528301,0.8981650216565801,0.33911148477943126
Global-rate EMA,17,50,1,"{""rate"": 0.25, ""regression_window"": 250, ""ridge_alpha"": 1.0}",5000,0.37164633222392174,0.5377358490566038,0.4342775072244319,79.13207547169812,0.9033307686602587,0.32984443463743085
Global-rate EMA,18,50,1,"{""rate"": 0.25, ""regression_window"": 250, ""ridge_alpha"": 1.0}",5000,0.3722929463840061,0.5384905660377358,0.43589675427725805,79.0,0.9054362554883114,0.3317498601824372
Global-rate EMA,19,50,1,"{""rate"": 0.25, ""regression_window"": 250, ""ridge_alpha"": 1.0}",5000,0.3588225261950949,0.5245283018867924,0.42166473591483294,80.18867924528301,0.8986743710691824,0.3093308580283155
KGLS ridge-to-previous,0,50,2,"{""prior_strength"": 0.1, ""regression_window"": 250}",5000,0.07481048959793683,0.5422641509433963,0.1310855654593974,408.58490566037733,0.8143689400417656,0.0628125458831696
KGLS ridge-to-previous,1,50,2,"{""prior_strength"": 0.1, ""regression_window"": 250}",5000,0.07036250104970282,0.5071698113207547,0.12318036677238364,405.4339622641509,0.8050624362780899,0.059323379772946126
KGLS ridge-to-previous,2,50,2,"{""prior_strength"": 0.1, ""regression_window"": 250}",5000,0.0713858872676261,0.52,0.1250686031888406,406.47169811320754,0.8128055822044753,0.05974356796869568
KGLS ridge-to-previous,3,50,2,"{""prior_strength"": 0.1, ""regression_window"": 250}",5000,0.07510180106014708,0.5456603773584906,0.13156946808688394,405.7358490566038,0.8248186367089583,0.06432827802461923
KGLS ridge-to-previous,4,50,2,"{""prior_strength"": 0.1, ""regression_window"": 250}",5000,0.07293710054045234,0.5249056603773585,0.12759397627554808,400.52830188679246,0.823845486341766,0.06391480671108785
KGLS ridge-to-previous,5,50,2,"{""prior_strength"": 0.1, ""regression_window"": 250}",5000,0.07168269816543898,0.5249056603773585,0.12568195347634298,409.1509433962264,0.8190605858195124,0.0623477501433519
KGLS ridge-to-previous,6,50,2,"{""prior_strength"": 0.1, ""regression_window"": 250}",5000,0.07471932035215244,0.5411320754716981,0.13085777067663132,402.811320754717,0.8147331875084871,0.06166448866198976
KGLS ridge-to-previous,7,50,2,"{""prior_strength"": 0.1, ""regression_window"": 250}",5000,0.07037444310244056,0.5116981132075472,0.1233189023736931,408.8867924528302,0.8058436725840725,0.0586505364478041
KGLS ridge-to-previous,8,50,2,"{""prior_strength"": 0.1, ""regression_window"": 250}",5000,0.07403234752161202,0.539622641509434,0.129788258670457,405.0,0.8285416529344192,0.06571518799275775
KGLS ridge-to-previous,9,50,2,"{""prior_strength"": 0.1, ""regression_window"": 250}",5000,0.0734469432623409,0.5286792452830189,0.1284786350018844,403.20754716981133,0.8185923001545107,0.06117112690887049
KGLS ridge-to-previous,10,50,2,"{""prior_strength"": 0.1, ""regression_window"": 250}",5000,0.07373726837518366,0.5467924528301887,0.1294737770169299,411.60377358490564,0.8246581055737633,0.06260267913638455
KGLS ridge-to-previous,11,50,2,"{""prior_strength"": 0.1, ""regression_window"": 250}",5000,0.07234006607234705,0.5203773584905661,0.126627201324399,404.64150943396226,0.8120140593746903,0.06049611216782159
KGLS ridge-to-previous,12,50,2,"{""prior_strength"": 0.1, ""regression_window"": 250}",5000,0.07287296836110857,0.529433962264151,0.12762673255513884,405.3018867924528,0.8121495216039755,0.06321300586530015
KGLS ridge-to-previous,13,50,2,"{""prior_strength"": 0.1, ""regression_window"": 250}",5000,0.07335799181630263,0.5350943396226415,0.1286342077637847,404.5660377358491,0.824005164548414,0.06393879375720371
KGLS ridge-to-previous,14,50,2,"{""prior_strength"": 0.1, ""regression_window"": 250}",5000,0.06923439966346671,0.5022641509433963,0.12135370020241852,411.49056603773585,0.805466768450452,0.05657309893540009
KGLS ridge-to-previous,15,50,2,"{""prior_strength"": 0.1, ""regression_window"": 250}",5000,0.06994431553882184,0.5143396226415093,0.12277532414753525,413.49056603773585,0.8165162162856503,0.05895936496168373
KGLS ridge-to-previous,16,50,2,"{""prior_strength"": 0.1, ""regression_window"": 250}",5000,0.07171154728196463,0.5275471698113208,0.12576794536409225,408.8679245283019,0.8194618285114489,0.06211197772104693
KGLS ridge-to-previous,17,50,2,"{""prior_strength"": 0.1, ""regression_window"": 250}",5000,0.07345732244701138,0.5328301886792453,0.1287472112275733,405.0,0.8207647869697181,0.06309471417218106
KGLS ridge-to-previous,18,50,2,"{""prior_strength"": 0.1, ""regression_window"": 250}",5000,0.07462909264030713,0.539245283018868,0.13068384724885077,403.52830188679246,0.8220810245418813,0.0645351105450356
KGLS ridge-to-previous,19,50,2,"{""prior_strength"": 0.1, ""regression_window"": 250}",5000,0.07218905649127419,0.5241509433962264,0.12647107171227412,406.58490566037733,0.8152747083197234,0.06093933995725979
KGLS ridge-to-previous,0,50,2,"{""prior_strength"": 1.0, ""regression_window"": 250}",5000,0.07494125691300262,0.5373584905660378,0.13125402132086136,391.8301886792453,0.8161928528698257,0.0742903827167092
KGLS ridge-to-previous,1,50,2,"{""prior_strength"": 1.0, ""regression_window"": 250}",5000,0.07077696067053353,0.509811320754717,0.12385512208022513,392.60377358490564,0.8078290237931832,0.0688040047351385
KGLS ridge-to-previous,2,50,2,"{""prior_strength"": 1.0, ""regression_window"": 250}",5000,0.07178171502263704,0.5173584905660377,0.12569707560918697,390.79245283018867,0.814339200581342,0.06987795687354512
KGLS ridge-to-previous,3,50,2,"{""prior_strength"": 1.0, ""regression_window"": 250}",5000,0.075303228294849,0.5441509433962265,0.1318607246569264,390.9056603773585,0.8267510835936037,0.07502386400570014
KGLS ridge-to-previous,4,50,2,"{""prior_strength"": 1.0, ""regression_window"": 250}",5000,0.0732148233080249,0.5222641509433962,0.12800930899817783,387.8867924528302,0.8265767800846322,0.07267801624150952
KGLS ridge-to-previous,5,50,2,"{""prior_strength"": 1.0, ""regression_window"": 250}",5000,0.07205551362158838,0.5245283018867924,0.12627752057561817,394.77358490566036,0.8216999959629028,0.07231383103186385
KGLS ridge-to-previous,6,50,2,"{""prior_strength"": 1.0, ""regression_window"": 250}",5000,0.07510969588839579,0.540377358490566,0.1314826134661701,388.20754716981133,0.817546794728285,0.07144326574306428
KGLS ridge-to-previous,7,50,2,"{""prior_strength"": 1.0, ""regression_window"": 250}",5000,0.07057878012079992,0.5101886792452831,0.12361792098177299,394.8490566037736,0.8090296433041072,0.0682074974801409
KGLS ridge-to-previous,8,50,2,"{""prior_strength"": 1.0, ""regression_window"": 250}",5000,0.07439180591736864,0.539622641509434,0.13035582170377863,392.35849056603774,0.8319204354192893,0.07591311152307695
KGLS ridge-to-previous,9,50,2,"{""prior_strength"": 1.0, ""regression_window"": 250}",5000,0.07393904028039705,0.5267924528301888,0.1292572832765012,388.50943396226415,0.8198438971934834,0.07112530242520473
KGLS ridge-to-previous,10,50,2,"{""prior_strength"": 1.0, ""regression_window"": 250}",5000,0.07385094455617743,0.5418867924528302,0.1296278491235009,396.47169811320754,0.8251611660604904,0.07315072832393213
KGLS ridge-to-previous,11,50,2,"{""prior_strength"": 1.0, ""regression_window"": 250}",5000,0.07252364544597814,0.5181132075471699,0.126895651646003,393.33962264150944,0.814235083109152,0.06781481006667364
KGLS ridge-to-previous,12,50,2,"{""prior_strength"": 1.0, ""regression_window"": 250}",5000,0.07311676002155137,0.5279245283018869,0.1279960829347242,389.66037735849056,0.8151374771078236,0.07474546481989432
KGLS ridge-to-previous,13,50,2,"{""prior_strength"": 1.0, ""regression_window"": 250}",5000,0.07366556733183881,0.5320754716981133,0.12909862249799867,392.2830188679245,0.8254532023356442,0.07290919119266569
KGLS ridge-to-previous,14,50,2,"{""prior_strength"": 1.0, ""regression_window"": 250}",5000,0.06940999492546195,0.5018867924528302,0.12161717716620137,396.5660377358491,0.807882902159113,0.06591923834720247
KGLS ridge-to-previous,15,50,2,"{""prior_strength"": 1.0, ""regression_window"": 250}",5000,0.07019828470251824,0.5113207547169811,0.12315222457949801,396.9811320754717,0.8187173275884216,0.06961587592420648
KGLS ridge-to-previous,16,50,2,"{""prior_strength"": 1.0, ""regression_window"": 250}",5000,0.0720015677890736,0.5252830188679245,0.12622753982061855,393.7358490566038,0.8215205910310379,0.07372590143830855
KGLS ridge-to-previous,17,50,2,"{""prior_strength"": 1.0, ""regression_window"": 250}",5000,0.07379300607126048,0.5316981132075471,0.12926890240135627,391.0,0.8228113912204145,0.0730503606470563
KGLS ridge-to-previous,18,50,2,"{""prior_strength"": 1.0, ""regression_window"": 250}",5000,0.07493770936735113,0.5377358490566039,0.1311635031861296,388.9622641509434,0.8240682526342059,0.0761114664277242
KGLS ridge-to-previous,19,50,2,"{""prior_strength"": 1.0, ""regression_window"": 250}",5000,0.07252105778282651,0.5230188679245282,0.12699823899811344,392.6792452830189,0.8179230954993706,0.06977279189620252
KGLS ridge-to-previous,0,50,2,"{""prior_strength"": 0.1, ""regression_window"": 500}",5000,0.6391827913373532,0.5554716981132076,0.581039948847564,114.73584905660377,0.9378043475867334,0.15248785847596244
KGLS ridge-to-previous,1,50,2,"{""prior_strength"": 0.1, ""regression_window"": 500}",5000,0.6348902684689726,0.5230188679245283,0.5553962274617752,113.0377358490566,0.9329635310654634,0.15029228802062605
KGLS ridge-to-previous,2,50,2,"{""prior_strength"": 0.1, ""regression_window"": 500}",5000,0.6293335118131882,0.5320754716981132,0.5550341604211694,113.9245283018868,0.9364121340463092,0.14927637244566266
KGLS ridge-to-previous,3,50,2,"{""prior_strength"": 0.1, ""regression_window"": 500}",5000,0.6385369475120133,0.5773584905660378,0.5889720294590269,113.66037735849056,0.9406133011344243,0.16136972639955072
KGLS ridge-to-previous,4,50,2,"{""prior_strength"": 0.1, ""regression_window"": 500}",5000,0.6410311962058701,0.549811320754717,0.5732574340994286,109.79245283018868,0.9389379498152111,0.16070669221175593
KGLS ridge-to-previous,5,50,2,"{""prior_strength"": 0.1, ""regression_window"": 500}",5000,0.6252046566937122,0.5603773584905661,0.5724390626548227,113.50943396226415,0.9363984196599296,0.15592190908459497
KGLS ridge-to-previous,6,50,2,"{""prior_strength"": 0.1, ""regression_window"": 500}",5000,0.6240647939437297,0.5369811320754717,0.5594092769377464,113.32075471698113,0.9363883548094674,0.1517919447821021
KGLS ridge-to-previous,7,50,2,"{""prior_strength"": 0.1, ""regression_window"": 500}",5000,0.6331447407657043,0.5369811320754717,0.5633412504259684,114.28301886792453,0.9322985616923511,0.14807524521778645
KGLS ridge-to-previous,8,50,2,"{""prior_strength"": 0.1, ""regression_window"": 500}",5000,0.6455761388166287,0.5645283018867926,0.5841445993512038,109.69811320754717,0.9365544762233322,0.16343054158287135
KGLS ridge-to-previous,9,50,2,"{""prior_strength"": 0.1, ""regression_window"": 500}",5000,0.6451344439037583,0.5562264150943397,0.5757436067286461,113.0377358490566,0.9390655580552936,0.1553459221627529
KGLS ridge-to-previous,10,50,2,"{""prior_strength"": 0.1, ""regression_window"": 500}",5000,0.6277534883246191,0.5664150943396227,0.5753773793228061,114.84905660377359,0.9397540365467404,0.15640824697079486
KGLS ridge-to-previous,11,50,2,"{""prior_strength"": 0.1, ""regression_window"": 500}",5000,0.6349290220598822,0.5339622641509435,0.5649566932723743,113.0754716981132,0.9307804868739288,0.15003271258418607
KGLS ridge-to-previous,12,50,2,"{""prior_strength"": 0.1, ""regression_window"": 500}",5000,0.624132679967469,0.5335849056603774,0.5558721642329084,114.58490566037736,0.9347127084151458,0.15203650595436521
KGLS ridge-to-previous,13,50,2,"{""prior_strength"": 0.1, ""regression_window"": 500}",5000,0.6458735431389736,0.5622641509433963,0.5841316718466727,109.37735849056604,0.9386695547815747,0.1616647578794274
KGLS ridge-to-previous,14,50,2,"{""prior_strength"": 0.1, ""regression_window"": 500}",5000,0.6342137019610747,0.5245283018867926,0.5616325643925498,114.18867924528301,0.9308737467565593,0.14583765624195694
KGLS ridge-to-previous,15,50,2,"{""prior_strength"": 0.1, ""regression_window"": 500}",5000,0.6644430425928638,0.5562264150943396,0.5870195255601174,112.01886792452831,0.9352011670881152,0.15494918743872083
KGLS ridge-to-previous,16,50,2,"{""prior_strength"": 0.1, ""regression_window"": 500}",5000,0.6377533009884688,0.5452830188679245,0.5684134007788413,113.28301886792453,0.9374606812418111,0.15349148386060582
KGLS ridge-to-previous,17,50,2,"{""prior_strength"": 0.1, ""regression_window"": 500}",5000,0.6420699165231982,0.549433962264151,0.5754961831511243,111.54716981132076,0.9383038018445864,0.15742619846863204
KGLS ridge-to-previous,18,50,2,"{""prior_strength"": 0.1, ""regression_window"": 500}",5000,0.6417811743032499,0.5554716981132076,0.5783828624642787,112.28301886792453,0.9391982655162163,0.15770520815202868
KGLS ridge-to-previous,19,50,2,"{""prior_strength"": 0.1, ""regression_window"": 500}",5000,0.637009800366476,0.5335849056603773,0.5641192461854792,113.33962264150944,0.932827673934665,0.15237282228055243
KGLS ridge-to-previous,0,50,2,"{""prior_strength"": 1.0, ""regression_window"": 500}",5000,0.6391631358631585,0.5513207547169812,0.5809994209833577,99.0754716981132,0.9399306676257831,0.17948860373854977
KGLS ridge-to-previous,1,50,2,"{""prior_strength"": 1.0, ""regression_window"": 500}",5000,0.6349922228074145,0.5264150943396226,0.5560290598113848,101.77358490566037,0.9349524870354127,0.1707285644834916
KGLS ridge-to-previous,2,50,2,"{""prior_strength"": 1.0, ""regression_window"": 500}",5000,0.62986439921838,0.5286792452830189,0.5553627244180702,99.47169811320755,0.9381793645608922,0.1739905340166071
KGLS ridge-to-previous,3,50,2,"{""prior_strength"": 1.0, ""regression_window"": 500}",5000,0.6391774852644078,0.5769811320754717,0.5893194709277163,100.09433962264151,0.9423608269443211,0.1866030152587228
KGLS ridge-to-previous,4,50,2,"{""prior_strength"": 1.0, ""regression_window"": 500}",5000,0.6409437018857487,0.5475471698113207,0.5732240357543206,98.67924528301887,0.9419458067404843,0.1833548354112761
KGLS ridge-to-previous,5,50,2,"{""prior_strength"": 1.0, ""regression_window"": 500}",5000,0.6256894819336634,0.5599999999999999,0.5729302650957944,100.47169811320755,0.9390106329801485,0.17976016057847824
KGLS ridge-to-previous,6,50,2,"{""prior_strength"": 1.0, ""regression_window"": 500}",5000,0.6247369388039954,0.5358490566037736,0.5597397604170419,100.05660377358491,0.939124074678959,0.17441774887882744
KGLS ridge-to-previous,7,50,2,"{""prior_strength"": 1.0, ""regression_window"": 500}",5000,0.6336935439377898,0.5369811320754717,0.5639456727981456,101.47169811320755,0.9354130713868897,0.1708138474435276
KGLS ridge-to-previous,8,50,2,"{""prior_strength"": 1.0, ""regression_window"": 500}",5000,0.6453630161267848,0.5645283018867926,0.5841104206911527,98.50943396226415,0.9397482994645341,0.18748011660655295
KGLS ridge-to-previous,9,50,2,"{""prior_strength"": 1.0, ""regression_window"": 500}",5000,0.6453971115600173,0.5535849056603774,0.5758905344270695,100.05660377358491,0.9404169176395459,0.18000692955839342
KGLS ridge-to-previous,10,50,2,"{""prior_strength"": 1.0, ""regression_window"": 500}",5000,0.6277548229318748,0.5618867924528302,0.5753829396827218,100.50943396226415,0.940691471815556,0.18227103321650562
KGLS ridge-to-previous,11,50,2,"{""prior_strength"": 1.0, ""regression_window"": 500}",5000,0.6351247961404001,0.5316981132075472,0.5648048782647578,102.86792452830188,0.9331209529017555,0.16713041979805499
KGLS ridge-to-previous,12,50,2,"{""prior_strength"": 1.0, ""regression_window"": 500}",5000,0.6240315795775739,0.5332075471698113,0.5561610537628098,100.18867924528301,0.9375675549503988,0.17908823550704303
KGLS ridge-to-previous,13,50,2,"{""prior_strength"": 1.0, ""regression_window"": 500}",5000,0.6454136616953345,0.5588679245283019,0.5837175254832618,98.66037735849056,0.9401952252149754,0.18312933810380966
KGLS ridge-to-previous,14,50,2,"{""prior_strength"": 1.0, ""regression_window"": 500}",5000,0.6344067200829743,0.5245283018867924,0.5615541932487673,100.37735849056604,0.9331217493109409,0.16987645286640182
KGLS ridge-to-previous,15,50,2,"{""prior_strength"": 1.0, ""regression_window"": 500}",5000,0.6643501847655007,0.5535849056603773,0.5870249236771737,96.9245283018868,0.9376217526140205,0.18331312602117167
KGLS ridge-to-previous,16,50,2,"{""prior_strength"": 1.0, ""regression_window"": 500}",5000,0.637436250754377,0.5426415094339623,0.5683345198241141,99.16981132075472,0.9396089821743806,0.17974930593408692
KGLS ridge-to-previous,17,50,2,"{""prior_strength"": 1.0, ""regression_window"": 500}",5000,0.6423719627201171,0.5483018867924528,0.5756600774452293,98.9245283018868,0.9404639160577378,0.18119245429893294
KGLS ridge-to-previous,18,50,2,"{""prior_strength"": 1.0, ""regression_window"": 500}",5000,0.6418180964575669,0.5539622641509434,0.5784432576797817,98.9622641509434,0.941228131961699,0.18397716922777343
KGLS ridge-to-previous,19,50,2,"{""prior_strength"": 1.0, ""regression_window"": 500}",5000,0.6367402080876269,0.5320754716981132,0.5640388103374225,100.69811320754717,0.9357155160327812,0.17438559856812494
RLS forgetting,0,50,2,"{""forgetting_factor"": 0.97, ""initial_covariance"": 100.0}",5000,0.01707244377615882,0.5264150943396226,0.03306505514866233,1523.9245283018868,0.6372982086298459,0.02180423698773289
RLS forgetting,1,50,2,"{""forgetting_factor"": 0.97, ""initial_covariance"": 100.0}",5000,0.01687559725684282,0.5188679245283019,0.032681451450738225,1518.9433962264152,0.6357783083094471,0.02094367684652165
RLS forgetting,2,50,2,"{""forgetting_factor"": 0.97, ""initial_covariance"": 100.0}",5000,0.01745986826788929,0.5396226415094341,0.03381629145707248,1523.811320754717,0.644218963346827,0.021298373901279154
RLS forgetting,3,50,2,"{""forgetting_factor"": 0.97, ""initial_covariance"": 100.0}",5000,0.01745958089382102,0.540377358490566,0.03381794134799422,1527.377358490566,0.6461337637123679,0.02115374931510805
RLS forgetting,4,50,2,"{""forgetting_factor"": 0.97, ""initial_covariance"": 100.0}",5000,0.017382478981596006,0.5339622641509434,0.033660534825103776,1512.4150943396226,0.6435768909213023,0.020983691510651707
RLS forgetting,5,50,2,"{""forgetting_factor"": 0.97, ""initial_covariance"": 100.0}",5000,0.0172546133255057,0.5320754716981131,0.03341750936796487,1521.1509433962265,0.6435097444517438,0.02160457499227333
RLS forgetting,6,50,2,"{""forgetting_factor"": 0.97, ""initial_covariance"": 100.0}",5000,0.017504920173881236,0.539245283018868,0.03390129256427724,1518.8867924528302,0.6418180333464233,0.02160709311542723
RLS forgetting,7,50,2,"{""forgetting_factor"": 0.97, ""initial_covariance"": 100.0}",5000,0.01689158447422297,0.5215094339622642,0.0327157196034836,1526.0754716981132,0.6362198537102759,0.020252778118545336
RLS forgetting,8,50,2,"{""forgetting_factor"": 0.97, ""initial_covariance"": 100.0}",5000,0.01727240590637728,0.5313207547169811,0.03344907259520551,1517.2830188679245,0.6459225354438789,0.021609048646624385
RLS forgetting,9,50,2,"{""forgetting_factor"": 0.97, ""initial_covariance"": 100.0}",5000,0.01721622239253301,0.5309433962264152,0.03334324017563904,1524.3207547169811,0.6477114972859697,0.021096246751449006
RLS forgetting,10,50,2,"{""forgetting_factor"": 0.97, ""initial_covariance"": 100.0}",5000,0.01789011598808239,0.5550943396226415,0.03465468156946525,1530.754716981132,0.6497998920994007,0.022751999091076714
RLS forgetting,11,50,2,"{""forgetting_factor"": 0.97, ""initial_covariance"": 100.0}",5000,0.0167082547082559,0.519245283018868,0.03236735365951794,1535.301886792453,0.6329440311517105,0.02076980922600499
RLS forgetting,12,50,2,"{""forgetting_factor"": 0.97, ""initial_covariance"": 100.0}",5000,0.01737558499929759,0.5339622641509435,0.03364777972081931,1513.245283018868,0.6400885900621346,0.02124973190285776
RLS forgetting,13,50,2,"{""forgetting_factor"": 0.97, ""initial_covariance"": 100.0}",5000,0.017377894629870442,0.5335849056603774,0.033652806463594594,1516.0566037735848,0.6459529634128887,0.021531037899321526
RLS forgetting,14,50,2,"{""forgetting_factor"": 0.97, ""initial_covariance"": 100.0}",5000,0.01675567305093211,0.5135849056603773,0.032445962851122896,1518.3584905660377,0.6344003530625053,0.02008902954406141
RLS forgetting,15,50,2,"{""forgetting_factor"": 0.97, ""initial_covariance"": 100.0}",5000,0.017146395715988874,0.529811320754717,0.03321177776495264,1529.9245283018868,0.6391901678331431,0.020676209029670743
RLS forgetting,16,50,2,"{""forgetting_factor"": 0.97, ""initial_covariance"": 100.0}",5000,0.017278721827911805,0.5343396226415095,0.03346565747940968,1522.0566037735848,0.6450915099844755,0.021551274105816823
RLS forgetting,17,50,2,"{""forgetting_factor"": 0.97, ""initial_covariance"": 100.0}",5000,0.017545860427084416,0.5388679245283019,0.03397828750094423,1517.6603773584907,0.6455255918935087,0.022168002992679948
RLS forgetting,18,50,2,"{""forgetting_factor"": 0.97, ""initial_covariance"": 100.0}",5000,0.01755296262990423,0.5415094339622641,0.03399669294911484,1521.8490566037735,0.6482092728453829,0.021721627589060682
RLS forgetting,19,50,2,"{""forgetting_factor"": 0.97, ""initial_covariance"": 100.0}",5000,0.016989073177703713,0.5222641509433962,0.03290087295957452,1520.9245283018868,0.6352018064175166,0.020697362361171694
RLS forgetting,0,50,2,"{""forgetting_factor"": 0.99, ""initial_covariance"": 100.0}",5000,0.09728643821623131,0.5298113207547169,0.16365761813874352,319.52830188679246,0.8398221343032154,0.07739620999239663
RLS forgetting,1,50,2,"{""forgetting_factor"": 0.99, ""initial_covariance"": 100.0}",5000,0.08949319078495084,0.4973584905660378,0.15089731814468982,325.92452830188677,0.8301042598716203,0.07160869924268136
RLS forgetting,2,50,2,"{""forgetting_factor"": 0.99, ""initial_covariance"": 100.0}",5000,0.09237611431743185,0.5150943396226415,0.15584880818001942,323.3207547169811,0.8336754995907851,0.07401268518801596
RLS forgetting,3,50,2,"{""forgetting_factor"": 0.99, ""initial_covariance"": 100.0}",5000,0.09930212771950513,0.5501886792452829,0.16732325046903695,321.35849056603774,0.8474170093917562,0.0803681208203106
RLS forgetting,4,50,2,"{""forgetting_factor"": 0.99, ""initial_covariance"": 100.0}",5000,0.0952806076429111,0.5290566037735849,0.1606154051265755,319.60377358490564,0.8474603054247577,0.07760796187491292
RLS forgetting,5,50,2,"{""forgetting_factor"": 0.99, ""initial_covariance"": 100.0}",5000,0.09381377587121945,0.5309433962264152,0.15856157251537162,326.37735849056605,0.8446737328102234,0.07896243599187687
RLS forgetting,6,50,2,"{""forgetting_factor"": 0.99, ""initial_covariance"": 100.0}",5000,0.09420569965052816,0.520377358490566,0.15871648018032117,320.8679245283019,0.8376048481867928,0.07613670069707884
RLS forgetting,7,50,2,"{""forgetting_factor"": 0.99, ""initial_covariance"": 100.0}",5000,0.0920552683374877,0.5064150943396226,0.1550254107759558,323.54716981132077,0.8319307681862056,0.07138642316744681
RLS forgetting,8,50,2,"{""forgetting_factor"": 0.99, ""initial_covariance"": 100.0}",5000,0.09768967892913007,0.5467924528301887,0.16492664293313342,320.8301886792453,0.8495262121384504,0.08228836152752862
RLS forgetting,9,50,2,"{""forgetting_factor"": 0.99, ""initial_covariance"": 100.0}",5000,0.09802948542874541,0.5354716981132076,0.16485720028329712,319.0,0.837412233872714,0.07610616667742139
RLS forgetting,10,50,2,"{""forgetting_factor"": 0.99, ""initial_covariance"": 100.0}",5000,0.09399924505913883,0.5324528301886793,0.15899113079632765,327.41509433962267,0.8461811533619845,0.0781697528290012
RLS forgetting,11,50,2,"{""forgetting_factor"": 0.99, ""initial_covariance"": 100.0}",5000,0.09400029533772843,0.5184905660377359,0.15844982425943582,324.66037735849056,0.832797815563377,0.07237732938961192
RLS forgetting,12,50,2,"{""forgetting_factor"": 0.99, ""initial_covariance"": 100.0}",5000,0.09581710886834405,0.5283018867924529,0.1612043842104443,318.9622641509434,0.834972254131602,0.07957006854530849
RLS forgetting,13,50,2,"{""forgetting_factor"": 0.99, ""initial_covariance"": 100.0}",5000,0.09563280873511663,0.5328301886792454,0.1614068842168014,322.7169811320755,0.8461987492338691,0.0801737625007228
RLS forgetting,14,50,2,"{""forgetting_factor"": 0.99, ""initial_covariance"": 100.0}",5000,0.09060223490491986,0.5003773584905661,0.15264106342952427,325.22641509433964,0.8302224080918109,0.07109198610164033
RLS forgetting,15,50,2,"{""forgetting_factor"": 0.99, ""initial_covariance"": 100.0}",5000,0.0953111988227863,0.530566037735849,0.16090090532608978,322.64150943396226,0.8406271329636331,0.07720746854704501
RLS forgetting,16,50,2,"{""forgetting_factor"": 0.99, ""initial_covariance"": 100.0}",5000,0.09306689767974174,0.5260377358490567,0.15726007232256434,325.66037735849056,0.841839535660414,0.07769052386795712
RLS forgetting,17,50,2,"{""forgetting_factor"": 0.99, ""initial_covariance"": 100.0}",5000,0.09789413550496366,0.5384905660377359,0.16485799907071935,318.811320754717,0.8433104021315874,0.08016312973162051
RLS forgetting,18,50,2,"{""forgetting_factor"": 0.99, ""initial_covariance"": 100.0}",5000,0.09709186552799302,0.5373584905660378,0.16369922427377884,319.50943396226415,0.8445130629456864,0.08174668359054162
RLS forgetting,19,50,2,"{""forgetting_factor"": 0.99, ""initial_covariance"": 100.0}",5000,0.09198581413897146,0.5150943396226415,0.15541102317723937,327.3018867924528,0.8364020611216524,0.07290652854831406
Global-rate EMA,0,50,2,"{""rate"": 0.05, ""regression_window"": 250, ""ridge_alpha"": 1.0}",5000,0.6579877878669488,0.5109433962264152,0.5709551333665928,38.79245283018868,0.9372637934767849,0.5687943267102313
Global-rate EMA,1,50,2,"{""rate"": 0.05, ""regression_window"": 250, ""ridge_alpha"": 1.0}",5000,0.635388233028212,0.48415094339622644,0.5447757950932633,41.528301886792455,0.9341515739174157,0.5402451863726493
Global-rate EMA,2,50,2,"{""rate"": 0.05, ""regression_window"": 250, ""ridge_alpha"": 1.0}",5000,0.6332198240404291,0.4890566037735849,0.5479727923932953,40.301886792452834,0.9404634947315881,0.5536958216205997
Global-rate EMA,3,50,2,"{""rate"": 0.05, ""regression_window"": 250, ""ridge_alpha"": 1.0}",5000,0.6517512118664308,0.5437735849056604,0.5891144169219051,37.924528301886795,0.9437626017990773,0.5952905749987016
Global-rate EMA,4,50,2,"{""rate"": 0.05, ""regression_window"": 250, ""ridge_alpha"": 1.0}",5000,0.6652896362334271,0.5,0.5661507658646432,38.509433962264154,0.9399878035621878,0.5828906918622069
Global-rate EMA,5,50,2,"{""rate"": 0.05, ""regression_window"": 250, ""ridge_alpha"": 1.0}",5000,0.6287284679521491,0.5060377358490566,0.5554328338191029,40.79245283018868,0.9341098956593864,0.5566152424820191
Global-rate EMA,6,50,2,"{""rate"": 0.05, ""regression_window"": 250, ""ridge_alpha"": 1.0}",5000,0.6436823748741769,0.5056603773584906,0.5634191202755848,39.75471698113208,0.9359008180627071,0.5509930792928797
Global-rate EMA,7,50,2,"{""rate"": 0.05, ""regression_window"": 250, ""ridge_alpha"": 1.0}",5000,0.6429601442390768,0.48603773584905663,0.5496190805515143,40.094339622641506,0.9360449527109108,0.5563230229080484
Global-rate EMA,8,50,2,"{""rate"": 0.05, ""regression_window"": 250, ""ridge_alpha"": 1.0}",5000,0.6586985819017452,0.519245283018868,0.5779550492993328,38.0377358490566,0.940223076047902,0.5881358442497743
Global-rate EMA,9,50,2,"{""rate"": 0.05, ""regression_window"": 250, ""ridge_alpha"": 1.0}",5000,0.6542806908659549,0.5105660377358491,0.5663483711100771,38.905660377358494,0.9433724192855806,0.5806725317977196
Global-rate EMA,10,50,2,"{""rate"": 0.05, ""regression_window"": 250, ""ridge_alpha"": 1.0}",5000,0.6458803187436567,0.5166037735849057,0.5695579831366007,39.24528301886792,0.9430907598184041,0.5829193043797892
Global-rate EMA,11,50,2,"{""rate"": 0.05, ""regression_window"": 250, ""ridge_alpha"": 1.0}",5000,0.6473037320875107,0.49773584905660373,0.5601107004618412,40.22641509433962,0.9362922263857336,0.5487608239305898
Global-rate EMA,12,50,2,"{""rate"": 0.05, ""regression_window"": 250, ""ridge_alpha"": 1.0}",5000,0.6380072719792985,0.4988679245283019,0.5558319374351077,40.0188679245283,0.9332855526969644,0.5665923790254894
Global-rate EMA,13,50,2,"{""rate"": 0.05, ""regression_window"": 250, ""ridge_alpha"": 1.0}",5000,0.6557877405992399,0.5249056603773585,0.5784290120788176,38.64150943396226,0.9409624579316116,0.5877299149277888
Global-rate EMA,14,50,2,"{""rate"": 0.05, ""regression_window"": 250, ""ridge_alpha"": 1.0}",5000,0.6407484528701252,0.4818867924528301,0.5472394473719328,40.339622641509436,0.9314486917969854,0.5363554401485752
Global-rate EMA,15,50,2,"{""rate"": 0.05, ""regression_window"": 250, ""ridge_alpha"": 1.0}",5000,0.644499933035261,0.4950943396226415,0.5573727195271654,39.54716981132076,0.9409640331335581,0.5632304263483117
Global-rate EMA,16,50,2,"{""rate"": 0.05, ""regression_window"": 250, ""ridge_alpha"": 1.0}",5000,0.6537327785027609,0.5026415094339622,0.5637912491909429,39.094339622641506,0.9424622380933156,0.5750067827138918
Global-rate EMA,17,50,2,"{""rate"": 0.05, ""regression_window"": 250, ""ridge_alpha"": 1.0}",5000,0.6465176563334643,0.4969811320754717,0.5572236559570763,40.22641509433962,0.9408981102714764,0.5703446574827633
Global-rate EMA,18,50,2,"{""rate"": 0.05, ""regression_window"": 250, ""ridge_alpha"": 1.0}",5000,0.6410812610349166,0.49886792452830186,0.55785545894294,40.20754716981132,0.9417363313062211,0.5668468221844921
Global-rate EMA,19,50,2,"{""rate"": 0.05, ""regression_window"": 250, ""ridge_alpha"": 1.0}",5000,0.6352672914633444,0.5007547169811319,0.5577143465332457,40.0,0.9401305531190246,0.5554970633190618
Global-rate EMA,0,50,2,"{""rate"": 0.25, ""regression_window"": 250, ""ridge_alpha"": 1.0}",5000,0.12056663804233003,0.5237735849056605,0.19547259785588547,233.67924528301887,0.8545056934081542,0.1580319196296115
Global-rate EMA,1,50,2,"{""rate"": 0.25, ""regression_window"": 250, ""ridge_alpha"": 1.0}",5000,0.11493233921377113,0.5083018867924528,0.18661291313351452,237.88679245283018,0.8477281191163896,0.14894252189385357
Global-rate EMA,2,50,2,"{""rate"": 0.25, ""regression_window"": 250, ""ridge_alpha"": 1.0}",5000,0.11419471151820554,0.5075471698113208,0.185755967624604,236.8679245283019,0.853974216894885,0.14955090877317137
Global-rate EMA,3,50,2,"{""rate"": 0.25, ""regression_window"": 250, ""ridge_alpha"": 1.0}",5000,0.1236798349568727,0.5437735849056604,0.20062165943420252,233.54716981132074,0.866741227938181,0.16468514906200307
Global-rate EMA,4,50,2,"{""rate"": 0.25, ""regression_window"": 250, ""ridge_alpha"": 1.0}",5000,0.12141337955932383,0.5256603773584907,0.19643842515686782,233.32075471698113,0.8641754926176172,0.1575770671713707
Global-rate EMA,5,50,2,"{""rate"": 0.25, ""regression_window"": 250, ""ridge_alpha"": 1.0}",5000,0.11584432873411944,0.519622641509434,0.18856576145390375,239.11320754716982,0.8566298363507577,0.15716785297242628
Global-rate EMA,6,50,2,"{""rate"": 0.25, ""regression_window"": 250, ""ridge_alpha"": 1.0}",5000,0.12037940263405317,0.5207547169811321,0.19484816700912985,232.39622641509433,0.8543019029408419,0.1500975674481364
Global-rate EMA,7,50,2,"{""rate"": 0.25, ""regression_window"": 250, ""ridge_alpha"": 1.0}",5000,0.11578550070396099,0.5067924528301887,0.1877153268395437,236.1509433962264,0.84876539767243,0.14841440391929137
Global-rate EMA,8,50,2,"{""rate"": 0.25, ""regression_window"": 250, ""ridge_alpha"": 1.0}",5000,0.11968341638459253,0.5347169811320754,0.19489161084889417,237.50943396226415,0.8660751472622975,0.16251123100519185
Global-rate EMA,9,50,2,"{""rate"": 0.25, ""regression_window"": 250, ""ridge_alpha"": 1.0}",5000,0.12203724881868215,0.5313207547169811,0.1975493534497953,230.62264150943398,0.86070308177324,0.16031196721588523
Global-rate EMA,10,50,2,"{""rate"": 0.25, ""regression_window"": 250, ""ridge_alpha"": 1.0}",5000,0.11766143658792501,0.5324528301886792,0.19197587889050255,241.26415094339623,0.8620840486947331,0.15842409233596125
Global-rate EMA,11,50,2,"{""rate"": 0.25, ""regression_window"": 250, ""ridge_alpha"": 1.0}",5000,0.11683461582254379,0.5090566037735849,0.18943508598996528,237.1509433962264,0.855813038356094,0.1403199733313472
Global-rate EMA,12,50,2,"{""rate"": 0.25, ""regression_window"": 250, ""ridge_alpha"": 1.0}",5000,0.1179363202495197,0.5143396226415095,0.1909659592567007,234.71698113207546,0.8543154822679678,0.16406615562262727
Global-rate EMA,13,50,2,"{""rate"": 0.25, ""regression_window"": 250, ""ridge_alpha"": 1.0}",5000,0.12033326634434911,0.5343396226415095,0.19580987397431274,235.8679245283019,0.8632262147075123,0.16197885625062158
Global-rate EMA,14,50,2,"{""rate"": 0.25, ""regression_window"": 250, ""ridge_alpha"": 1.0}",5000,0.11530478134923676,0.4969811320754716,0.18657959173515956,235.35849056603774,0.8473336381953441,0.1370687962459695
Global-rate EMA,15,50,2,"{""rate"": 0.25, ""regression_window"": 250, ""ridge_alpha"": 1.0}",5000,0.11429131088967691,0.509811320754717,0.18610406620525274,238.52830188679246,0.8570735940808815,0.1489115811314514
Global-rate EMA,16,50,2,"{""rate"": 0.25, ""regression_window"": 250, ""ridge_alpha"": 1.0}",5000,0.11660945558878148,0.5245283018867924,0.18988466348911684,238.1509433962264,0.8607729162155516,0.1621991203532095
Global-rate EMA,17,50,2,"{""rate"": 0.25, ""regression_window"": 250, ""ridge_alpha"": 1.0}",5000,0.11804486041719987,0.5249056603773584,0.1920696275990613,236.66037735849056,0.8619184388911929,0.15784868369043992
Global-rate EMA,18,50,2,"{""rate"": 0.25, ""regression_window"": 250, ""ridge_alpha"": 1.0}",5000,0.12101794140659672,0.5279245283018869,0.19607097205412127,233.11320754716982,0.8627808993918663,0.15614188235656026
Global-rate EMA,19,50,2,"{""rate"": 0.25, ""regression_window"": 250, ""ridge_alpha"": 1.0}",5000,0.11857373900035649,0.5316981132075471,0.1931766327977987,239.1509433962264,0.8555925218278508,0.14497766635544282
Global-rate EMA,0,50,2,"{""rate"": 0.05, ""regression_window"": 500, ""ridge_alpha"": 1.0}",5000,0.8772153820020245,0.5245283018867926,0.6522502676208635,29.37735849056604,0.9575279840571359,0.7112042292659194
Global-rate EMA,1,50,2,"{""rate"": 0.05, ""regression_window"": 500, ""ridge_alpha"": 1.0}",5000,0.8823488978379358,0.5075471698113208,0.6361058601703464,31.58490566037736,0.9588335438740719,0.669464351185357
Global-rate EMA,2,50,2,"{""rate"": 0.05, ""regression_window"": 500, ""ridge_alpha"": 1.0}",5000,0.8891084162732912,0.509811320754717,0.6393786572648985,29.81132075471698,0.962478768905543,0.7098229196415297
Global-rate EMA,3,50,2,"{""rate"": 0.05, ""regression_window"": 500, ""ridge_alpha"": 1.0}",5000,0.8804253547011047,0.5543396226415094,0.6751378057672943,27.79245283018868,0.9619642782954642,0.7433283483805054
Global-rate EMA,4,50,2,"{""rate"": 0.05, ""regression_window"": 500, ""ridge_alpha"": 1.0}",5000,0.8982175141686706,0.5275471698113208,0.659459400712787,28.641509433962263,0.9589987316174446,0.723529329002151
Global-rate EMA,5,50,2,"{""rate"": 0.05, ""regression_window"": 500, ""ridge_alpha"": 1.0}",5000,0.8827192321627516,0.541132075471698,0.6637193770979908,28.90566037735849,0.9565668246028047,0.7033936254828922
Global-rate EMA,6,50,2,"{""rate"": 0.05, ""regression_window"": 500, ""ridge_alpha"": 1.0}",5000,0.8798247269685437,0.5067924528301888,0.6367093021746356,30.62264150943396,0.9582272056313836,0.6868700628233765
Global-rate EMA,7,50,2,"{""rate"": 0.05, ""regression_window"": 500, ""ridge_alpha"": 1.0}",5000,0.8919034507755332,0.5045283018867924,0.6382679876213414,30.169811320754718,0.9598614013131577,0.7062596412302261
Global-rate EMA,8,50,2,"{""rate"": 0.05, ""regression_window"": 500, ""ridge_alpha"": 1.0}",5000,0.8874885396532158,0.5358490566037736,0.6632108877982561,28.471698113207548,0.9572375596848128,0.7330566828743742
Global-rate EMA,9,50,2,"{""rate"": 0.05, ""regression_window"": 500, ""ridge_alpha"": 1.0}",5000,0.8911182531673106,0.5403773584905661,0.6613417611843732,28.81132075471698,0.9628714301967535,0.7246576776017855
Global-rate EMA,10,50,2,"{""rate"": 0.05, ""regression_window"": 500, ""ridge_alpha"": 1.0}",5000,0.8911214785559234,0.5539622641509434,0.6768866903938574,27.81132075471698,0.9619321929145274,0.7274948942114374
Global-rate EMA,11,50,2,"{""rate"": 0.05, ""regression_window"": 500, ""ridge_alpha"": 1.0}",5000,0.8948046697845908,0.49773584905660373,0.6344278993327596,31.0188679245283,0.9546216285650321,0.6849976392388909
Global-rate EMA,12,50,2,"{""rate"": 0.05, ""regression_window"": 500, ""ridge_alpha"": 1.0}",5000,0.8754475689535978,0.49660377358490565,0.6295255726222058,30.641509433962263,0.9580274243686531,0.7091854389899297
Global-rate EMA,13,50,2,"{""rate"": 0.05, ""regression_window"": 500, ""ridge_alpha"": 1.0}",5000,0.8845270778851618,0.5241509433962264,0.6527174699290926,29.58490566037736,0.9604061378558609,0.7237821613901603
Global-rate EMA,14,50,2,"{""rate"": 0.05, ""regression_window"": 500, ""ridge_alpha"": 1.0}",5000,0.8815725090586224,0.49433962264150944,0.6284434826047838,30.566037735849058,0.9546846351748614,0.6794517793292919
Global-rate EMA,15,50,2,"{""rate"": 0.05, ""regression_window"": 500, ""ridge_alpha"": 1.0}",5000,0.8824504042338392,0.520377358490566,0.6509325476335983,29.339622641509433,0.9607754779372635,0.7176597873389472
Global-rate EMA,16,50,2,"{""rate"": 0.05, ""regression_window"": 500, ""ridge_alpha"": 1.0}",5000,0.8921212463676038,0.5335849056603774,0.6623322129878708,28.60377358490566,0.9633152216916906,0.725058178155986
Global-rate EMA,17,50,2,"{""rate"": 0.05, ""regression_window"": 500, ""ridge_alpha"": 1.0}",5000,0.8803570433225267,0.5188679245283018,0.6467150249697129,30.20754716981132,0.961505765341887,0.7086519484867291
Global-rate EMA,18,50,2,"{""rate"": 0.05, ""regression_window"": 500, ""ridge_alpha"": 1.0}",5000,0.8831115169784394,0.5218867924528302,0.6510432670003341,29.77358490566038,0.9601260616648255,0.7187156839724939
Global-rate EMA,19,50,2,"{""rate"": 0.05, ""regression_window"": 500, ""ridge_alpha"": 1.0}",5000,0.8773299804210047,0.5177358490566037,0.6474206315069646,29.754716981132077,0.9601548733268984,0.6938876785332432
Global-rate EMA,0,50,2,"{""rate"": 0.25, ""regression_window"": 500, ""ridge_alpha"": 1.0}",5000,0.7144008824179449,0.5464150943396227,0.6085718825869763,67.24528301886792,0.9473533663885964,0.2938159783671138
Global-rate EMA,1,50,2,"{""rate"": 0.25, ""regression_window"": 500, ""ridge_alpha"": 1.0}",5000,0.7146039681855216,0.5162264150943396,0.5802927004595153,70.50943396226415,0.9434760926770726,0.27685076672189474
Global-rate EMA,2,50,2,"{""rate"": 0.25, ""regression_window"": 500, ""ridge_alpha"": 1.0}",5000,0.7024329652232868,0.5237735849056605,0.5809516078817135,67.9245283018868,0.9477454125729888,0.28892274887178204
Global-rate EMA,3,50,2,"{""rate"": 0.25, ""regression_window"": 500, ""ridge_alpha"": 1.0}",5000,0.7113090759074032,0.5735849056603773,0.6186859914925027,67.73584905660377,0.9517044360358641,0.31078444659165794
Global-rate EMA,4,50,2,"{""rate"": 0.25, ""regression_window"": 500, ""ridge_alpha"": 1.0}",5000,0.727863926459394,0.5381132075471698,0.6031230606578832,68.28301886792453,0.9497688203968834,0.2976070909213312
Global-rate EMA,5,50,2,"{""rate"": 0.25, ""regression_window"": 500, ""ridge_alpha"": 1.0}",5000,0.703929886574094,0.5509433962264152,0.5996081150053338,69.01886792452831,0.9468376007898031,0.29880591363479575
Global-rate EMA,6,50,2,"{""rate"": 0.25, ""regression_window"": 500, ""ridge_alpha"": 1.0}",5000,0.709852603619522,0.5305660377358491,0.5921971339188112,68.49056603773585,0.9463013267369611,0.2812276929768635
Global-rate EMA,7,50,2,"{""rate"": 0.25, ""regression_window"": 500, ""ridge_alpha"": 1.0}",5000,0.7189511942144491,0.5260377358490567,0.5906629013791547,68.43396226415095,0.9437004789465379,0.2822299606157982
Global-rate EMA,8,50,2,"{""rate"": 0.25, ""regression_window"": 500, ""ridge_alpha"": 1.0}",5000,0.7281428410487161,0.5554716981132076,0.6145191152404705,66.41509433962264,0.9474236155508986,0.3094680360081556
Global-rate EMA,9,50,2,"{""rate"": 0.25, ""regression_window"": 500, ""ridge_alpha"": 1.0}",5000,0.7305869054120955,0.5584905660377358,0.6102314377677457,66.64150943396227,0.9494431418892881,0.3019288844909077
Global-rate EMA,10,50,2,"{""rate"": 0.25, ""regression_window"": 500, ""ridge_alpha"": 1.0}",5000,0.7069162622047261,0.558490566037736,0.6067147619356361,69.71698113207547,0.9494388889908358,0.293406388688852
Global-rate EMA,11,50,2,"{""rate"": 0.25, ""regression_window"": 500, ""ridge_alpha"": 1.0}",5000,0.7200282711294561,0.5267924528301887,0.5946150286675609,70.05660377358491,0.9425622046955111,0.27172085184976075
Global-rate EMA,12,50,2,"{""rate"": 0.25, ""regression_window"": 500, ""ridge_alpha"": 1.0}",5000,0.7159123232017809,0.529433962264151,0.5922979709759995,69.09433962264151,0.9449033151908629,0.29250378319620346
Global-rate EMA,13,50,2,"{""rate"": 0.25, ""regression_window"": 500, ""ridge_alpha"": 1.0}",5000,0.728535488704103,0.5479245283018869,0.610498167582317,66.75471698113208,0.949189726688516,0.30213662134797586
Global-rate EMA,14,50,2,"{""rate"": 0.25, ""regression_window"": 500, ""ridge_alpha"": 1.0}",5000,0.7039820587498717,0.5169811320754716,0.5858581541766968,69.58490566037736,0.9415164614475563,0.26907183493998027
Global-rate EMA,15,50,2,"{""rate"": 0.25, ""regression_window"": 500, ""ridge_alpha"": 1.0}",5000,0.7275568832438875,0.5418867924528301,0.6053111829869346,66.30188679245283,0.9473851177914876,0.300269012575218
Global-rate EMA,16,50,2,"{""rate"": 0.25, ""regression_window"": 500, ""ridge_alpha"": 1.0}",5000,0.7192045191024599,0.5426415094339623,0.6009877272373644,66.9622641509434,0.950031026193421,0.3026253534458066
Global-rate EMA,17,50,2,"{""rate"": 0.25, ""regression_window"": 500, ""ridge_alpha"": 1.0}",5000,0.7143970964065292,0.5388679245283019,0.597970915917494,67.58490566037736,0.9488149739607227,0.2990219676017714
Global-rate EMA,18,50,2,"{""rate"": 0.25, ""regression_window"": 500, ""ridge_alpha"": 1.0}",5000,0.7197938775927685,0.5490566037735849,0.6064893416533687,68.20754716981132,0.9492518774337274,0.29654092752001093
Global-rate EMA,19,50,2,"{""rate"": 0.25, ""regression_window"": 500, ""ridge_alpha"": 1.0}",5000,0.7241040059270484,0.530188679245283,0.5977597516917313,68.45283018867924,0.9433087689422438,0.28377758155126614
KGLS ridge-to-previous,0,50,4,"{""prior_strength"": 0.1, ""regression_window"": 500}",5000,0.20589675127249218,0.5354716981132075,0.2930797485508558,267.0188679245283,0.9063822552053381,0.06607503837269228
KGLS ridge-to-previous,1,50,4,"{""prior_strength"": 0.1, ""regression_window"": 500}",5000,0.1994203505127405,0.5226415094339624,0.28433966317141884,271.33962264150944,0.9001864815474071,0.06449573567483863
KGLS ridge-to-previous,2,50,4,"{""prior_strength"": 0.1, ""regression_window"": 500}",5000,0.18923186562181857,0.4954716981132076,0.2694645082978524,267.7169811320755,0.9015113187465199,0.06304488062284169
KGLS ridge-to-previous,3,50,4,"{""prior_strength"": 0.1, ""regression_window"": 500}",5000,0.21767540454556927,0.5618867924528301,0.30920681151926865,267.6981132075472,0.9157625741435496,0.07131477926969097
KGLS ridge-to-previous,4,50,4,"{""prior_strength"": 0.1, ""regression_window"": 500}",5000,0.2190851030421988,0.5709433962264152,0.3118018601404029,262.1509433962264,0.9128351135087768,0.07416911926950953
KGLS ridge-to-previous,5,50,4,"{""prior_strength"": 0.1, ""regression_window"": 500}",5000,0.20004379343282788,0.5203773584905661,0.28433585957611635,266.8867924528302,0.906132218601382,0.06611101724949903
KGLS ridge-to-previous,6,50,4,"{""prior_strength"": 0.1, ""regression_window"": 500}",5000,0.19160874783929555,0.5079245283018868,0.2741113178116337,267.0566037735849,0.9020778037626311,0.06322390139249245
KGLS ridge-to-previous,7,50,4,"{""prior_strength"": 0.1, ""regression_window"": 500}",5000,0.19965543504899666,0.5147169811320755,0.2829150441257653,270.811320754717,0.9030920736460644,0.06352717812116489
KGLS ridge-to-previous,8,50,4,"{""prior_strength"": 0.1, ""regression_window"": 500}",5000,0.22021920341817044,0.5422641509433963,0.30939474077779355,261.6981132075472,0.9040116205237743,0.06837186528014935
KGLS ridge-to-previous,9,50,4,"{""prior_strength"": 0.1, ""regression_window"": 500}",5000,0.21364446876560944,0.5486792452830188,0.3028518563328863,266.35849056603774,0.9084413407454063,0.0677594446297325
KGLS ridge-to-previous,10,50,4,"{""prior_strength"": 0.1, ""regression_window"": 500}",5000,0.20085559124483068,0.5332075471698113,0.28731687924079113,268.1509433962264,0.9088160089821179,0.06617402506505285
KGLS ridge-to-previous,11,50,4,"{""prior_strength"": 0.1, ""regression_window"": 500}",5000,0.1971486068715809,0.5052830188679245,0.2790786824336576,263.8490566037736,0.8955107856614727,0.06438749846827697
KGLS ridge-to-previous,12,50,4,"{""prior_strength"": 0.1, ""regression_window"": 500}",5000,0.1882651024893141,0.49886792452830186,0.26882304538281837,275.3018867924528,0.8968849237341512,0.061019259299788506
KGLS ridge-to-previous,13,50,4,"{""prior_strength"": 0.1, ""regression_window"": 500}",5000,0.2017555734870206,0.5245283018867924,0.2861938461174439,264.33962264150944,0.9087009447654517,0.06702940163629181
KGLS ridge-to-previous,14,50,4,"{""prior_strength"": 0.1, ""regression_window"": 500}",5000,0.19781687787268887,0.5188679245283019,0.2820365428160774,266.66037735849056,0.9056740382105138,0.06531942180776876
KGLS ridge-to-previous,15,50,4,"{""prior_strength"": 0.1, ""regression_window"": 500}",5000,0.20133769587405914,0.5101886792452831,0.28464401284210183,261.54716981132077,0.9010803220417888,0.06524948132887444
KGLS ridge-to-previous,16,50,4,"{""prior_strength"": 0.1, ""regression_window"": 500}",5000,0.19456025675191577,0.5116981132075472,0.2774637877777358,267.9433962264151,0.8980726781133901,0.06417696793540172
KGLS ridge-to-previous,17,50,4,"{""prior_strength"": 0.1, ""regression_window"": 500}",5000,0.21477628898340964,0.5426415094339623,0.3024351747007103,265.4339622641509,0.9106786154393844,0.06784254323513689
KGLS ridge-to-previous,18,50,4,"{""prior_strength"": 0.1, ""regression_window"": 500}",5000,0.20952292651578536,0.5332075471698113,0.2963443033819076,265.9433962264151,0.9094210849741217,0.06762210128259068
KGLS ridge-to-previous,19,50,4,"{""prior_strength"": 0.1, ""regression_window"": 500}",5000,0.19067419540497496,0.5015094339622641,0.2722363510534979,275.66037735849056,0.8992563445335963,0.0594044231518687
KGLS ridge-to-previous,0,50,4,"{""prior_strength"": 1.0, ""regression_window"": 500}",5000,0.2061254418866794,0.5320754716981132,0.29321186424021284,236.9433962264151,0.9072904893611194,0.08076885910115557
KGLS ridge-to-previous,1,50,4,"{""prior_strength"": 1.0, ""regression_window"": 500}",5000,0.19940315752726004,0.5203773584905661,0.28424229403290147,244.49056603773585,0.9022047017370904,0.07679205829600913
KGLS ridge-to-previous,2,50,4,"{""prior_strength"": 1.0, ""regression_window"": 500}",5000,0.18956295125307343,0.4947169811320756,0.26977265461157096,238.83018867924528,0.9036046626685288,0.07590606039265242
KGLS ridge-to-previous,3,50,4,"{""prior_strength"": 1.0, ""regression_window"": 500}",5000,0.2182246485865518,0.5622641509433962,0.30986997604662,237.8679245283019,0.9194818822283686,0.0875680268577784
KGLS ridge-to-previous,4,50,4,"{""prior_strength"": 1.0, ""regression_window"": 500}",5000,0.21938609144832055,0.5690566037735849,0.3120037420773642,234.28301886792454,0.9154387315496891,0.09140321567274574
KGLS ridge-to-previous,5,50,4,"{""prior_strength"": 1.0, ""regression_window"": 500}",5000,0.20026980481397194,0.52,0.2845257703088579,238.30188679245282,0.908622752873091,0.08029425173465538
KGLS ridge-to-previous,6,50,4,"{""prior_strength"": 1.0, ""regression_window"": 500}",5000,0.19221498743797896,0.5049056603773585,0.27477330892705815,242.0,0.9031395390274849,0.07390133134705511
KGLS ridge-to-previous,7,50,4,"{""prior_strength"": 1.0, ""regression_window"": 500}",5000,0.19983667166032743,0.5132075471698112,0.2831062710547329,244.0188679245283,0.905390735273982,0.07517737456306463
KGLS ridge-to-previous,8,50,4,"{""prior_strength"": 1.0, ""regression_window"": 500}",5000,0.22039559925370492,0.5437735849056604,0.3095715595204798,230.49056603773585,0.907662911703225,0.08528204875810431
KGLS ridge-to-previous,9,50,4,"{""prior_strength"": 1.0, ""regression_window"": 500}",5000,0.213855190320915,0.5467924528301886,0.30302865456577066,238.8490566037736,0.9111574229354364,0.08088453896349176
KGLS ridge-to-previous,10,50,4,"{""prior_strength"": 1.0, ""regression_window"": 500}",5000,0.20124087373615773,0.5320754716981131,0.28772664776545825,240.49056603773585,0.9110887199569151,0.07914129441076717
KGLS ridge-to-previous,11,50,4,"{""prior_strength"": 1.0, ""regression_window"": 500}",5000,0.19737486617729819,0.5033962264150943,0.27937099937549315,240.67924528301887,0.8974530255314876,0.07511226236438091
KGLS ridge-to-previous,12,50,4,"{""prior_strength"": 1.0, ""regression_window"": 500}",5000,0.18893844155959896,0.49660377358490565,0.2695451340435917,244.03773584905662,0.8990038466102546,0.07443777286143152
KGLS ridge-to-previous,13,50,4,"{""prior_strength"": 1.0, ""regression_window"": 500}",5000,0.2020841010145621,0.5222641509433962,0.2865807393065085,235.49056603773585,0.9126510253671806,0.08058675620317834
KGLS ridge-to-previous,14,50,4,"{""prior_strength"": 1.0, ""regression_window"": 500}",5000,0.19796518158982163,0.5181132075471698,0.2821648459055033,237.9811320754717,0.908270129163586,0.0787805936057582
KGLS ridge-to-previous,15,50,4,"{""prior_strength"": 1.0, ""regression_window"": 500}",5000,0.20162379743483513,0.5090566037735849,0.2849521427125378,236.56603773584905,0.9038389882337906,0.0770257893498577
KGLS ridge-to-previous,16,50,4,"{""prior_strength"": 1.0, ""regression_window"": 500}",5000,0.19510309782585775,0.5090566037735849,0.2781404549953356,241.0,0.9011888829860065,0.07639373499922973
KGLS ridge-to-previous,17,50,4,"{""prior_strength"": 1.0, ""regression_window"": 500}",5000,0.21552766850061272,0.5422641509433962,0.30335347782409605,235.64150943396226,0.9125483626803954,0.08255552202941877
KGLS ridge-to-previous,18,50,4,"{""prior_strength"": 1.0, ""regression_window"": 500}",5000,0.2097376213183111,0.5324528301886792,0.29659893043498914,235.75471698113208,0.9113243055745726,0.0823927363868537
KGLS ridge-to-previous,19,50,4,"{""prior_strength"": 1.0, ""regression_window"": 500}",5000,0.1911736479837353,0.5,0.2728840221015303,244.60377358490567,0.9004510585937143,0.07155089273052281
KGLS ridge-to-previous,0,50,4,"{""prior_strength"": 0.1, ""regression_window"": 1000}",5000,0.8696329411718869,0.550566037735849,0.6448487456110653,181.67924528301887,0.9533882914806803,0.10813914466984494
KGLS ridge-to-previous,1,50,4,"{""prior_strength"": 0.1, ""regression_window"": 1000}",5000,0.8632717059842374,0.5535849056603774,0.6433970829479574,184.64150943396226,0.9528584399959836,0.10553147929475334
KGLS ridge-to-previous,2,50,4,"{""prior_strength"": 0.1, ""regression_window"": 1000}",5000,0.8695951133305871,0.5222641509433962,0.6225704676219235,179.35849056603774,0.9525746967165978,0.10583019789417616
KGLS ridge-to-previous,3,50,4,"{""prior_strength"": 0.1, ""regression_window"": 1000}",5000,0.8678529432694156,0.599622641509434,0.6807420495232702,183.73584905660377,0.9541575675256273,0.11028065436022219
KGLS ridge-to-previous,4,50,4,"{""prior_strength"": 0.1, ""regression_window"": 1000}",5000,0.8737082489498118,0.6015094339622641,0.6815851003564068,178.1320754716981,0.9566539909266004,0.11379109981806113
KGLS ridge-to-previous,5,50,4,"{""prior_strength"": 0.1, ""regression_window"": 1000}",5000,0.876355301144611,0.5332075471698112,0.6306317303695891,181.43396226415095,0.9538233432830371,0.10718425711219012
KGLS ridge-to-previous,6,50,4,"{""prior_strength"": 0.1, ""regression_window"": 1000}",5000,0.8666838707524513,0.4943396226415094,0.5998957888175834,180.1509433962264,0.9536802026453433,0.105922273627003
KGLS ridge-to-previous,7,50,4,"{""prior_strength"": 0.1, ""regression_window"": 1000}",5000,0.8737185374317419,0.5158490566037736,0.6130263889831271,187.54716981132074,0.9531517444843041,0.10443288789061768
KGLS ridge-to-previous,8,50,4,"{""prior_strength"": 0.1, ""regression_window"": 1000}",5000,0.8692821566689725,0.5550943396226417,0.6536162241737136,182.0754716981132,0.9495028865094796,0.10603215369738093
KGLS ridge-to-previous,9,50,4,"{""prior_strength"": 0.1, ""regression_window"": 1000}",5000,0.8722025307863168,0.5437735849056604,0.6384847251298943,184.9433962264151,0.9526798638077243,0.1060824965428343
KGLS ridge-to-previous,10,50,4,"{""prior_strength"": 0.1, ""regression_window"": 1000}",5000,0.873567589462183,0.5490566037735849,0.6376241398804294,180.88679245283018,0.9541107363693622,0.10875669415004285
KGLS ridge-to-previous,11,50,4,"{""prior_strength"": 0.1, ""regression_window"": 1000}",5000,0.8651756067590888,0.5090566037735849,0.6074454829676513,180.8490566037736,0.9499955166087029,0.10425275510483469
KGLS ridge-to-previous,12,50,4,"{""prior_strength"": 0.1, ""regression_window"": 1000}",5000,0.869119519522301,0.5086792452830188,0.6075983084753172,187.26415094339623,0.9509059250942483,0.10127703685281952
KGLS ridge-to-previous,13,50,4,"{""prior_strength"": 0.1, ""regression_window"": 1000}",5000,0.8667266627028122,0.5467924528301887,0.6370302242893066,179.49056603773585,0.9541957185237926,0.11002403613791538
KGLS ridge-to-previous,14,50,4,"{""prior_strength"": 0.1, ""regression_window"": 1000}",5000,0.865168160765827,0.529811320754717,0.6260098600934086,180.39622641509433,0.9534051278400014,0.10769667870755696
KGLS ridge-to-previous,15,50,4,"{""prior_strength"": 0.1, ""regression_window"": 1000}",5000,0.8719879659363581,0.5324528301886792,0.6326838922080614,178.41509433962264,0.950476111035043,0.10713217416617779
KGLS ridge-to-previous,16,50,4,"{""prior_strength"": 0.1, ""regression_window"": 1000}",5000,0.8670630750581331,0.5305660377358491,0.6287733520091932,180.45283018867926,0.9533165970187402,0.10616602055496939
KGLS ridge-to-previous,17,50,4,"{""prior_strength"": 0.1, ""regression_window"": 1000}",5000,0.8761098408666511,0.5535849056603773,0.6433285354202823,184.62264150943398,0.9549091506239104,0.10726128938565438
KGLS ridge-to-previous,18,50,4,"{""prior_strength"": 0.1, ""regression_window"": 1000}",5000,0.8733214673840902,0.5615094339622642,0.6542653822939545,182.75471698113208,0.9538583472537905,0.10881488267966832
KGLS ridge-to-previous,19,50,4,"{""prior_strength"": 0.1, ""regression_window"": 1000}",5000,0.8603999824188568,0.5184905660377358,0.6205758485606313,187.39622641509433,0.9494138226031711,0.09949662986118779
KGLS ridge-to-previous,0,50,4,"{""prior_strength"": 1.0, ""regression_window"": 1000}",5000,0.8695202863077174,0.5471698113207546,0.6445147034342011,151.77358490566039,0.9545665792188114,0.12962670491620426
KGLS ridge-to-previous,1,50,4,"{""prior_strength"": 1.0, ""regression_window"": 1000}",5000,0.8635042492340584,0.5520754716981133,0.6434529448731049,157.8490566037736,0.9549813343556882,0.12356478226171932
KGLS ridge-to-previous,2,50,4,"{""prior_strength"": 1.0, ""regression_window"": 1000}",5000,0.8696379530521001,0.5218867924528301,0.6226506048398035,150.71698113207546,0.9546220346687844,0.12518237198580398
KGLS ridge-to-previous,3,50,4,"{""prior_strength"": 1.0, ""regression_window"": 1000}",5000,0.867911794455323,0.6,0.681125906169269,154.11320754716982,0.9578908723790746,0.13255872014641545
KGLS ridge-to-previous,4,50,4,"{""prior_strength"": 1.0, ""regression_window"": 1000}",5000,0.8737488597728638,0.600754716981132,0.6819399375218377,150.45283018867926,0.9595621553431735,0.13629741441883444
KGLS ridge-to-previous,5,50,4,"{""prior_strength"": 1.0, ""regression_window"": 1000}",5000,0.8764356965443455,0.5332075471698112,0.6307560697138709,152.96226415094338,0.9563956925997937,0.12700386262618776
KGLS ridge-to-previous,6,50,4,"{""prior_strength"": 1.0, ""regression_window"": 1000}",5000,0.8667469723745279,0.491320754716981,0.600000675639096,155.43396226415095,0.9552492793310878,0.12161818464079743
KGLS ridge-to-previous,7,50,4,"{""prior_strength"": 1.0, ""regression_window"": 1000}",5000,0.8738842804563066,0.5143396226415095,0.6131449827049453,160.81132075471697,0.9554546671413314,0.12150259935506082
KGLS ridge-to-previous,8,50,4,"{""prior_strength"": 1.0, ""regression_window"": 1000}",5000,0.8693065081665202,0.5573584905660378,0.654006801049831,150.96226415094338,0.9530428673403255,0.12848191165497735
KGLS ridge-to-previous,9,50,4,"{""prior_strength"": 1.0, ""regression_window"": 1000}",5000,0.872241020039425,0.5422641509433963,0.6385478412724623,157.56603773584905,0.9556697275241668,0.12418847724894551
KGLS ridge-to-previous,10,50,4,"{""prior_strength"": 1.0, ""regression_window"": 1000}",5000,0.8735953588218864,0.5479245283018868,0.6376717889851715,153.43396226415095,0.9564005772653833,0.12816584305454343
KGLS ridge-to-previous,11,50,4,"{""prior_strength"": 1.0, ""regression_window"": 1000}",5000,0.8652167025725824,0.5067924528301887,0.6075014677230147,157.71698113207546,0.9523512731056768,0.11898796811060465
KGLS ridge-to-previous,12,50,4,"{""prior_strength"": 1.0, ""regression_window"": 1000}",5000,0.8690351967248368,0.5060377358490565,0.6074825090606765,156.43396226415095,0.953428035891959,0.12041111505411031
KGLS ridge-to-previous,13,50,4,"{""prior_strength"": 1.0, ""regression_window"": 1000}",5000,0.8667209408658363,0.5441509433962264,0.6370130667575368,150.79245283018867,0.9581981772872908,0.13114572552907758
KGLS ridge-to-previous,14,50,4,"{""prior_strength"": 1.0, ""regression_window"": 1000}",5000,0.8652238589605505,0.529433962264151,0.6261058775803259,151.83018867924528,0.9560796286661007,0.12739424788250628
KGLS ridge-to-previous,15,50,4,"{""prior_strength"": 1.0, ""regression_window"": 1000}",5000,0.8720091383555816,0.5313207547169811,0.6327202444297588,153.58490566037736,0.9535569223466696,0.12467699958201116
KGLS ridge-to-previous,16,50,4,"{""prior_strength"": 1.0, ""regression_window"": 1000}",5000,0.86708078221571,0.5271698113207548,0.6287980895784562,153.69811320754718,0.9569121534262581,0.12419675653016092
KGLS ridge-to-previous,17,50,4,"{""prior_strength"": 1.0, ""regression_window"": 1000}",5000,0.8761551058955408,0.5524528301886793,0.6434056230607682,155.0943396226415,0.9568332352968024,0.12795288066672117
KGLS ridge-to-previous,18,50,4,"{""prior_strength"": 1.0, ""regression_window"": 1000}",5000,0.8733599083582567,0.5607547169811321,0.6543340432830612,152.67924528301887,0.9558035179961845,0.1298921163259415
KGLS ridge-to-previous,19,50,4,"{""prior_strength"": 1.0, ""regression_window"": 1000}",5000,0.8604167625975857,0.5162264150943396,0.6206055242420232,156.54716981132074,0.9510268948708821,0.11752739456622906
RLS forgetting,0,50,4,"{""forgetting_factor"": 0.97, ""initial_covariance"": 100.0}",5000,0.0082600656203933,0.5283018867924528,0.016114236878893167,3334.1132075471696,0.6224426855072067,0.00952002637478869
RLS forgetting,1,50,4,"{""forgetting_factor"": 0.97, ""initial_covariance"": 100.0}",5000,0.00801790331364051,0.5249056603773585,0.015689809393879855,3336.4150943396226,0.6213866743343283,0.009367952961544936
RLS forgetting,2,50,4,"{""forgetting_factor"": 0.97, ""initial_covariance"": 100.0}",5000,0.007993297434788467,0.5286792452830188,0.015679153965261747,3312.056603773585,0.62302949274767,0.009565361562220332
RLS forgetting,3,50,4,"{""forgetting_factor"": 0.97, ""initial_covariance"": 100.0}",5000,0.008087248201330784,0.5354716981132075,0.01586877041842514,3316.7924528301887,0.6310160381922575,0.010336728643090463
RLS forgetting,4,50,4,"{""forgetting_factor"": 0.97, ""initial_covariance"": 100.0}",5000,0.009284674247686786,0.5679245283018869,0.01802382579876271,3303.1132075471696,0.641165890589771,0.01082176785299045
RLS forgetting,5,50,4,"{""forgetting_factor"": 0.97, ""initial_covariance"": 100.0}",5000,0.008117350602279905,0.5305660377358491,0.015840684608904847,3351.943396226415,0.622446426595832,0.009782697383679253
RLS forgetting,6,50,4,"{""forgetting_factor"": 0.97, ""initial_covariance"": 100.0}",5000,0.007928220916293758,0.5264150943396226,0.015544333302558132,3332.3207547169814,0.6211996918330276,0.009452801854125356
RLS forgetting,7,50,4,"{""forgetting_factor"": 0.97, ""initial_covariance"": 100.0}",5000,0.007951785586390894,0.519245283018868,0.015555837112511909,3328.0,0.6170855053810554,0.009457370312226468
RLS forgetting,8,50,4,"{""forgetting_factor"": 0.97, ""initial_covariance"": 100.0}",5000,0.008356323749740213,0.5339622641509434,0.016287287365229084,3325.245283018868,0.6213391775520077,0.009713964570113797
RLS forgetting,9,50,4,"{""forgetting_factor"": 0.97, ""initial_covariance"": 100.0}",5000,0.008081845235842294,0.5256603773584906,0.015813199656780498,3294.867924528302,0.6249822420607754,0.009864039692972677
RLS forgetting,10,50,4,"{""forgetting_factor"": 0.97, ""initial_covariance"": 100.0}",5000,0.008280356519020943,0.5366037735849056,0.016155695558775846,3343.566037735849,0.6296763724657922,0.009721100919002069
RLS forgetting,11,50,4,"{""forgetting_factor"": 0.97, ""initial_covariance"": 100.0}",5000,0.008103130199983533,0.5260377358490567,0.01584827877385742,3325.245283018868,0.6203708749349618,0.009370142182115892
RLS forgetting,12,50,4,"{""forgetting_factor"": 0.97, ""initial_covariance"": 100.0}",5000,0.008160565559037034,0.52,0.01591059091642727,3322.5471698113206,0.6165907798194449,0.009539353298930877
RLS forgetting,13,50,4,"{""forgetting_factor"": 0.97, ""initial_covariance"": 100.0}",5000,0.008247238589361782,0.5233962264150944,0.016050325890356376,3336.3207547169814,0.6196894702923752,0.009412077006845881
RLS forgetting,14,50,4,"{""forgetting_factor"": 0.97, ""initial_covariance"": 100.0}",5000,0.008170788685302018,0.5158490566037737,0.015914604049201458,3324.5849056603774,0.6206692273005266,0.009209908234024322
RLS forgetting,15,50,4,"{""forgetting_factor"": 0.97, ""initial_covariance"": 100.0}",5000,0.00783993588893704,0.510943396226415,0.015329509433632238,3326.4150943396226,0.6106101381091912,0.009177985211236575
RLS forgetting,16,50,4,"{""forgetting_factor"": 0.97, ""initial_covariance"": 100.0}",5000,0.008149487437245362,0.5286792452830189,0.015922105745571357,3324.1509433962265,0.6206704570474025,0.009654594811362547
RLS forgetting,17,50,4,"{""forgetting_factor"": 0.97, ""initial_covariance"": 100.0}",5000,0.008418843122700902,0.5418867924528302,0.0164301473164691,3334.2264150943397,0.6322793347390713,0.01033778826775603
RLS forgetting,18,50,4,"{""forgetting_factor"": 0.97, ""initial_covariance"": 100.0}",5000,0.008320794268663936,0.5509433962264152,0.016315382308191097,3314.2264150943397,0.6362541964929577,0.01011615196319087
RLS forgetting,19,50,4,"{""forgetting_factor"": 0.97, ""initial_covariance"": 100.0}",5000,0.007831578355818613,0.5173584905660377,0.015356957247654271,3326.698113207547,0.6163933481209665,0.00923907119191876
RLS forgetting,0,50,4,"{""forgetting_factor"": 0.99, ""initial_covariance"": 100.0}",5000,0.03846742202764445,0.5162264150943396,0.07141697086405713,751.3396226415094,0.8140037786966801,0.034609977400313026
RLS forgetting,1,50,4,"{""forgetting_factor"": 0.99, ""initial_covariance"": 100.0}",5000,0.03789626565205031,0.519622641509434,0.07046681626805754,765.6415094339623,0.8111802908234521,0.03365975367862491
RLS forgetting,2,50,4,"{""forgetting_factor"": 0.99, ""initial_covariance"": 100.0}",5000,0.0357363372391528,0.49471698113207546,0.0664910083466572,763.0377358490566,0.8072591388485728,0.03348567949846805
RLS forgetting,3,50,4,"{""forgetting_factor"": 0.99, ""initial_covariance"": 100.0}",5000,0.04007579700320546,0.5430188679245282,0.0744732893501702,752.8301886792453,0.830040965029986,0.038605641851842995
RLS forgetting,4,50,4,"{""forgetting_factor"": 0.99, ""initial_covariance"": 100.0}",5000,0.03926633575134835,0.5362264150943397,0.07293279737294561,762.3207547169811,0.8281366391908791,0.04015713291533447
RLS forgetting,5,50,4,"{""forgetting_factor"": 0.99, ""initial_covariance"": 100.0}",5000,0.037153692183424764,0.5120754716981132,0.0690553251243333,762.1320754716982,0.8134248019643819,0.03481313302171324
RLS forgetting,6,50,4,"{""forgetting_factor"": 0.99, ""initial_covariance"": 100.0}",5000,0.03518773640130146,0.49056603773584906,0.06551794522359039,773.9811320754717,0.8095828879699866,0.032613015710577085
RLS forgetting,7,50,4,"{""forgetting_factor"": 0.99, ""initial_covariance"": 100.0}",5000,0.03688336190463142,0.5022641509433962,0.06854449433220497,759.5849056603773,0.810234007904994,0.032929371121112556
RLS forgetting,8,50,4,"{""forgetting_factor"": 0.99, ""initial_covariance"": 100.0}",5000,0.03864687461774473,0.518867924528302,0.0717455854177776,751.0,0.8169468631048553,0.03756429199967717
RLS forgetting,9,50,4,"{""forgetting_factor"": 0.99, ""initial_covariance"": 100.0}",5000,0.037990331662941634,0.5162264150943396,0.07058413130149462,759.1509433962265,0.8177284939434601,0.03533299274999224
RLS forgetting,10,50,4,"{""forgetting_factor"": 0.99, ""initial_covariance"": 100.0}",5000,0.03744396577028404,0.5166037735849056,0.06963102150441777,767.9811320754717,0.8117420332082774,0.0345418093518982
RLS forgetting,11,50,4,"{""forgetting_factor"": 0.99, ""initial_covariance"": 100.0}",5000,0.036461301596657426,0.5,0.06779450398265713,761.1698113207547,0.8012366517877518,0.03397891623242887
RLS forgetting,12,50,4,"{""forgetting_factor"": 0.99, ""initial_covariance"": 100.0}",5000,0.03593743442231327,0.48754716981132085,0.06674158750961344,759.9811320754717,0.8027816859727432,0.032976942971506835
RLS forgetting,13,50,4,"{""forgetting_factor"": 0.99, ""initial_covariance"": 100.0}",5000,0.037173891946814114,0.5045283018867924,0.06901619996056124,755.7924528301887,0.8132636886929375,0.034666029390706656
RLS forgetting,14,50,4,"{""forgetting_factor"": 0.99, ""initial_covariance"": 100.0}",5000,0.0377971598252879,0.5162264150943396,0.07023017227259522,760.5849056603773,0.8148538386687479,0.034686144816761647
RLS forgetting,15,50,4,"{""forgetting_factor"": 0.99, ""initial_covariance"": 100.0}",5000,0.03618693458820385,0.49018867924528303,0.06721339723419427,756.6603773584906,0.8067621995235096,0.03231178767317618
RLS forgetting,16,50,4,"{""forgetting_factor"": 0.99, ""initial_covariance"": 100.0}",5000,0.036827555659209345,0.499622641509434,0.0684150393665584,757.3396226415094,0.8090915887577476,0.033756729587954074
RLS forgetting,17,50,4,"{""forgetting_factor"": 0.99, ""initial_covariance"": 100.0}",5000,0.0386645993490102,0.5264150943396227,0.07181399227018387,757.3962264150944,0.8261954256921434,0.0365661646117534
RLS forgetting,18,50,4,"{""forgetting_factor"": 0.99, ""initial_covariance"": 100.0}",5000,0.03926594219614562,0.5324528301886794,0.07295324384397449,752.1509433962265,0.8236782090533177,0.036619272363523206
RLS forgetting,19,50,4,"{""forgetting_factor"": 0.99, ""initial_covariance"": 100.0}",5000,0.03570177083892892,0.4886792452830188,0.0663978513764114,767.6792452830189,0.8064279570245821,0.03207451988692388
Global-rate EMA,0,50,4,"{""rate"": 0.05, ""regression_window"": 500, ""ridge_alpha"": 1.0}",5000,0.7315328817523217,0.5060377358490566,0.5905114872778711,41.0,0.9412971580359832,0.5288460261465936
Global-rate EMA,1,50,4,"{""rate"": 0.05, ""regression_window"": 500, ""ridge_alpha"": 1.0}",5000,0.7587154335275251,0.5143396226415096,0.6011116906105235,42.0,0.9409957824209729,0.5104609252193038
Global-rate EMA,2,50,4,"{""rate"": 0.05, ""regression_window"": 500, ""ridge_alpha"": 1.0}",5000,0.7281542327648781,0.4747169811320755,0.5651370071115823,43.716981132075475,0.9395006223585362,0.49147688514024757
Global-rate EMA,3,50,4,"{""rate"": 0.05, ""regression_window"": 500, ""ridge_alpha"": 1.0}",5000,0.7366436644639067,0.5347169811320756,0.611184827320656,41.0377358490566,0.9468227291398527,0.5438200189291421
Global-rate EMA,4,50,4,"{""rate"": 0.05, ""regression_window"": 500, ""ridge_alpha"": 1.0}",5000,0.7718104816717285,0.5471698113207548,0.6300536280410338,38.43396226415094,0.95128512126772,0.5788152668402111
Global-rate EMA,5,50,4,"{""rate"": 0.05, ""regression_window"": 500, ""ridge_alpha"": 1.0}",5000,0.7220896313150098,0.5018867924528302,0.5809250653346223,42.471698113207545,0.940268018731002,0.5313893767894173
Global-rate EMA,6,50,4,"{""rate"": 0.05, ""regression_window"": 500, ""ridge_alpha"": 1.0}",5000,0.7239043333205152,0.4724528301886792,0.5636750778232176,44.094339622641506,0.9394658305264215,0.48938498401736347
Global-rate EMA,7,50,4,"{""rate"": 0.05, ""regression_window"": 500, ""ridge_alpha"": 1.0}",5000,0.7405155461029364,0.4890566037735849,0.5764109795452778,43.22641509433962,0.9472782145302188,0.5032289230332345
Global-rate EMA,8,50,4,"{""rate"": 0.05, ""regression_window"": 500, ""ridge_alpha"": 1.0}",5000,0.7734610172239619,0.5249056603773586,0.6165396943934544,39.094339622641506,0.940105366450329,0.560236375359403
Global-rate EMA,9,50,4,"{""rate"": 0.05, ""regression_window"": 500, ""ridge_alpha"": 1.0}",5000,0.7389626813023698,0.5222641509433962,0.6012491771717515,42.056603773584904,0.9442178627306004,0.5242707992932947
Global-rate EMA,10,50,4,"{""rate"": 0.05, ""regression_window"": 500, ""ridge_alpha"": 1.0}",5000,0.729641009831593,0.5037735849056604,0.5816698628742684,43.075471698113205,0.9476945466495057,0.5145290705364559
Global-rate EMA,11,50,4,"{""rate"": 0.05, ""regression_window"": 500, ""ridge_alpha"": 1.0}",5000,0.7258991159599435,0.45245283018867927,0.5474544679467241,45.886792452830186,0.9360350908709185,0.4738767837387453
Global-rate EMA,12,50,4,"{""rate"": 0.05, ""regression_window"": 500, ""ridge_alpha"": 1.0}",5000,0.7173043921016029,0.45962264150943394,0.5488556922019734,44.54716981132076,0.9382021626457084,0.499005623324586
Global-rate EMA,13,50,4,"{""rate"": 0.05, ""regression_window"": 500, ""ridge_alpha"": 1.0}",5000,0.7197274728978692,0.4939622641509433,0.5761315336148425,43.41509433962264,0.9453283716260007,0.5267881349837721
Global-rate EMA,14,50,4,"{""rate"": 0.05, ""regression_window"": 500, ""ridge_alpha"": 1.0}",5000,0.7302598646915385,0.4992452830188679,0.5831504707795103,41.60377358490566,0.9479199751713814,0.5181139401196951
Global-rate EMA,15,50,4,"{""rate"": 0.05, ""regression_window"": 500, ""ridge_alpha"": 1.0}",5000,0.7539370362151585,0.4860377358490566,0.5813011861822126,42.39622641509434,0.9384628686182691,0.5034471291272987
Global-rate EMA,16,50,4,"{""rate"": 0.05, ""regression_window"": 500, ""ridge_alpha"": 1.0}",5000,0.7236501649273516,0.48226415094339625,0.5705304434816484,42.45283018867924,0.9390320011684056,0.5220377842143495
Global-rate EMA,17,50,4,"{""rate"": 0.05, ""regression_window"": 500, ""ridge_alpha"": 1.0}",5000,0.7467354765090067,0.52,0.6017101050331415,40.45283018867924,0.9479979980100592,0.5522492193341434
Global-rate EMA,18,50,4,"{""rate"": 0.05, ""regression_window"": 500, ""ridge_alpha"": 1.0}",5000,0.7570988663528863,0.5086792452830189,0.6005873923073048,41.62264150943396,0.9432367934569288,0.5256448348894551
Global-rate EMA,19,50,4,"{""rate"": 0.05, ""regression_window"": 500, ""ridge_alpha"": 1.0}",5000,0.7088447870686578,0.47018867924528307,0.5573427560357944,45.45283018867924,0.9377689419539758,0.46042684308430315
Global-rate EMA,0,50,4,"{""rate"": 0.25, ""regression_window"": 500, ""ridge_alpha"": 1.0}",5000,0.2931749000873487,0.5230188679245282,0.3690544220835185,147.62264150943398,0.9208161093919727,0.14965853143585175
Global-rate EMA,1,50,4,"{""rate"": 0.25, ""regression_window"": 500, ""ridge_alpha"": 1.0}",5000,0.2886809212865969,0.5177358490566039,0.36210638445616705,153.71698113207546,0.9155582481218794,0.14050373308011951
Global-rate EMA,2,50,4,"{""rate"": 0.25, ""regression_window"": 500, ""ridge_alpha"": 1.0}",5000,0.27087773344638133,0.4875471698113209,0.34222824348213965,154.22641509433961,0.9150062458580935,0.1346920661482976
Global-rate EMA,3,50,4,"{""rate"": 0.25, ""regression_window"": 500, ""ridge_alpha"": 1.0}",5000,0.3097457623531066,0.5547169811320755,0.3867258762658731,150.75471698113208,0.9308803260581829,0.16076851288271535
Global-rate EMA,4,50,4,"{""rate"": 0.25, ""regression_window"": 500, ""ridge_alpha"": 1.0}",5000,0.30842283816192523,0.5588679245283019,0.38897044667552,149.8679245283019,0.9289293180345227,0.17258835889033444
Global-rate EMA,5,50,4,"{""rate"": 0.25, ""regression_window"": 500, ""ridge_alpha"": 1.0}",5000,0.2779127715235352,0.509056603773585,0.35208991354698416,155.03773584905662,0.9205519861982091,0.14833080897668802
Global-rate EMA,6,50,4,"{""rate"": 0.25, ""regression_window"": 500, ""ridge_alpha"": 1.0}",5000,0.27930809817126573,0.499622641509434,0.35278426916468275,153.26415094339623,0.9150620748327263,0.13437433822803438
Global-rate EMA,7,50,4,"{""rate"": 0.25, ""regression_window"": 500, ""ridge_alpha"": 1.0}",5000,0.2851635114424003,0.5184905660377359,0.36024529614486506,156.88679245283018,0.9208122861498298,0.1355634529603216
Global-rate EMA,8,50,4,"{""rate"": 0.25, ""regression_window"": 500, ""ridge_alpha"": 1.0}",5000,0.3142012443331351,0.5354716981132077,0.3870142294145391,146.64150943396226,0.9192428373999324,0.15661293681636773
Global-rate EMA,9,50,4,"{""rate"": 0.25, ""regression_window"": 500, ""ridge_alpha"": 1.0}",5000,0.3109747466438323,0.5384905660377358,0.37869795625014996,152.75471698113208,0.9234974819034057,0.14643556445681927
Global-rate EMA,10,50,4,"{""rate"": 0.25, ""regression_window"": 500, ""ridge_alpha"": 1.0}",5000,0.2931653763247385,0.5245283018867924,0.36243262773671414,154.20754716981133,0.9253602712891712,0.14054175499509544
Global-rate EMA,11,50,4,"{""rate"": 0.25, ""regression_window"": 500, ""ridge_alpha"": 1.0}",5000,0.27672692222296397,0.48716981132075465,0.3462758748188894,154.35849056603774,0.910009842356528,0.13429958265579967
Global-rate EMA,12,50,4,"{""rate"": 0.25, ""regression_window"": 500, ""ridge_alpha"": 1.0}",5000,0.2679116403410915,0.48641509433962266,0.33788849743540306,157.0188679245283,0.9123379868736935,0.13810750111003972
Global-rate EMA,13,50,4,"{""rate"": 0.25, ""regression_window"": 500, ""ridge_alpha"": 1.0}",5000,0.29026047921822423,0.5109433962264152,0.36211997631884085,151.20754716981133,0.9236366441200902,0.14500120341067002
Global-rate EMA,14,50,4,"{""rate"": 0.25, ""regression_window"": 500, ""ridge_alpha"": 1.0}",5000,0.28304064769454684,0.5116981132075472,0.35790362125517977,149.96226415094338,0.9237962366386432,0.1469273778847739
Global-rate EMA,15,50,4,"{""rate"": 0.25, ""regression_window"": 500, ""ridge_alpha"": 1.0}",5000,0.2865323038670583,0.4969811320754717,0.3575510496411996,150.9056603773585,0.9148674071437047,0.13858332140046883
Global-rate EMA,16,50,4,"{""rate"": 0.25, ""regression_window"": 500, ""ridge_alpha"": 1.0}",5000,0.2770763695001896,0.5033962264150944,0.3511290807646133,153.83018867924528,0.9142888137944885,0.14239974122555038
Global-rate EMA,17,50,4,"{""rate"": 0.25, ""regression_window"": 500, ""ridge_alpha"": 1.0}",5000,0.2980720689769998,0.5324528301886792,0.3744300391795467,148.32075471698113,0.9250156913218501,0.15549968656887694
Global-rate EMA,18,50,4,"{""rate"": 0.25, ""regression_window"": 500, ""ridge_alpha"": 1.0}",5000,0.30233736218194585,0.5252830188679245,0.3766533262720736,150.9056603773585,0.9232377559310275,0.14505172480621514
Global-rate EMA,19,50,4,"{""rate"": 0.25, ""regression_window"": 500, ""ridge_alpha"": 1.0}",5000,0.27579262526670684,0.4871698113207547,0.34578047939715195,156.24528301886792,0.9118584118812243,0.12586442864196126
Global-rate EMA,0,50,4,"{""rate"": 0.05, ""regression_window"": 1000, ""ridge_alpha"": 1.0}",5000,0.8621297125975275,0.5120754716981131,0.6325377753611265,36.339622641509436,0.9541425476718606,0.5995865315790888
Global-rate EMA,1,50,4,"{""rate"": 0.05, ""regression_window"": 1000, ""ridge_alpha"": 1.0}",5000,0.8524933574802804,0.5226415094339624,0.6346633787997158,38.679245283018865,0.9579553249171618,0.5591072032785125
Global-rate EMA,2,50,4,"{""rate"": 0.05, ""regression_window"": 1000, ""ridge_alpha"": 1.0}",5000,0.8599310910984307,0.4924528301886792,0.6166177383190163,38.716981132075475,0.9555491849458243,0.5442914101876988
Global-rate EMA,3,50,4,"{""rate"": 0.05, ""regression_window"": 1000, ""ridge_alpha"": 1.0}",5000,0.8628653729451061,0.569056603773585,0.6760245728053516,34.905660377358494,0.9563798417175562,0.5992759420151147
Global-rate EMA,4,50,4,"{""rate"": 0.05, ""regression_window"": 1000, ""ridge_alpha"": 1.0}",5000,0.8688143106832465,0.5618867924528302,0.6719220197911815,34.35849056603774,0.96324410621537,0.6325063514529353
Global-rate EMA,5,50,4,"{""rate"": 0.05, ""regression_window"": 1000, ""ridge_alpha"": 1.0}",5000,0.8671247882304596,0.49245283018867925,0.6151895682639152,37.905660377358494,0.9542503206725634,0.5939104196851167
Global-rate EMA,6,50,4,"{""rate"": 0.05, ""regression_window"": 1000, ""ridge_alpha"": 1.0}",5000,0.8599269509536573,0.461132075471698,0.590831997061537,40.301886792452834,0.9546635013829176,0.5436773003057015
Global-rate EMA,7,50,4,"{""rate"": 0.05, ""regression_window"": 1000, ""ridge_alpha"": 1.0}",5000,0.8725495549675978,0.49584905660377376,0.617544043281748,38.698113207547166,0.9591118887093683,0.563044709046904
Global-rate EMA,8,50,4,"{""rate"": 0.05, ""regression_window"": 1000, ""ridge_alpha"": 1.0}",5000,0.8624895701283638,0.5403773584905661,0.6556872049824014,35.45283018867924,0.9515864293342826,0.5987825302336749
Global-rate EMA,9,50,4,"{""rate"": 0.05, ""regression_window"": 1000, ""ridge_alpha"": 1.0}",5000,0.8598423559499965,0.5135849056603773,0.6306940296752104,38.41509433962264,0.9541368338034341,0.5722255970005622
Global-rate EMA,10,50,4,"{""rate"": 0.05, ""regression_window"": 1000, ""ridge_alpha"": 1.0}",5000,0.8658516494996572,0.519245283018868,0.6304879599804378,37.905660377358494,0.9578826555668136,0.5709996102441358
Global-rate EMA,11,50,4,"{""rate"": 0.05, ""regression_window"": 1000, ""ridge_alpha"": 1.0}",5000,0.8568761175681796,0.4728301886792452,0.597028189871125,40.9811320754717,0.9526431357084828,0.524391198382222
Global-rate EMA,12,50,4,"{""rate"": 0.05, ""regression_window"": 1000, ""ridge_alpha"": 1.0}",5000,0.8612057381199945,0.46377358490566023,0.5886812863247304,39.81132075471698,0.9525455606977572,0.5566073822756322
Global-rate EMA,13,50,4,"{""rate"": 0.05, ""regression_window"": 1000, ""ridge_alpha"": 1.0}",5000,0.868133454749872,0.5203773584905661,0.6397263621216212,37.20754716981132,0.9577431055855263,0.5979923149159845
Global-rate EMA,14,50,4,"{""rate"": 0.05, ""regression_window"": 1000, ""ridge_alpha"": 1.0}",5000,0.8614676433957827,0.5037735849056604,0.6239978103956402,37.132075471698116,0.9595688320508257,0.5859265267273233
Global-rate EMA,15,50,4,"{""rate"": 0.05, ""regression_window"": 1000, ""ridge_alpha"": 1.0}",5000,0.8643430812968552,0.5026415094339622,0.6260522152747235,38.113207547169814,0.9522520929977819,0.562987091815233
Global-rate EMA,16,50,4,"{""rate"": 0.05, ""regression_window"": 1000, ""ridge_alpha"": 1.0}",5000,0.8592234523734765,0.4992452830188679,0.6213553479655699,37.283018867924525,0.9567414577685279,0.592707436776863
Global-rate EMA,17,50,4,"{""rate"": 0.05, ""regression_window"": 1000, ""ridge_alpha"": 1.0}",5000,0.8693957734079827,0.519622641509434,0.6349870433884112,36.58490566037736,0.960073224343,0.6101052106591556
Global-rate EMA,18,50,4,"{""rate"": 0.05, ""regression_window"": 1000, ""ridge_alpha"": 1.0}",5000,0.8561868689734339,0.520377358490566,0.6376755988500855,37.9622641509434,0.9549069481793868,0.569677687067547
Global-rate EMA,19,50,4,"{""rate"": 0.05, ""regression_window"": 1000, ""ridge_alpha"": 1.0}",5000,0.8532781361040392,0.49018867924528303,0.6135997436221713,40.0,0.9512314231727689,0.5105917876552376
Global-rate EMA,0,50,4,"{""rate"": 0.25, ""regression_window"": 1000, ""ridge_alpha"": 1.0}",5000,0.8660707032932597,0.530566037735849,0.6327965292454499,97.15094339622641,0.9568854352767204,0.20747050261852906
Global-rate EMA,1,50,4,"{""rate"": 0.25, ""regression_window"": 1000, ""ridge_alpha"": 1.0}",5000,0.8628498670468857,0.5449056603773585,0.6405180674160201,101.58490566037736,0.9596358072495915,0.1947166362122191
Global-rate EMA,2,50,4,"{""rate"": 0.25, ""regression_window"": 1000, ""ridge_alpha"": 1.0}",5000,0.8696686572279835,0.520377358490566,0.6275966017608935,100.15094339622641,0.9572181084608995,0.19081069553507005
Global-rate EMA,3,50,4,"{""rate"": 0.25, ""regression_window"": 1000, ""ridge_alpha"": 1.0}",5000,0.8695499401758487,0.5909433962264151,0.6781515100622291,98.79245283018868,0.960482118830499,0.21240717042361743
Global-rate EMA,4,50,4,"{""rate"": 0.25, ""regression_window"": 1000, ""ridge_alpha"": 1.0}",5000,0.8742046001888882,0.5833962264150945,0.6740197247782329,98.79245283018868,0.9644365382333342,0.21860445589281846
Global-rate EMA,5,50,4,"{""rate"": 0.25, ""regression_window"": 1000, ""ridge_alpha"": 1.0}",5000,0.8750133692268218,0.5237735849056604,0.6258617028834552,101.58490566037736,0.9588328606767624,0.19874257037268309
Global-rate EMA,6,50,4,"{""rate"": 0.25, ""regression_window"": 1000, ""ridge_alpha"": 1.0}",5000,0.8669277876454007,0.48113207547169806,0.5956730457501371,102.56603773584905,0.9572394519447563,0.1876243428954666
Global-rate EMA,7,50,4,"{""rate"": 0.25, ""regression_window"": 1000, ""ridge_alpha"": 1.0}",5000,0.8751333704006902,0.5113207547169811,0.6129176993794109,106.22641509433963,0.9598266056905003,0.1879212314082128
Global-rate EMA,8,50,4,"{""rate"": 0.25, ""regression_window"": 1000, ""ridge_alpha"": 1.0}",5000,0.8734863011292419,0.5566037735849058,0.6570093742790493,98.52830188679245,0.9546746487024308,0.20200252746613034
Global-rate EMA,9,50,4,"{""rate"": 0.25, ""regression_window"": 1000, ""ridge_alpha"": 1.0}",5000,0.8796705836509544,0.5324528301886792,0.63501154303616,103.16981132075472,0.9573919412876195,0.19547975641466903
Global-rate EMA,10,50,4,"{""rate"": 0.25, ""regression_window"": 1000, ""ridge_alpha"": 1.0}",5000,0.883816050260861,0.5418867924528301,0.635920941454793,101.58490566037736,0.9600713884857281,0.1987401588894458
Global-rate EMA,11,50,4,"{""rate"": 0.25, ""regression_window"": 1000, ""ridge_alpha"": 1.0}",5000,0.8655966463690403,0.5067924528301887,0.6120510546043739,103.22641509433963,0.9549800688263914,0.18383737873921915
Global-rate EMA,12,50,4,"{""rate"": 0.25, ""regression_window"": 1000, ""ridge_alpha"": 1.0}",5000,0.870693317412466,0.4943396226415094,0.6017159920902749,103.18867924528301,0.9569306562240417,0.1861827275066411
Global-rate EMA,13,50,4,"{""rate"": 0.25, ""regression_window"": 1000, ""ridge_alpha"": 1.0}",5000,0.872020697912537,0.5339622641509434,0.6364787860201799,100.16981132075472,0.9610067822292814,0.2027165397326981
Global-rate EMA,14,50,4,"{""rate"": 0.25, ""regression_window"": 1000, ""ridge_alpha"": 1.0}",5000,0.8653912291641365,0.5207547169811321,0.6236093594022619,98.28301886792453,0.9609741070369052,0.20345472513480964
Global-rate EMA,15,50,4,"{""rate"": 0.25, ""regression_window"": 1000, ""ridge_alpha"": 1.0}",5000,0.8697289332768994,0.5260377358490566,0.6317015435003891,100.45283018867924,0.9561819006672692,0.19279554214869982
Global-rate EMA,16,50,4,"{""rate"": 0.25, ""regression_window"": 1000, ""ridge_alpha"": 1.0}",5000,0.866141663157912,0.519245283018868,0.6253006309445545,100.32075471698113,0.9602153185274438,0.19593554544030967
Global-rate EMA,17,50,4,"{""rate"": 0.25, ""regression_window"": 1000, ""ridge_alpha"": 1.0}",5000,0.876192878719849,0.5509433962264151,0.6464387675497733,98.0377358490566,0.9607735020218894,0.20705518891101327
Global-rate EMA,18,50,4,"{""rate"": 0.25, ""regression_window"": 1000, ""ridge_alpha"": 1.0}",5000,0.8715895438977871,0.5490566037735849,0.6472581196253706,101.94339622641509,0.9581886025686667,0.1977066273925875
Global-rate EMA,19,50,4,"{""rate"": 0.25, ""regression_window"": 1000, ""ridge_alpha"": 1.0}",5000,0.8612306392339648,0.5139622641509435,0.6240612703698928,103.11320754716981,0.953295069511004,0.17817698981179006
