seed,n_variables,max_lag,window_multiplier,ridge_alpha,persistence_decay,deviation_scale,regression_window,detection_window,threshold,null_far,precision,recall,f1,shd,adaptation_delay,stable_edge_recall,stable_edge_preservation,per_edge_delay,per_edge_delay_censor_rate,auroc,auprc,change_detection_rate,false_alarm_rate
0,4,1,2.5,0.1,0.9,0.05,200,100,0.2804114222526551,0.0498958333333333,0.90125786163522,0.5235849056603774,0.6240790655884995,2.30188679245283,440.0,0.5866666666666667,0.5866666666666667,258.3333333333333,0.1666666666666666,0.9113007297970808,0.7594898941971057,1.0,0.006
1,4,1,2.5,0.1,0.9,0.05,200,100,0.2804114222526551,0.0498958333333333,0.9324348607367476,0.6367924528301887,0.7349533066514197,1.660377358490566,500.0,0.7377777777777778,0.7377777777777778,285.0,0.3333333333333333,0.932059896760413,0.8795852770698362,1.0,0.008
2,4,1,2.5,0.1,0.9,0.05,200,100,0.2804114222526551,0.0498958333333333,0.7923629829290206,0.5566037735849056,0.6244137413948735,2.5660377358490565,493.3333333333333,0.4666666666666666,0.4666666666666666,340.0,0.3333333333333333,0.8656105375578498,0.656416349459294,1.0,0.0042857142857142
3,4,1,2.5,0.1,0.9,0.05,200,100,0.2804114222526551,0.0498958333333333,0.888544474393531,0.3396226415094339,0.4688543113071413,2.849056603773585,500.0,0.4288888888888889,0.4288888888888889,196.66666666666663,0.3333333333333333,0.9001090245639017,0.8104708178443034,0.6666666666666666,0.0042857142857142
4,4,1,2.5,0.1,0.9,0.05,200,100,0.2804114222526551,0.0498958333333333,0.7792452830188679,0.4339622641509434,0.5243117469532563,2.849056603773585,500.0,0.4599999999999999,0.4599999999999999,296.6666666666667,0.3333333333333333,0.8470429868280527,0.6498672228571024,1.0,0.0054285714285714
5,4,1,2.5,0.1,0.9,0.05,200,100,0.2804114222526551,0.0498958333333333,0.921698113207547,0.6084905660377359,0.7108715184186879,1.8679245283018868,426.6666666666667,0.6822222222222223,0.6822222222222223,210.0,0.1666666666666666,0.9353417586329654,0.8481596762467976,0.6666666666666666,0.0051428571428571
6,4,1,2.5,0.1,0.9,0.05,200,100,0.2804114222526551,0.0498958333333333,0.830817610062893,0.5188679245283019,0.6148846960167715,2.39622641509434,500.0,0.7666666666666666,0.7666666666666666,321.6666666666667,0.5,0.8891398184407262,0.7375281309559613,0.6666666666666666,0.0085714285714285
7,4,1,2.5,0.1,0.9,0.05,200,100,0.2804114222526551,0.0498958333333333,0.8550314465408805,0.5235849056603774,0.6220874513327342,2.169811320754717,500.0,0.5355555555555556,0.5355555555555556,306.6666666666667,0.5,0.9140152189391244,0.8153758838340688,1.0,0.0045714285714285
8,4,1,2.5,0.1,0.9,0.05,200,100,0.2804114222526551,0.0498958333333333,0.8414195867026055,0.4764150943396226,0.58279833374173,2.2641509433962264,500.0,0.4622222222222222,0.4622222222222222,211.66666666666663,0.3333333333333333,0.9240944286222856,0.8264385900895294,0.6666666666666666,0.0017142857142857
9,4,1,2.5,0.1,0.9,0.05,200,100,0.2804114222526551,0.0498958333333333,0.8122641509433962,0.4764150943396226,0.5607609371760316,2.811320754716981,500.0,0.5755555555555555,0.5755555555555555,390.0,0.5,0.8524385902456391,0.6373296345382594,0.6666666666666666,0.0054285714285714
10,4,1,2.5,0.1,0.9,0.05,200,100,0.2804114222526551,0.0498958333333333,0.8443396226415094,0.4952830188679245,0.5898921832884098,2.471698113207548,500.0,0.4888888888888889,0.4888888888888889,360.0,0.5,0.913503470986116,0.7437636333979954,0.3333333333333333,0.002
11,4,1,2.5,0.1,0.9,0.05,200,100,0.2804114222526551,0.0498958333333333,0.8938679245283019,0.4716981132075472,0.592715460639989,2.490566037735849,500.0,0.5777777777777778,0.5777777777777778,295.0,0.5,0.8810408508365967,0.7302677209119379,0.3333333333333333,0.0042857142857142
12,4,1,2.5,0.1,0.9,0.05,200,100,0.2804114222526551,0.0498958333333333,0.9350104821802936,0.5471698113207547,0.6690579860391178,2.0754716981132075,500.0,0.7022222222222222,0.7022222222222222,258.3333333333333,0.3333333333333333,0.9060720007119972,0.7829177824912669,1.0,0.0022857142857142
13,4,1,2.5,0.1,0.9,0.05,200,100,0.2804114222526551,0.0498958333333333,0.8929919137466306,0.4669811320754717,0.5785156143646709,2.490566037735849,500.0,0.5177777777777778,0.5177777777777778,291.6666666666667,0.5,0.8984069063723745,0.7448309261632691,1.0,0.006
14,4,1,2.5,0.1,0.9,0.05,200,100,0.2804114222526551,0.0498958333333333,0.8509433962264151,0.5,0.6008984725965858,2.4150943396226414,500.0,0.5777777777777778,0.5777777777777778,281.6666666666667,0.3333333333333333,0.9052042541829832,0.7522352191264495,1.0,0.0025714285714285
15,4,1,2.5,0.1,0.9,0.05,200,100,0.2804114222526551,0.0498958333333333,0.88544474393531,0.4811320754716981,0.5770031854937515,2.358490566037736,500.0,0.4644444444444445,0.4644444444444445,250.0,0.5,0.9077741189035244,0.7926716876819402,0.6666666666666666,0.0051428571428571
16,4,1,2.5,0.1,0.9,0.05,200,100,0.2804114222526551,0.0498958333333333,0.8754716981132076,0.490566037735849,0.5971997604073076,2.490566037735849,500.0,0.4599999999999999,0.4599999999999999,268.3333333333333,0.1666666666666666,0.9097766108935564,0.7838158830387562,0.6666666666666666,0.0028571428571428
17,4,1,2.5,0.1,0.9,0.05,200,100,0.2804114222526551,0.0498958333333333,0.7207547169811321,0.4292452830188679,0.514031147050015,2.6226415094339623,386.6666666666667,0.5866666666666667,0.5866666666666667,200.0,0.3333333333333333,0.888683695265219,0.7462411918207844,1.0,0.0037142857142857
18,4,1,2.5,0.1,0.9,0.05,200,100,0.2804114222526551,0.0498958333333333,0.825247079964061,0.5566037735849056,0.6285918484031691,2.3773584905660377,500.0,0.6777777777777777,0.6777777777777777,293.3333333333333,0.5,0.8681025275898896,0.6769236369411389,0.6666666666666666,0.0042857142857142
19,4,1,2.5,0.1,0.9,0.05,200,100,0.2804114222526551,0.0498958333333333,0.8757861635220126,0.4292452830188679,0.5420934411500448,2.509433962264151,500.0,0.4955555555555556,0.4955555555555556,345.0,0.5,0.9281995372018512,0.8353548596024067,0.3333333333333333,0.0025714285714285
0,4,1,2.5,0.1,0.97,0.1,200,100,0.2804114222526551,0.0498958333333333,0.8745283018867924,0.5424528301886793,0.631132075471698,2.358490566037736,440.0,0.6044444444444445,0.6044444444444445,273.3333333333333,0.1666666666666666,0.8953586685653258,0.7160076889989987,1.0,0.006
1,4,1,2.5,0.1,0.97,0.1,200,100,0.2804114222526551,0.0498958333333333,0.9189128481581312,0.6320754716981132,0.7301764273462386,1.7169811320754718,500.0,0.7244444444444444,0.7244444444444444,303.3333333333333,0.5,0.9220919366322534,0.8503930457122569,1.0,0.008
2,4,1,2.5,0.1,0.97,0.1,200,100,0.2804114222526551,0.0498958333333333,0.7703504043126684,0.5424528301886793,0.6111163469654036,2.6226415094339623,500.0,0.4577777777777778,0.4577777777777778,358.3333333333333,0.3333333333333333,0.8661445354218583,0.6536374538857191,1.0,0.0042857142857142
3,4,1,2.5,0.1,0.97,0.1,200,100,0.2804114222526551,0.0498958333333333,0.8272237196765498,0.3254716981132075,0.4498516158893515,2.943396226415094,500.0,0.4088888888888889,0.4088888888888889,215.0,0.3333333333333333,0.9023340156639372,0.8037970845021706,0.6666666666666666,0.0042857142857142
4,4,1,2.5,0.1,0.97,0.1,200,100,0.2804114222526551,0.0498958333333333,0.7553459119496855,0.4009433962264151,0.4880434031377427,3.0943396226415096,500.0,0.4422222222222222,0.4422222222222222,348.3333333333333,0.5,0.8475881096475614,0.6336927507844625,1.0,0.0054285714285714
5,4,1,2.5,0.1,0.97,0.1,200,100,0.2804114222526551,0.0498958333333333,0.9185534591194968,0.6037735849056604,0.7105121293800535,1.8867924528301887,500.0,0.7466666666666666,0.7466666666666666,276.6666666666667,0.3333333333333333,0.9371773762904948,0.8487842177031487,0.6666666666666666,0.0051428571428571
6,4,1,2.5,0.1,0.97,0.1,200,100,0.2804114222526551,0.0498958333333333,0.8261006289308176,0.5141509433962265,0.6040581012279126,2.452830188679245,500.0,0.7844444444444445,0.7844444444444445,286.6666666666667,0.5,0.8797837308650766,0.7061626066364268,0.6666666666666666,0.0085714285714285
7,4,1,2.5,0.1,0.97,0.1,200,100,0.2804114222526551,0.0498958333333333,0.8817610062893082,0.5613207547169812,0.6735250074872714,2.037735849056604,500.0,0.6644444444444445,0.6644444444444445,311.6666666666667,0.5,0.9170745817016732,0.8186861834983251,1.0,0.0045714285714285
8,4,1,2.5,0.1,0.97,0.1,200,100,0.2804114222526551,0.0498958333333333,0.7832434860736747,0.4528301886792453,0.537290696724659,2.452830188679245,500.0,0.4822222222222221,0.4822222222222221,271.6666666666667,0.5,0.913369971520114,0.7984090801230522,0.6666666666666666,0.0017142857142857
9,4,1,2.5,0.1,0.97,0.1,200,100,0.2804114222526551,0.0498958333333333,0.8144654088050315,0.490566037735849,0.5661966963853756,2.7735849056603774,500.0,0.5844444444444444,0.5844444444444444,385.0,0.5,0.8614386792452831,0.6355095044256625,0.6666666666666666,0.0054285714285714
10,4,1,2.5,0.1,0.97,0.1,200,100,0.2804114222526551,0.0498958333333333,0.8537735849056604,0.5047169811320755,0.5988769092542678,2.4150943396226414,500.0,0.4866666666666666,0.4866666666666666,365.0,0.5,0.9129249733001068,0.7458579127013439,0.3333333333333333,0.002
11,4,1,2.5,0.1,0.97,0.1,200,100,0.2804114222526551,0.0498958333333333,0.8694968553459118,0.4952830188679245,0.6042159098762873,2.5849056603773586,500.0,0.6177777777777779,0.6177777777777779,305.0,0.5,0.8630740477038091,0.6848849889568128,0.3333333333333333,0.0042857142857142
12,4,1,2.5,0.1,0.97,0.1,200,100,0.2804114222526551,0.0498958333333333,0.8958071278825995,0.5141509433962265,0.628741907987191,2.39622641509434,500.0,0.68,0.68,260.0,0.3333333333333333,0.8938679245283019,0.7206299204553166,1.0,0.0022857142857142
13,4,1,2.5,0.1,0.97,0.1,200,100,0.2804114222526551,0.0498958333333333,0.8898472596585805,0.4575471698113207,0.5747420294590105,2.547169811320755,500.0,0.48,0.48,303.3333333333333,0.5,0.8997307760768957,0.7442710096070012,1.0,0.006
14,4,1,2.5,0.1,0.97,0.1,200,100,0.2804114222526551,0.0498958333333333,0.8509433962264151,0.4764150943396226,0.5823899371069182,2.509433962264151,500.0,0.5133333333333333,0.5133333333333333,295.0,0.5,0.9061498754004984,0.7484381709711195,1.0,0.0025714285714285
15,4,1,2.5,0.1,0.97,0.1,200,100,0.2804114222526551,0.0498958333333333,0.9184636118598384,0.4952830188679245,0.5965449644694928,2.320754716981132,500.0,0.4622222222222222,0.4622222222222222,250.0,0.5,0.9066059985760055,0.7915016002361381,0.6666666666666666,0.0051428571428571
16,4,1,2.5,0.1,0.97,0.1,200,100,0.2804114222526551,0.0498958333333333,0.8691823899371068,0.4858490566037736,0.5884845762204254,2.547169811320755,500.0,0.4644444444444444,0.4644444444444444,313.3333333333333,0.3333333333333333,0.9077852438590246,0.7798158339864764,0.6666666666666666,0.0028571428571428
17,4,1,2.5,0.1,0.97,0.1,200,100,0.2804114222526551,0.0498958333333333,0.726639712488769,0.4150943396226415,0.5017561055296904,2.7735849056603774,436.6666666666667,0.5288888888888889,0.5288888888888889,200.0,0.3333333333333333,0.8793721075115699,0.701823887985854,1.0,0.0037142857142857
18,4,1,2.5,0.1,0.97,0.1,200,100,0.2804114222526551,0.0498958333333333,0.8063791554357591,0.5424528301886793,0.6095442293555501,2.4339622641509435,500.0,0.6933333333333334,0.6933333333333334,293.3333333333333,0.5,0.8656439124243503,0.6726234994176328,0.6666666666666666,0.0042857142857142
19,4,1,2.5,0.1,0.97,0.1,200,100,0.2804114222526551,0.0498958333333333,0.8427672955974842,0.4009433962264151,0.5103324348607367,2.60377358490566,500.0,0.5577777777777778,0.5577777777777778,315.0,0.5,0.9077741189035244,0.8132805539861655,0.3333333333333333,0.0025714285714285
0,4,1,2.5,1.0,0.9,0.1,200,100,0.2776594161987305,0.0498958333333333,0.9135220125786164,0.5518867924528302,0.6506738544474393,2.0943396226415096,440.0,0.6155555555555555,0.6155555555555555,268.3333333333333,0.1666666666666666,0.9152945888216448,0.7822661498679607,1.0,0.006
1,4,1,2.5,1.0,0.9,0.1,200,100,0.2776594161987305,0.0498958333333333,0.9339622641509434,0.6273584905660378,0.7328840970350401,1.660377358490566,500.0,0.7244444444444444,0.7244444444444444,291.6666666666667,0.3333333333333333,0.9296680313278748,0.875201994042458,1.0,0.0082857142857142
2,4,1,2.5,1.0,0.9,0.1,200,100,0.2776594161987305,0.0498958333333333,0.8187780772686433,0.5613207547169812,0.647638106128672,2.3773584905660377,486.6666666666667,0.5044444444444444,0.5044444444444444,308.3333333333333,0.3333333333333333,0.8841780882876469,0.7011519000666268,1.0,0.0045714285714285
3,4,1,2.5,1.0,0.9,0.1,200,100,0.2776594161987305,0.0498958333333333,0.8301886792452831,0.3254716981132075,0.4516621743036835,2.830188679245283,500.0,0.4133333333333333,0.4133333333333333,218.3333333333333,0.3333333333333333,0.9102327340690636,0.8269759701891707,0.6666666666666666,0.0042857142857142
4,4,1,2.5,1.0,0.9,0.1,200,100,0.2776594161987305,0.0498958333333333,0.7871069182389937,0.4009433962264151,0.4987121892782269,3.018867924528302,500.0,0.4377777777777777,0.4377777777777777,343.3333333333333,0.3333333333333333,0.8562433250266999,0.6605762220950868,1.0,0.0054285714285714
5,4,1,2.5,1.0,0.9,0.1,200,100,0.2776594161987305,0.0498958333333333,0.9223944294699012,0.6132075471698113,0.7221065098423586,1.8113207547169807,500.0,0.7466666666666666,0.7466666666666666,276.6666666666667,0.3333333333333333,0.9400364898540404,0.8636651424970898,0.6666666666666666,0.0051428571428571
6,4,1,2.5,1.0,0.9,0.1,200,100,0.2776594161987305,0.0498958333333333,0.8545822102425876,0.5330188679245284,0.6242601214299328,2.2830188679245285,500.0,0.7799999999999999,0.7799999999999999,286.6666666666667,0.5,0.898874154503382,0.7678866805980605,0.6666666666666666,0.0082857142857142
7,4,1,2.5,1.0,0.9,0.1,200,100,0.2776594161987305,0.0498958333333333,0.8911949685534591,0.5518867924528302,0.6685834082060494,2.018867924528302,500.0,0.6377777777777777,0.6377777777777777,310.0,0.5,0.919622196511214,0.8277348113365698,1.0,0.0045714285714285
8,4,1,2.5,1.0,0.9,0.1,200,100,0.2776594161987305,0.0498958333333333,0.8351302785265049,0.4481132075471698,0.5493751531487381,2.39622641509434,500.0,0.4711111111111111,0.4711111111111111,230.0,0.3333333333333333,0.9202896938412246,0.8204904083564991,0.6666666666666666,0.0017142857142857
9,4,1,2.5,1.0,0.9,0.1,200,100,0.2776594161987305,0.0498958333333333,0.8199685534591195,0.4575471698113207,0.5519317160826595,2.679245283018868,500.0,0.5488888888888889,0.5488888888888889,385.0,0.5,0.8743436276254895,0.685794345609045,0.6666666666666666,0.0054285714285714
10,4,1,2.5,1.0,0.9,0.1,200,100,0.2776594161987305,0.0498958333333333,0.8562893081761005,0.490566037735849,0.5930068882899072,2.4339622641509435,500.0,0.4777777777777778,0.4777777777777778,361.6666666666667,0.5,0.917742079031684,0.763244342563421,0.3333333333333333,0.002
11,4,1,2.5,1.0,0.9,0.1,200,100,0.2776594161987305,0.0498958333333333,0.910377358490566,0.4811320754716981,0.6098831985624438,2.3773584905660377,500.0,0.6244444444444445,0.6244444444444445,300.0,0.5,0.8924550551797793,0.7547904261249183,0.3333333333333333,0.0042857142857142
12,4,1,2.5,1.0,0.9,0.1,200,100,0.2776594161987305,0.0498958333333333,0.9032494758909853,0.5094339622641509,0.6323853295551408,2.30188679245283,500.0,0.6888888888888888,0.6888888888888888,256.6666666666667,0.3333333333333333,0.9066059985760055,0.769856740533249,1.0,0.002
13,4,1,2.5,1.0,0.9,0.1,200,100,0.2776594161987305,0.0498958333333333,0.8785265049415992,0.419811320754717,0.5399112417980342,2.679245283018868,500.0,0.4555555555555555,0.4555555555555555,300.0,0.5,0.8971497864008544,0.7566008076095998,1.0,0.006
14,4,1,2.5,1.0,0.9,0.1,200,100,0.2776594161987305,0.0498958333333333,0.8575471698113208,0.4764150943396226,0.5870769691524408,2.39622641509434,500.0,0.5133333333333333,0.5133333333333333,293.3333333333333,0.5,0.9157062121751512,0.7969174469038421,1.0,0.0025714285714285
15,4,1,2.5,1.0,0.9,0.1,200,100,0.2776594161987305,0.0498958333333333,0.905323450134771,0.4669811320754717,0.5719308992893899,2.39622641509434,500.0,0.4622222222222222,0.4622222222222222,250.0,0.5,0.9120127269490922,0.807617512376976,0.6666666666666666,0.0051428571428571
16,4,1,2.5,1.0,0.9,0.1,200,100,0.2776594161987305,0.0498958333333333,0.8896226415094339,0.4764150943396226,0.5893830488170112,2.452830188679245,500.0,0.4644444444444444,0.4644444444444444,290.0,0.3333333333333333,0.9092092381630472,0.7899863809610745,0.6666666666666666,0.0028571428571428
17,4,1,2.5,1.0,0.9,0.1,200,100,0.2776594161987305,0.0498958333333333,0.7995283018867925,0.4339622641509434,0.532973944294699,2.490566037735849,413.3333333333333,0.5533333333333333,0.5533333333333333,203.3333333333333,0.3333333333333333,0.9120683517265932,0.8069131606231805,1.0,0.0037142857142857
18,4,1,2.5,1.0,0.9,0.1,200,100,0.2776594161987305,0.0498958333333333,0.7909254267744833,0.5235849056603774,0.5933091017996678,2.452830188679245,500.0,0.68,0.68,291.6666666666667,0.5,0.8709171413314347,0.6870150950836145,0.6666666666666666,0.0042857142857142
19,4,1,2.5,1.0,0.9,0.1,200,100,0.2776594161987305,0.0498958333333333,0.8509433962264151,0.410377358490566,0.524168912848158,2.547169811320755,500.0,0.5488888888888889,0.5488888888888889,330.0,0.5,0.9292007831968672,0.8450972994507617,0.3333333333333333,0.0025714285714285
0,4,1,2.5,1.0,0.97,0.05,200,100,0.2776594161987305,0.0498958333333333,0.8984276729559748,0.5235849056603774,0.6246780473195566,2.2830188679245285,440.0,0.5577777777777778,0.5577777777777778,256.6666666666667,0.1666666666666666,0.9073624955500178,0.7547049373608282,1.0,0.006
1,4,1,2.5,1.0,0.97,0.05,200,100,0.2776594161987305,0.0498958333333333,0.8899371069182391,0.6273584905660378,0.7213836477987419,1.679245283018868,500.0,0.7355555555555555,0.7355555555555555,288.3333333333333,0.3333333333333333,0.9274541651833392,0.870968029449207,1.0,0.0082857142857142
2,4,1,2.5,1.0,0.97,0.05,200,100,0.2776594161987305,0.0498958333333333,0.8219227313566935,0.5660377358490566,0.6478178006479891,2.339622641509434,486.6666666666667,0.4933333333333333,0.4933333333333333,290.0,0.3333333333333333,0.8849012103951585,0.7041779406820841,1.0,0.0045714285714285
3,4,1,2.5,1.0,0.97,0.05,200,100,0.2776594161987305,0.0498958333333333,0.8726415094339622,0.320754716981132,0.448023360287511,2.849056603773585,500.0,0.4266666666666667,0.4266666666666667,198.3333333333333,0.3333333333333333,0.9063612495550016,0.8243593185952917,0.6666666666666666,0.0042857142857142
4,4,1,2.5,1.0,0.97,0.05,200,100,0.2776594161987305,0.0498958333333333,0.7726415094339624,0.3962264150943396,0.4885893980233602,3.037735849056604,500.0,0.4577777777777778,0.4577777777777778,306.6666666666667,0.3333333333333333,0.846063990744037,0.6455157999012395,1.0,0.0054285714285714
5,4,1,2.5,1.0,0.97,0.05,200,100,0.2776594161987305,0.0498958333333333,0.9255390835579516,0.6084905660377359,0.7156375071469407,1.830188679245283,426.6666666666667,0.6666666666666666,0.6666666666666666,210.0,0.1666666666666666,0.9394468672125312,0.8653598448795934,0.6666666666666666,0.0051428571428571
6,4,1,2.5,1.0,0.97,0.05,200,100,0.2776594161987305,0.0498958333333333,0.8451482479784367,0.4952830188679245,0.6000912085817746,2.452830188679245,500.0,0.7644444444444444,0.7644444444444444,295.0,0.5,0.8951027945888217,0.7610744393681903,0.6666666666666666,0.0082857142857142
7,4,1,2.5,1.0,0.97,0.05,200,100,0.2776594161987305,0.0498958333333333,0.8754716981132076,0.5283018867924528,0.6360587002096436,2.113207547169812,500.0,0.6022222222222222,0.6022222222222222,308.3333333333333,0.5,0.9180980776076896,0.825070090413105,1.0,0.0045714285714285
8,4,1,2.5,1.0,0.97,0.05,200,100,0.2776594161987305,0.0498958333333333,0.8351302785265049,0.4386792452830189,0.5421873723760516,2.4339622641509435,500.0,0.4488888888888889,0.4488888888888889,225.0,0.3333333333333333,0.9176530793876824,0.8142092814761075,0.6666666666666666,0.0017142857142857
9,4,1,2.5,1.0,0.97,0.05,200,100,0.2776594161987305,0.0498958333333333,0.8341194968553458,0.4716981132075472,0.5660826594788859,2.641509433962264,500.0,0.5777777777777778,0.5777777777777778,390.0,0.5,0.8687477750089,0.6825159154069589,0.6666666666666666,0.0054285714285714
10,4,1,2.5,1.0,0.97,0.05,200,100,0.2776594161987305,0.0498958333333333,0.8562893081761005,0.4858490566037736,0.5879754417490267,2.452830188679245,500.0,0.4777777777777778,0.4777777777777778,360.0,0.5,0.9183873264506942,0.7612069913343381,0.3333333333333333,0.002
11,4,1,2.5,1.0,0.97,0.05,200,100,0.2776594161987305,0.0498958333333333,0.8757861635220126,0.4716981132075472,0.5909254267744833,2.471698113207548,500.0,0.5666666666666667,0.5666666666666667,295.0,0.5,0.8828208437166252,0.7365482706814436,0.3333333333333333,0.0042857142857142
12,4,1,2.5,1.0,0.97,0.05,200,100,0.2776594161987305,0.0498958333333333,0.9001048218029348,0.5235849056603774,0.6379109360241434,2.320754716981132,500.0,0.6822222222222222,0.6822222222222222,260.0,0.3333333333333333,0.8999199003203987,0.7456546801819862,1.0,0.002
13,4,1,2.5,1.0,0.97,0.05,200,100,0.2776594161987305,0.0498958333333333,0.8911051212938005,0.4481132075471698,0.5674045032535598,2.547169811320755,500.0,0.5155555555555555,0.5155555555555555,290.0,0.5,0.8983512815948737,0.7598019281538069,1.0,0.006
14,4,1,2.5,1.0,0.97,0.05,200,100,0.2776594161987305,0.0498958333333333,0.8575471698113208,0.4764150943396226,0.5856394129979036,2.39622641509434,500.0,0.5377777777777778,0.5377777777777778,281.6666666666667,0.3333333333333333,0.9147939658241367,0.8022339527626299,1.0,0.0025714285714285
15,4,1,2.5,1.0,0.97,0.05,200,100,0.2776594161987305,0.0498958333333333,0.8817385444743936,0.4764150943396226,0.5731438372947807,2.3773584905660377,500.0,0.4644444444444444,0.4644444444444444,250.0,0.5,0.9099212353150588,0.8046753019397418,0.6666666666666666,0.0051428571428571
16,4,1,2.5,1.0,0.97,0.05,200,100,0.2776594161987305,0.0498958333333333,0.8864779874213836,0.4764150943396226,0.5908206049715484,2.452830188679245,500.0,0.4377777777777777,0.4377777777777777,275.0,0.1666666666666666,0.9120794766820932,0.792409175170011,0.6666666666666666,0.0028571428571428
17,4,1,2.5,1.0,0.97,0.05,200,100,0.2776594161987305,0.0498958333333333,0.7860062893081761,0.4433962264150943,0.5365828092243186,2.509433962264151,383.3333333333333,0.5777777777777778,0.5777777777777778,200.0,0.3333333333333333,0.9007765218939124,0.7767501724183493,1.0,0.0037142857142857
18,4,1,2.5,1.0,0.97,0.05,200,100,0.2776594161987305,0.0498958333333333,0.8286612758310872,0.5471698113207547,0.624935337199488,2.358490566037736,500.0,0.68,0.68,293.3333333333333,0.5,0.8735760056959773,0.6924426389381332,0.6666666666666666,0.0042857142857142
19,4,1,2.5,1.0,0.97,0.05,200,100,0.2776594161987305,0.0498958333333333,0.8650943396226415,0.4009433962264151,0.513162623539982,2.60377358490566,500.0,0.4911111111111111,0.4911111111111111,330.0,0.5,0.9179534531861872,0.8335133288513484,0.3333333333333333,0.0025714285714285
0,4,1,5.0,0.1,0.9,0.1,200,100,0.2804114222526551,0.0498958333333333,0.8861635220125786,0.5566037735849056,0.6469601677148846,2.2452830188679247,440.0,0.6377777777777777,0.6377777777777777,271.6666666666667,0.1666666666666666,0.9084638661445354,0.7551295460485369,1.0,0.006
1,4,1,5.0,0.1,0.9,0.1,200,100,0.2804114222526551,0.0498958333333333,0.926774483378257,0.6273584905660378,0.7304010454953848,1.69811320754717,500.0,0.7311111111111112,0.7311111111111112,295.0,0.3333333333333333,0.9279770380918476,0.8670036861033538,1.0,0.008
2,4,1,5.0,0.1,0.9,0.1,200,100,0.2804114222526551,0.0498958333333333,0.7892183288409702,0.5566037735849056,0.6287264098584853,2.5660377358490565,500.0,0.4533333333333333,0.4533333333333333,346.6666666666667,0.3333333333333333,0.8650097899608401,0.6524491853384361,1.0,0.0042857142857142
3,4,1,5.0,0.1,0.9,0.1,200,100,0.2804114222526551,0.0498958333333333,0.8460916442048517,0.330188679245283,0.4573987857006724,2.8867924528301887,500.0,0.4155555555555555,0.4155555555555555,218.3333333333333,0.3333333333333333,0.905816126735493,0.810168971929191,0.6666666666666666,0.0042857142857142
4,4,1,5.0,0.1,0.9,0.1,200,100,0.2804114222526551,0.0498958333333333,0.7773584905660378,0.4056603773584906,0.4969382818439421,3.056603773584906,500.0,0.4422222222222222,0.4422222222222222,341.6666666666667,0.3333333333333333,0.8528057137771449,0.647507386673804,1.0,0.0054285714285714
5,4,1,5.0,0.1,0.9,0.1,200,100,0.2804114222526551,0.0498958333333333,0.912264150943396,0.6179245283018868,0.7214734950584004,1.849056603773585,500.0,0.7533333333333333,0.7533333333333333,278.3333333333333,0.3333333333333333,0.9375333748665006,0.8480540354049179,0.6666666666666666,0.0051428571428571
6,4,1,5.0,0.1,0.9,0.1,200,100,0.2804114222526551,0.0498958333333333,0.8544025157232704,0.5377358490566038,0.6268793051811918,2.320754716981132,500.0,0.7844444444444445,0.7844444444444445,286.6666666666667,0.5,0.8848233357066572,0.7223887757919147,0.6666666666666666,0.0085714285714285
7,4,1,5.0,0.1,0.9,0.1,200,100,0.2804114222526551,0.0498958333333333,0.8817610062893082,0.5566037735849056,0.6684935609463909,2.056603773584906,500.0,0.6511111111111111,0.6511111111111111,311.6666666666667,0.5,0.9171079565681736,0.819925019591014,1.0,0.0045714285714285
8,4,1,5.0,0.1,0.9,0.1,200,100,0.2804114222526551,0.0498958333333333,0.8304132973944294,0.4622641509433962,0.5572367883688638,2.358490566037736,500.0,0.4844444444444444,0.4844444444444444,230.0,0.3333333333333333,0.9199114453542184,0.8194147438751858,0.6666666666666666,0.0017142857142857
9,4,1,5.0,0.1,0.9,0.1,200,100,0.2804114222526551,0.0498958333333333,0.8144654088050315,0.4858490566037736,0.5626028059990323,2.792452830188679,500.0,0.5711111111111111,0.5711111111111111,385.0,0.5,0.8600146849412602,0.6393191718903519,0.6666666666666666,0.0054285714285714
10,4,1,5.0,0.1,0.9,0.1,200,100,0.2804114222526551,0.0498958333333333,0.8537735849056604,0.5047169811320755,0.5988769092542678,2.4150943396226414,500.0,0.4888888888888889,0.4888888888888889,365.0,0.5,0.9129027233891064,0.7459559498705829,0.3333333333333333,0.002
11,4,1,5.0,0.1,0.9,0.1,200,100,0.2804114222526551,0.0498958333333333,0.895754716981132,0.4858490566037736,0.6073605639643375,2.4339622641509435,500.0,0.6244444444444445,0.6244444444444445,300.0,0.5,0.8782596119615521,0.722373784387117,0.3333333333333333,0.0042857142857142
12,4,1,5.0,0.1,0.9,0.1,200,100,0.2804114222526551,0.0498958333333333,0.9177148846960168,0.5188679245283019,0.6398576266500794,2.2641509433962264,500.0,0.6911111111111111,0.6911111111111111,256.6666666666667,0.3333333333333333,0.9053043787824848,0.7752563750488514,1.0,0.0022857142857142
13,4,1,5.0,0.1,0.9,0.1,200,100,0.2804114222526551,0.0498958333333333,0.8772686433063791,0.4386792452830189,0.5524599090636826,2.641509433962264,500.0,0.4755555555555555,0.4755555555555555,303.3333333333333,0.5,0.89875177999288,0.7432719227633601,1.0,0.006
14,4,1,5.0,0.1,0.9,0.1,200,100,0.2804114222526551,0.0498958333333333,0.8509433962264151,0.4952830188679245,0.5958670260557053,2.4339622641509435,500.0,0.5333333333333333,0.5333333333333333,295.0,0.5,0.906316749733001,0.7489801121239941,1.0,0.0025714285714285
15,4,1,5.0,0.1,0.9,0.1,200,100,0.2804114222526551,0.0498958333333333,0.9184636118598384,0.4811320754716981,0.5843257371559258,2.3773584905660377,500.0,0.471111111111111,0.471111111111111,250.0,0.5,0.908808739765041,0.7949409105845742,0.6666666666666666,0.0051428571428571
16,4,1,5.0,0.1,0.9,0.1,200,100,0.2804114222526551,0.0498958333333333,0.8786163522012578,0.4811320754716981,0.5880353399221324,2.5283018867924527,500.0,0.4733333333333333,0.4733333333333333,290.0,0.3333333333333333,0.9072623709505162,0.7808796366278354,0.6666666666666666,0.0028571428571428
17,4,1,5.0,0.1,0.9,0.1,200,100,0.2804114222526551,0.0498958333333333,0.7232704402515723,0.410377358490566,0.4997753818508535,2.7169811320754715,443.3333333333333,0.5333333333333333,0.5333333333333333,201.66666666666663,0.3333333333333333,0.8871039515841936,0.7337307691794129,1.0,0.0037142857142857
18,4,1,5.0,0.1,0.9,0.1,200,100,0.2804114222526551,0.0498958333333333,0.8063791554357591,0.5377358490566038,0.6059503389692069,2.452830188679245,500.0,0.6822222222222223,0.6822222222222223,293.3333333333333,0.5,0.8648651655393378,0.6713085658570025,0.6666666666666666,0.0042857142857142
19,4,1,5.0,0.1,0.9,0.1,200,100,0.2804114222526551,0.0498958333333333,0.8427672955974842,0.4150943396226415,0.5254267744833782,2.547169811320755,500.0,0.5555555555555555,0.5555555555555555,330.0,0.5,0.9251846742613028,0.8311380672595488,0.3333333333333333,0.0025714285714285
0,4,1,5.0,0.1,0.97,0.05,200,100,0.2804114222526551,0.0498958333333333,0.8965408805031446,0.5283018867924528,0.6246630727762801,2.358490566037736,436.6666666666667,0.58,0.58,256.6666666666667,0.1666666666666666,0.8985404058383767,0.7221007314347988,1.0,0.006
1,4,1,5.0,0.1,0.97,0.05,200,100,0.2804114222526551,0.0498958333333333,0.9009883198562444,0.6320754716981132,0.7252498026082929,1.7169811320754718,500.0,0.7355555555555555,0.7355555555555555,288.3333333333333,0.3333333333333333,0.9255184229263084,0.8626874955327376,1.0,0.008
2,4,1,5.0,0.1,0.97,0.05,200,100,0.2804114222526551,0.0498958333333333,0.7955076370170711,0.5660377358490566,0.6324999947641458,2.5283018867924527,496.6666666666667,0.4555555555555555,0.4555555555555555,341.6666666666667,0.3333333333333333,0.8666340334638661,0.656764234475641,1.0,0.0042857142857142
3,4,1,5.0,0.1,0.97,0.05,200,100,0.2804114222526551,0.0498958333333333,0.8508086253369272,0.320754716981132,0.4436970786027388,2.962264150943396,500.0,0.4311111111111111,0.4311111111111111,198.3333333333333,0.3333333333333333,0.8998197757208971,0.8045208828664765,0.6666666666666666,0.0042857142857142
4,4,1,5.0,0.1,0.97,0.05,200,100,0.2804114222526551,0.0498958333333333,0.7647798742138364,0.4150943396226415,0.5000829359319925,3.018867924528302,500.0,0.4599999999999999,0.4599999999999999,320.0,0.3333333333333333,0.840746262014952,0.6319955510159213,1.0,0.0054285714285714
5,4,1,5.0,0.1,0.97,0.05,200,100,0.2804114222526551,0.0498958333333333,0.921698113207547,0.6084905660377359,0.7132075471698108,1.8679245283018868,423.3333333333333,0.6777777777777777,0.6777777777777777,208.3333333333333,0.1666666666666666,0.9368436276254896,0.8496686633253906,0.6666666666666666,0.0051428571428571
6,4,1,5.0,0.1,0.97,0.05,200,100,0.2804114222526551,0.0498958333333333,0.8355345911949685,0.5141509433962265,0.611874812818209,2.4339622641509435,500.0,0.7733333333333333,0.7733333333333333,295.0,0.5,0.8827763438946244,0.7189850068651629,0.6666666666666666,0.0085714285714285
7,4,1,5.0,0.1,0.97,0.05,200,100,0.2804114222526551,0.0498958333333333,0.8723270440251573,0.5424528301886793,0.6492662473794548,2.0943396226415096,500.0,0.6088888888888889,0.6088888888888889,308.3333333333333,0.5,0.915494838020648,0.8171811996076052,1.0,0.0045714285714285
8,4,1,5.0,0.1,0.97,0.05,200,100,0.2804114222526551,0.0498958333333333,0.8351302785265049,0.4481132075471698,0.5522502654578126,2.39622641509434,500.0,0.4555555555555555,0.4555555555555555,225.0,0.3333333333333333,0.9162624599501602,0.8102591232148368,0.6666666666666666,0.0017142857142857
9,4,1,5.0,0.1,0.97,0.05,200,100,0.2804114222526551,0.0498958333333333,0.8081761006289309,0.5047169811320755,0.5785956182182597,2.7358490566037736,500.0,0.5933333333333334,0.5933333333333334,390.0,0.5,0.8522160911356355,0.6326454493136489,0.6666666666666666,0.0054285714285714
10,4,1,5.0,0.1,0.97,0.05,200,100,0.2804114222526551,0.0498958333333333,0.8443396226415094,0.4952830188679245,0.5898921832884098,2.471698113207548,500.0,0.4844444444444444,0.4844444444444444,361.6666666666667,0.5,0.9135702207191172,0.7436914579212469,0.3333333333333333,0.002
11,4,1,5.0,0.1,0.97,0.05,200,100,0.2804114222526551,0.0498958333333333,0.8487421383647799,0.4811320754716981,0.5851083926555626,2.6226415094339623,500.0,0.5755555555555555,0.5755555555555555,295.0,0.5,0.8635412958348166,0.6905124552490655,0.3333333333333333,0.0042857142857142
12,4,1,5.0,0.1,0.97,0.05,200,100,0.2804114222526551,0.0498958333333333,0.8958071278825995,0.5283018867924528,0.6409611353007577,2.339622641509434,500.0,0.6866666666666666,0.6866666666666666,258.3333333333333,0.3333333333333333,0.8951139195443218,0.7294465342970482,1.0,0.0022857142857142
13,4,1,5.0,0.1,0.97,0.05,200,100,0.2804114222526551,0.0498958333333333,0.8929919137466306,0.4669811320754717,0.5785156143646709,2.490566037735849,500.0,0.5111111111111111,0.5111111111111111,291.6666666666667,0.5,0.9000978996084016,0.7461331336660796,1.0,0.006
14,4,1,5.0,0.1,0.97,0.05,200,100,0.2804114222526551,0.0498958333333333,0.8509433962264151,0.4952830188679245,0.5973045822102426,2.4339622641509435,500.0,0.5488888888888889,0.5488888888888889,281.6666666666667,0.3333333333333333,0.9052932538269848,0.7519459969402028,1.0,0.0025714285714285
15,4,1,5.0,0.1,0.97,0.05,200,100,0.2804114222526551,0.0498958333333333,0.9184636118598384,0.4952830188679245,0.5951074083149555,2.320754716981132,500.0,0.4688888888888889,0.4688888888888889,250.0,0.5,0.9062611249555002,0.7911914155239403,0.6666666666666666,0.0051428571428571
16,4,1,5.0,0.1,0.97,0.05,200,100,0.2804114222526551,0.0498958333333333,0.8754716981132076,0.490566037735849,0.5971997604073076,2.490566037735849,500.0,0.4488888888888889,0.4488888888888889,271.6666666666667,0.1666666666666666,0.9098211107155572,0.7820779541587219,0.6666666666666666,0.0028571428571428
17,4,1,5.0,0.1,0.97,0.05,200,100,0.2804114222526551,0.0498958333333333,0.7248427672955975,0.4292452830188679,0.5115902964959569,2.7169811320754715,390.0,0.5777777777777778,0.5777777777777778,200.0,0.3333333333333333,0.8797948558205767,0.7083444222208042,1.0,0.0037142857142857
18,4,1,5.0,0.1,0.97,0.05,200,100,0.2804114222526551,0.0498958333333333,0.825247079964061,0.5518867924528302,0.6249979580168259,2.39622641509434,500.0,0.6888888888888888,0.6888888888888888,293.3333333333333,0.5,0.8677687789248844,0.6768463682437483,0.6666666666666666,0.0042857142857142
19,4,1,5.0,0.1,0.97,0.05,200,100,0.2804114222526551,0.0498958333333333,0.8757861635220126,0.410377358490566,0.5219676549865228,2.5849056603773586,500.0,0.5,0.5,330.0,0.5,0.9123576005695976,0.8161292490867655,0.3333333333333333,0.0025714285714285
0,4,1,5.0,1.0,0.9,0.05,200,100,0.2776594161987305,0.0498958333333333,0.8977987421383649,0.5188679245283019,0.6213836477987419,2.207547169811321,440.0,0.5711111111111111,0.5711111111111111,256.6666666666667,0.1666666666666666,0.9154725881096476,0.7820037230760113,1.0,0.006
1,4,1,5.0,1.0,0.9,0.05,200,100,0.2776594161987305,0.0498958333333333,0.9333333333333332,0.6367924528301887,0.7356394129979033,1.6415094339622642,500.0,0.7355555555555555,0.7355555555555555,286.6666666666667,0.3333333333333333,0.9334505161979352,0.886360281774723,1.0,0.0082857142857142
2,4,1,5.0,1.0,0.9,0.05,200,100,0.2776594161987305,0.0498958333333333,0.8187780772686433,0.5566037735849056,0.639731547278717,2.3773584905660377,486.6666666666667,0.5044444444444445,0.5044444444444445,290.0,0.3333333333333333,0.8836440904236383,0.7031758090435143,1.0,0.0045714285714285
3,4,1,5.0,1.0,0.9,0.05,200,100,0.2776594161987305,0.0498958333333333,0.8915094339622641,0.3396226415094339,0.4706648697214733,2.7735849056603774,500.0,0.4244444444444444,0.4244444444444444,196.66666666666663,0.3333333333333333,0.9055491278034888,0.8273011767265088,0.6666666666666666,0.0042857142857142
4,4,1,5.0,1.0,0.9,0.05,200,100,0.2776594161987305,0.0498958333333333,0.7776729559748428,0.4150943396226415,0.5096735549565737,2.9245283018867925,500.0,0.4577777777777778,0.4577777777777778,296.6666666666667,0.3333333333333333,0.851314969740121,0.6635230826883818,1.0,0.0054285714285714
5,4,1,5.0,1.0,0.9,0.05,200,100,0.2776594161987305,0.0498958333333333,0.9255390835579516,0.5990566037735849,0.704676141468594,1.8679245283018868,430.0,0.6733333333333333,0.6733333333333333,210.0,0.1666666666666666,0.9380117479530082,0.8640262246437137,0.6666666666666666,0.0051428571428571
6,4,1,5.0,1.0,0.9,0.05,200,100,0.2776594161987305,0.0498958333333333,0.8451482479784367,0.5,0.6042241825260694,2.4150943396226414,500.0,0.7533333333333333,0.7533333333333333,295.0,0.5,0.9023006407974368,0.7793808840896922,0.6666666666666666,0.0082857142857142
7,4,1,5.0,1.0,0.9,0.05,200,100,0.2776594161987305,0.0498958333333333,0.8581761006289308,0.5094339622641509,0.6131925726265349,2.188679245283019,500.0,0.5155555555555555,0.5155555555555555,306.6666666666667,0.5,0.9166518333926664,0.8240037884962486,1.0,0.0045714285714285
8,4,1,5.0,1.0,0.9,0.05,200,100,0.2776594161987305,0.0498958333333333,0.8414195867026055,0.4716981132075472,0.5792044433553868,2.2830188679245285,500.0,0.4533333333333333,0.4533333333333333,211.66666666666663,0.3333333333333333,0.9233601815592738,0.8272896950546708,0.6666666666666666,0.0017142857142857
9,4,1,5.0,1.0,0.9,0.05,200,100,0.2776594161987305,0.0498958333333333,0.8325471698113207,0.4622641509433962,0.5591194968553459,2.679245283018868,500.0,0.5577777777777778,0.5577777777777778,390.0,0.5,0.8660444108223567,0.6810057294938198,0.6666666666666666,0.0054285714285714
10,4,1,5.0,1.0,0.9,0.05,200,100,0.2776594161987305,0.0498958333333333,0.8468553459119496,0.4858490566037736,0.5867175801138066,2.471698113207548,500.0,0.4777777777777778,0.4777777777777778,360.0,0.5,0.918509700961196,0.7622971362709907,0.3333333333333333,0.002
11,4,1,5.0,1.0,0.9,0.05,200,100,0.2776594161987305,0.0498958333333333,0.910377358490566,0.4716981132075472,0.5983827493261457,2.4150943396226414,500.0,0.5711111111111111,0.5711111111111111,295.0,0.5,0.8957035421858313,0.7608188657328181,0.3333333333333333,0.0042857142857142
12,4,1,5.0,1.0,0.9,0.05,200,100,0.2776594161987305,0.0498958333333333,0.9158280922431866,0.5188679245283019,0.63939341580851,2.2264150943396226,500.0,0.68,0.68,258.3333333333333,0.3333333333333333,0.907874243503026,0.7821003479700162,1.0,0.002
13,4,1,5.0,1.0,0.9,0.05,200,100,0.2776594161987305,0.0498958333333333,0.8722371967654986,0.4481132075471698,0.5634512238285824,2.547169811320755,500.0,0.5199999999999999,0.5199999999999999,286.6666666666667,0.5,0.8970385368458527,0.7590907490781367,1.0,0.006
14,4,1,5.0,1.0,0.9,0.05,200,100,0.2776594161987305,0.0498958333333333,0.8575471698113208,0.4952830188679245,0.602890086852351,2.320754716981132,500.0,0.5733333333333334,0.5733333333333334,281.6666666666667,0.3333333333333333,0.9148384656461376,0.8041922947801678,1.0,0.0025714285714285
15,4,1,5.0,1.0,0.9,0.05,200,100,0.2776594161987305,0.0498958333333333,0.8864555256064691,0.4716981132075472,0.5701339540962183,2.3773584905660377,500.0,0.4644444444444445,0.4644444444444445,250.0,0.5,0.9110337308650766,0.8054210846142755,0.6666666666666666,0.0051428571428571
16,4,1,5.0,1.0,0.9,0.05,200,100,0.2776594161987305,0.0498958333333333,0.8864779874213836,0.4858490566037736,0.5994459418987722,2.4150943396226414,500.0,0.4511111111111111,0.4511111111111111,266.6666666666667,0.1666666666666666,0.911690103239587,0.7930052363268907,0.6666666666666666,0.0028571428571428
17,4,1,5.0,1.0,0.9,0.05,200,100,0.2776594161987305,0.0498958333333333,0.8011006289308176,0.4575471698113207,0.5550314465408805,2.3773584905660377,380.0,0.5888888888888889,0.5888888888888889,200.0,0.3333333333333333,0.9136703453186188,0.8208900695846586,1.0,0.0037142857142857
18,4,1,5.0,1.0,0.9,0.05,200,100,0.2776594161987305,0.0498958333333333,0.8286612758310872,0.5471698113207547,0.6234977810449508,2.358490566037736,500.0,0.6733333333333333,0.6733333333333333,293.3333333333333,0.5,0.8741100035599858,0.6929072066233393,0.6666666666666666,0.0042857142857142
19,4,1,5.0,1.0,0.9,0.05,200,100,0.2776594161987305,0.0498958333333333,0.8745283018867924,0.4245283018867924,0.5395777178796046,2.5283018867924527,500.0,0.4866666666666666,0.4866666666666666,345.0,0.5,0.9308472766108936,0.8476628819221171,0.3333333333333333,0.0025714285714285
0,4,1,5.0,1.0,0.97,0.1,200,100,0.2776594161987305,0.0498958333333333,0.8732704402515723,0.5283018867924528,0.6230607966457022,2.320754716981132,440.0,0.5844444444444444,0.5844444444444444,271.6666666666667,0.1666666666666666,0.90561587753649,0.7498891900858651,1.0,0.006
1,4,1,5.0,1.0,0.97,0.1,200,100,0.2776594161987305,0.0498958333333333,0.9276729559748428,0.6320754716981132,0.7337825696316261,1.660377358490566,500.0,0.7222222222222222,0.7222222222222222,301.6666666666667,0.5,0.9242168031327874,0.8590763193947073,1.0,0.0082857142857142
2,4,1,5.0,1.0,0.97,0.1,200,100,0.2776594161987305,0.0498958333333333,0.815633423180593,0.5566037735849056,0.6431457431457431,2.39622641509434,486.6666666666667,0.5066666666666667,0.5066666666666667,318.3333333333333,0.3333333333333333,0.8850680847276611,0.7010607661607382,1.0,0.0045714285714285
3,4,1,5.0,1.0,0.97,0.1,200,100,0.2776594161987305,0.0498958333333333,0.7830188679245284,0.3066037735849056,0.4252470799640609,2.9245283018867925,500.0,0.3911111111111111,0.3911111111111111,213.3333333333333,0.3333333333333333,0.9086863652545388,0.8240581055080513,0.6666666666666666,0.0042857142857142
4,4,1,5.0,1.0,0.97,0.1,200,100,0.2776594161987305,0.0498958333333333,0.7569182389937107,0.3915094339622642,0.4819407008086253,3.113207547169812,500.0,0.4399999999999999,0.4399999999999999,341.6666666666667,0.5,0.8533842114631541,0.6479536095944685,1.0,0.0054285714285714
5,4,1,5.0,1.0,0.97,0.1,200,100,0.2776594161987305,0.0498958333333333,0.9223944294699012,0.5990566037735849,0.7093481989708402,1.8679245283018868,500.0,0.7377777777777778,0.7377777777777778,276.6666666666667,0.3333333333333333,0.9396359914560342,0.8647474580534699,0.6666666666666666,0.0051428571428571
6,4,1,5.0,1.0,0.97,0.1,200,100,0.2776594161987305,0.0498958333333333,0.8451482479784367,0.5188679245283019,0.6116815050777314,2.3773584905660377,500.0,0.7822222222222223,0.7822222222222223,285.0,0.5,0.8924105553577786,0.7499913738974603,0.6666666666666666,0.0082857142857142
7,4,1,5.0,1.0,0.97,0.1,200,100,0.2776594161987305,0.0498958333333333,0.8849056603773585,0.5518867924528302,0.6682240191674151,2.037735849056604,500.0,0.66,0.66,311.6666666666667,0.5,0.9199114453542184,0.8276545258371336,1.0,0.0045714285714285
8,4,1,5.0,1.0,0.97,0.1,200,100,0.2776594161987305,0.0498958333333333,0.7848158131176999,0.4339622641509434,0.5270930327534101,2.490566037735849,500.0,0.4711111111111111,0.4711111111111111,271.6666666666667,0.5,0.9133922214311144,0.8027450308899303,0.6666666666666666,0.0017142857142857
9,4,1,5.0,1.0,0.97,0.1,200,100,0.2776594161987305,0.0498958333333333,0.8199685534591195,0.4764150943396226,0.5663072776280323,2.60377358490566,500.0,0.5555555555555555,0.5555555555555555,385.0,0.5,0.8788603595585618,0.687882099593314,0.6666666666666666,0.0054285714285714
10,4,1,5.0,1.0,0.97,0.1,200,100,0.2776594161987305,0.0498958333333333,0.8562893081761005,0.490566037735849,0.5930068882899072,2.4339622641509435,500.0,0.4777777777777778,0.4777777777777778,361.6666666666667,0.5,0.9178422036311856,0.7627595675648395,0.3333333333333333,0.002
11,4,1,5.0,1.0,0.97,0.1,200,100,0.2776594161987305,0.0498958333333333,0.8946540880503144,0.4858490566037736,0.6099730458221024,2.4150943396226414,500.0,0.6133333333333333,0.6133333333333333,306.6666666666667,0.5,0.8834772160911356,0.7321014986261406,0.3333333333333333,0.0042857142857142
12,4,1,5.0,1.0,0.97,0.1,200,100,0.2776594161987305,0.0498958333333333,0.8995807127882599,0.5141509433962265,0.6302393623148339,2.3773584905660377,500.0,0.6866666666666666,0.6866666666666666,260.0,0.3333333333333333,0.8983179067283731,0.7390974349233788,1.0,0.002
13,4,1,5.0,1.0,0.97,0.1,200,100,0.2776594161987305,0.0498958333333333,0.8785265049415992,0.4339622641509434,0.5535680252661385,2.6226415094339623,500.0,0.4933333333333333,0.4933333333333333,303.3333333333333,0.5,0.8981732823068708,0.7576890150053149,1.0,0.006
14,4,1,5.0,1.0,0.97,0.1,200,100,0.2776594161987305,0.0498958333333333,0.8575471698113208,0.4669811320754717,0.5807876609763402,2.4339622641509435,500.0,0.5066666666666667,0.5066666666666667,291.6666666666667,0.5,0.9157395870416518,0.7958625731228887,1.0,0.0025714285714285
15,4,1,5.0,1.0,0.97,0.1,200,100,0.2776594161987305,0.0498958333333333,0.9194743935309974,0.4764150943396226,0.5810503961447357,2.3773584905660377,500.0,0.4533333333333333,0.4533333333333333,250.0,0.5,0.909754360982556,0.8041944971615721,0.6666666666666666,0.0051428571428571
16,4,1,5.0,1.0,0.97,0.1,200,100,0.2776594161987305,0.0498958333333333,0.880188679245283,0.4811320754716981,0.5907307577118899,2.471698113207548,500.0,0.4555555555555555,0.4555555555555555,308.3333333333333,0.3333333333333333,0.9094762370950517,0.7888764650635517,0.6666666666666666,0.0028571428571428
17,4,1,5.0,1.0,0.97,0.1,200,100,0.2776594161987305,0.0498958333333333,0.784433962264151,0.4292452830188679,0.5260257562144355,2.5849056603773586,413.3333333333333,0.5466666666666666,0.5466666666666666,200.0,0.3333333333333333,0.900064524741901,0.7677233863159629,1.0,0.0037142857142857
18,4,1,5.0,1.0,0.97,0.1,200,100,0.2776594161987305,0.0498958333333333,0.8097933513027853,0.5330188679245284,0.605887718151869,2.4150943396226414,500.0,0.6933333333333334,0.6933333333333334,291.6666666666667,0.5,0.8714622641509434,0.6882924271975368,0.6666666666666666,0.0042857142857142
19,4,1,5.0,1.0,0.97,0.1,200,100,0.2776594161987305,0.0498958333333333,0.8572327044025158,0.3962264150943396,0.510871518418688,2.5849056603773586,500.0,0.5533333333333333,0.5533333333333333,315.0,0.5,0.9157284620861516,0.8317824265801919,0.3333333333333333,0.0025714285714285
0,4,2,2.5,0.1,0.9,0.05,200,100,0.3351500630378723,0.0498958333333333,0.771087680355161,0.4009433962264151,0.4989687984971005,3.39622641509434,500.0,0.5399999999999999,0.5399999999999999,253.3333333333333,0.3333333333333333,0.8933962264150943,0.5344905568347201,0.6666666666666666,0.0045714285714285
1,4,2,2.5,0.1,0.9,0.05,200,100,0.3351500630378723,0.0498958333333333,0.7973044747374439,0.5566037735849056,0.6273578737656282,3.0,500.0,0.5844444444444444,0.5844444444444444,270.0,0.1666666666666666,0.8891776432894268,0.533802958557232,1.0,0.0025714285714285
2,4,2,2.5,0.1,0.9,0.05,200,100,0.3351500630378723,0.0498958333333333,0.832089658107533,0.5377358490566038,0.6117953826321342,3.0754716981132075,476.6666666666667,0.5911111111111111,0.5911111111111111,275.0,0.3333333333333333,0.906563723745105,0.5428020424578823,0.6666666666666666,0.0042857142857142
3,4,2,2.5,0.1,0.9,0.05,200,100,0.3351500630378723,0.0498958333333333,0.7462807078234381,0.3632075471698113,0.4319407008086252,3.641509433962264,500.0,0.3444444444444444,0.3444444444444444,291.6666666666667,0.5,0.8791206835172659,0.500324905285713,0.6666666666666666,0.0054285714285714
4,4,2,2.5,0.1,0.9,0.05,200,100,0.3351500630378723,0.0498958333333333,0.7764026999540171,0.3962264150943396,0.486835365811624,4.528301886792453,500.0,0.4599999999999999,0.4599999999999999,308.3333333333333,0.3333333333333333,0.8111338554645782,0.3609710324014463,1.0,0.0034285714285714
5,4,2,2.5,0.1,0.9,0.05,200,100,0.3351500630378723,0.0498958333333333,0.7575306190003309,0.5849056603773585,0.6354506035392006,2.452830188679245,423.3333333333333,0.6244444444444445,0.6244444444444445,293.3333333333333,0.3333333333333333,0.897619259522962,0.6082354200538109,1.0,0.0065714285714285
6,4,2,2.5,0.1,0.9,0.05,200,100,0.3351500630378723,0.0498958333333333,0.8319182389937108,0.5283018867924528,0.5925450418499076,3.2264150943396226,500.0,0.7133333333333333,0.7133333333333333,320.0,0.5,0.8888972944108223,0.5146989985835708,0.6666666666666666,0.0037142857142857
7,4,2,2.5,0.1,0.9,0.05,200,100,0.3351500630378723,0.0498958333333333,0.8306079664570232,0.5047169811320755,0.5681447758905555,2.962264150943396,500.0,0.4844444444444444,0.4844444444444444,345.0,0.5,0.8974946600213599,0.5735416428611281,0.6666666666666666,0.004
8,4,2,2.5,0.1,0.9,0.05,200,100,0.3351500630378723,0.0498958333333333,0.8614271180170181,0.5566037735849056,0.6383198562443845,2.7358490566037736,500.0,0.5577777777777778,0.5577777777777778,320.0,0.5,0.9003070487718049,0.580314859416336,1.0,0.0042857142857142
9,4,2,2.5,0.1,0.9,0.05,200,100,0.3351500630378723,0.0498958333333333,0.5798572573683561,0.2877358490566037,0.3648860573388875,4.6415094339622645,500.0,0.3155555555555556,0.3155555555555556,290.0,0.5,0.8299572801708793,0.3904890428976215,0.3333333333333333,0.0037142857142857
10,4,2,2.5,0.1,0.9,0.05,200,100,0.3351500630378723,0.0498958333333333,0.8209608139846472,0.5707547169811321,0.6066526036173288,3.2830188679245285,500.0,0.4133333333333333,0.4133333333333333,338.3333333333333,0.3333333333333333,0.892372730509078,0.4899398186331583,0.6666666666666666,0.0077142857142857
11,4,2,2.5,0.1,0.9,0.05,200,100,0.3351500630378723,0.0498958333333333,0.7989588288145446,0.5566037735849056,0.6089710080276118,2.962264150943396,500.0,0.5955555555555555,0.5955555555555555,331.6666666666667,0.5,0.8862985048059808,0.5359887770527617,0.3333333333333333,0.0054285714285714
12,4,2,2.5,0.1,0.9,0.05,200,100,0.3351500630378723,0.0498958333333333,0.8266434561245882,0.5707547169811321,0.6489648716063809,2.7735849056603774,500.0,0.6844444444444445,0.6844444444444445,315.0,0.3333333333333333,0.893373976504094,0.5558393163206754,1.0,0.0048571428571428
13,4,2,2.5,0.1,0.9,0.05,200,100,0.3351500630378723,0.0498958333333333,0.791786483032321,0.410377358490566,0.4870415747774239,3.830188679245283,500.0,0.4711111111111111,0.4711111111111111,223.3333333333333,0.3333333333333333,0.870874866500534,0.4770612083225587,1.0,0.0062857142857142
14,4,2,2.5,0.1,0.9,0.05,200,100,0.3351500630378723,0.0498958333333333,0.9014675052410902,0.6132075471698113,0.706103487707261,2.2264150943396226,500.0,0.6444444444444445,0.6444444444444445,276.6666666666667,0.5,0.9235982556069776,0.6459157703158911,0.6666666666666666,0.0034285714285714
15,4,2,2.5,0.1,0.9,0.05,200,100,0.3351500630378723,0.0498958333333333,0.8323946801749244,0.4622641509433962,0.5396160751321684,3.943396226415094,500.0,0.5244444444444444,0.5244444444444444,250.0,0.5,0.8554067283730865,0.4205957839504655,1.0,0.004
16,4,2,2.5,0.1,0.9,0.05,200,100,0.3351500630378723,0.0498958333333333,0.71197234438297,0.5188679245283019,0.5403180995469756,3.60377358490566,500.0,0.4222222222222222,0.4222222222222222,275.0,0.3333333333333333,0.8694286222855109,0.4576365970780939,1.0,0.0051428571428571
17,4,2,2.5,0.1,0.9,0.05,200,100,0.3351500630378723,0.0498958333333333,0.7870829549658629,0.4669811320754717,0.5296795447738843,3.641509433962264,500.0,0.4377777777777777,0.4377777777777777,206.66666666666663,0.3333333333333333,0.8631496974012104,0.4616482151915606,1.0,0.0008571428571428
18,4,2,2.5,0.1,0.9,0.05,200,100,0.3351500630378723,0.0498958333333333,0.7822653887771592,0.5283018867924528,0.5942016556044448,2.981132075471698,500.0,0.64,0.64,301.6666666666667,0.5,0.8888527945888216,0.5345342250274736,1.0,0.006
19,4,2,2.5,0.1,0.9,0.05,200,100,0.3351500630378723,0.0498958333333333,0.6263278098928546,0.4292452830188679,0.4299526853446093,5.09433962264151,500.0,0.4133333333333333,0.4133333333333333,338.3333333333333,0.5,0.8389818440726237,0.3836760737162388,0.6666666666666666,0.0028571428571428
0,4,2,2.5,0.1,0.97,0.1,200,100,0.3351500630378723,0.0498958333333333,0.726963565476329,0.3632075471698113,0.4512744377339273,3.811320754716981,500.0,0.4555555555555555,0.4555555555555555,245.0,0.3333333333333333,0.8758855464578141,0.4776038026870169,0.6666666666666666,0.0045714285714285
1,4,2,2.5,0.1,0.97,0.1,200,100,0.3351500630378723,0.0498958333333333,0.7773577024321812,0.490566037735849,0.5600353254103092,3.641509433962264,500.0,0.5266666666666666,0.5266666666666666,345.0,0.5,0.8701139195443218,0.4608846760111331,1.0,0.0025714285714285
2,4,2,2.5,0.1,0.97,0.1,200,100,0.3351500630378723,0.0498958333333333,0.7606610866789617,0.5,0.5559974400913912,3.69811320754717,466.6666666666667,0.4955555555555555,0.4955555555555555,280.0,0.3333333333333333,0.8726637593449627,0.4535098940098253,0.6666666666666666,0.0042857142857142
3,4,2,2.5,0.1,0.97,0.1,200,100,0.3351500630378723,0.0498958333333333,0.7796877096266664,0.3773584905660377,0.4414711167485861,3.641509433962264,500.0,0.38,0.38,288.3333333333333,0.5,0.8894579921680313,0.5126041619897725,0.6666666666666666,0.0054285714285714
4,4,2,2.5,0.1,0.97,0.1,200,100,0.3351500630378723,0.0498958333333333,0.7289719860138694,0.3490566037735849,0.4345482245400211,4.943396226415095,500.0,0.3533333333333333,0.3533333333333333,226.66666666666663,0.1666666666666666,0.810372908508366,0.3516491068449334,1.0,0.0034285714285714
5,4,2,2.5,0.1,0.97,0.1,200,100,0.3351500630378723,0.0498958333333333,0.7821637426900585,0.5471698113207547,0.6117412939808345,2.7358490566037736,500.0,0.6222222222222222,0.6222222222222222,311.6666666666667,0.3333333333333333,0.9116055535777856,0.6036722352826228,1.0,0.0065714285714285
6,4,2,2.5,0.1,0.97,0.1,200,100,0.3351500630378723,0.0498958333333333,0.8034162378502001,0.5141509433962265,0.572636962507866,3.3773584905660377,500.0,0.6533333333333333,0.6533333333333333,341.6666666666667,0.5,0.8905170879316483,0.5014475354708987,0.6666666666666666,0.0037142857142857
7,4,2,2.5,0.1,0.97,0.1,200,100,0.3351500630378723,0.0498958333333333,0.8453878406708595,0.5518867924528302,0.6094595407902259,2.830188679245283,500.0,0.5644444444444444,0.5644444444444444,341.6666666666667,0.5,0.8985982556069776,0.5731494494346386,0.6666666666666666,0.004
8,4,2,2.5,0.1,0.97,0.1,200,100,0.3351500630378723,0.0498958333333333,0.8087541620421753,0.5047169811320755,0.5804132973944296,3.113207547169812,500.0,0.5377777777777778,0.5377777777777778,328.3333333333333,0.5,0.8841002135991456,0.5253038192658139,1.0,0.0042857142857142
9,4,2,2.5,0.1,0.97,0.1,200,100,0.3351500630378723,0.0498958333333333,0.5704232951042052,0.2877358490566037,0.3650657518582047,4.90566037735849,500.0,0.26,0.26,205.0,0.3333333333333333,0.8279592381630474,0.3727824297894176,0.3333333333333333,0.0037142857142857
10,4,2,2.5,0.1,0.97,0.1,200,100,0.3351500630378723,0.0498958333333333,0.8181306253054018,0.5943396226415094,0.6203543107152621,3.2452830188679247,500.0,0.4933333333333333,0.4933333333333333,355.0,0.3333333333333333,0.8844428622285511,0.4758716567815072,0.6666666666666666,0.0077142857142857
11,4,2,2.5,0.1,0.97,0.1,200,100,0.3351500630378723,0.0498958333333333,0.7931066621133215,0.5943396226415094,0.6238324688467805,3.2264150943396226,500.0,0.6177777777777779,0.6177777777777779,331.6666666666667,0.5,0.8853773584905661,0.5034926440323856,0.3333333333333333,0.0054285714285714
12,4,2,2.5,0.1,0.97,0.1,200,100,0.3351500630378723,0.0498958333333333,0.8310459718478587,0.5849056603773585,0.6575752339903282,2.849056603773585,500.0,0.7288888888888888,0.7288888888888888,321.6666666666667,0.3333333333333333,0.881937522249911,0.5188531300731981,1.0,0.0048571428571428
13,4,2,2.5,0.1,0.97,0.1,200,100,0.3351500630378723,0.0498958333333333,0.7980757912084218,0.3679245283018867,0.4464306134117456,4.037735849056604,500.0,0.4622222222222222,0.4622222222222222,265.0,0.5,0.870060519757921,0.4764278656397979,1.0,0.0062857142857142
14,4,2,2.5,0.1,0.97,0.1,200,100,0.3351500630378723,0.0498958333333333,0.8913522012578615,0.5754716981132075,0.6711557834199341,2.5660377358490565,500.0,0.62,0.62,275.0,0.5,0.9152767888928444,0.6027728161165831,0.6666666666666666,0.0034285714285714
15,4,2,2.5,0.1,0.97,0.1,200,100,0.3351500630378723,0.0498958333333333,0.8280707022660408,0.4716981132075472,0.5417653625200796,4.09433962264151,500.0,0.5044444444444445,0.5044444444444445,250.0,0.5,0.8477794588821644,0.4015991869516896,1.0,0.004
16,4,2,2.5,0.1,0.97,0.1,200,100,0.3351500630378723,0.0498958333333333,0.7320981305464921,0.5188679245283019,0.5455591896937263,3.660377358490566,500.0,0.4044444444444444,0.4044444444444444,280.0,0.3333333333333333,0.8713020647917409,0.4562612414825873,1.0,0.0051428571428571
17,4,2,2.5,0.1,0.97,0.1,200,100,0.3351500630378723,0.0498958333333333,0.7679291527931928,0.4764150943396226,0.5261305780173705,3.792452830188679,500.0,0.4177777777777778,0.4177777777777778,215.0,0.3333333333333333,0.8568351726593093,0.4408706306134449,1.0,0.0008571428571428
18,4,2,2.5,0.1,0.97,0.1,200,100,0.3351500630378723,0.0498958333333333,0.7635771587681747,0.5235849056603774,0.5865809743988579,3.1320754716981134,500.0,0.6022222222222221,0.6022222222222221,301.6666666666667,0.5,0.8784264862940548,0.5027729083987204,1.0,0.006
19,4,2,2.5,0.1,0.97,0.1,200,100,0.3351500630378723,0.0498958333333333,0.6467680614651817,0.4292452830188679,0.4354782918136121,5.09433962264151,500.0,0.3999999999999999,0.3999999999999999,331.6666666666667,0.5,0.8434941260234959,0.3849919280220502,0.6666666666666666,0.0028571428571428
0,4,2,2.5,1.0,0.9,0.1,200,100,0.3314546048641205,0.0498958333333333,0.7259148084619783,0.3490566037735849,0.4484725965858042,3.2452830188679247,500.0,0.4599999999999999,0.4599999999999999,245.0,0.3333333333333333,0.9081657173371308,0.6029692600161061,0.6666666666666666,0.0042857142857142
1,4,2,2.5,1.0,0.9,0.1,200,100,0.3314546048641205,0.0498958333333333,0.8647798742138364,0.5424528301886793,0.6434750398007597,2.39622641509434,500.0,0.6022222222222221,0.6022222222222221,303.3333333333333,0.1666666666666666,0.9158330366678532,0.6637186788571434,1.0,0.0025714285714285
2,4,2,2.5,1.0,0.9,0.1,200,100,0.3314546048641205,0.0498958333333333,0.8646589259796807,0.4433962264150943,0.5551622535806777,2.9056603773584904,476.6666666666667,0.5755555555555555,0.5755555555555555,271.6666666666667,0.3333333333333333,0.9228462086151656,0.639242622759045,0.6666666666666666,0.0042857142857142
3,4,2,2.5,1.0,0.9,0.1,200,100,0.3314546048641205,0.0498958333333333,0.7875806583353754,0.330188679245283,0.4280051185711562,3.358490566037736,500.0,0.3488888888888888,0.3488888888888888,285.0,0.5,0.9031639373442506,0.5971235637691236,0.6666666666666666,0.0054285714285714
4,4,2,2.5,1.0,0.9,0.1,200,100,0.3314546048641205,0.0498958333333333,0.75125786163522,0.330188679245283,0.4316356930061001,4.132075471698113,500.0,0.3511111111111111,0.3511111111111111,308.3333333333333,0.3333333333333333,0.8506541473834105,0.4444383714516046,1.0,0.0034285714285714
5,4,2,2.5,1.0,0.9,0.1,200,100,0.3314546048641205,0.0498958333333333,0.7864296081277213,0.5566037735849056,0.6248817103802792,2.320754716981132,500.0,0.6044444444444445,0.6044444444444445,311.6666666666667,0.3333333333333333,0.9236739053043788,0.6959773089763576,1.0,0.0065714285714285
6,4,2,2.5,1.0,0.9,0.1,200,100,0.3314546048641205,0.0498958333333333,0.8190191098209967,0.4716981132075472,0.5572287173724172,3.188679245283019,500.0,0.66,0.66,323.3333333333333,0.5,0.8892265930936276,0.5350094834613689,0.6666666666666666,0.0037142857142857
7,4,2,2.5,1.0,0.9,0.1,200,100,0.3314546048641205,0.0498958333333333,0.8630319366168423,0.5188679245283019,0.5993532672777955,2.6226415094339623,500.0,0.5622222222222223,0.5622222222222223,336.6666666666667,0.5,0.9042141331434674,0.639994891028685,0.6666666666666666,0.004
8,4,2,2.5,1.0,0.9,0.1,200,100,0.3314546048641205,0.0498958333333333,0.8716981132075472,0.5424528301886793,0.6276944174660162,2.6226415094339623,500.0,0.5244444444444444,0.5244444444444444,323.3333333333333,0.5,0.9110582057671768,0.6165548606764099,1.0,0.0042857142857142
9,4,2,2.5,1.0,0.9,0.1,200,100,0.3314546048641205,0.0498958333333333,0.751804629498274,0.4433962264150943,0.5146490097269425,3.2452830188679247,500.0,0.4133333333333333,0.4133333333333333,331.6666666666667,0.5,0.8934985760056959,0.548954341346707,0.3333333333333333,0.0037142857142857
10,4,2,2.5,1.0,0.9,0.1,200,100,0.3314546048641205,0.0498958333333333,0.8360430650247521,0.5566037735849056,0.614700393945677,3.037735849056604,500.0,0.4688888888888888,0.4688888888888888,320.0,0.3333333333333333,0.8987629049483802,0.5266270642496185,0.6666666666666666,0.008
11,4,2,2.5,1.0,0.9,0.1,200,100,0.3314546048641205,0.0498958333333333,0.8521166957348977,0.5283018867924528,0.6256675135523199,2.7169811320754715,500.0,0.5933333333333333,0.5933333333333333,328.3333333333333,0.5,0.8976459594161623,0.5895749172283146,0.3333333333333333,0.0054285714285714
12,4,2,2.5,1.0,0.9,0.1,200,100,0.3314546048641205,0.0498958333333333,0.8393444605708756,0.5283018867924528,0.6321538678364427,2.5849056603773586,500.0,0.7222222222222223,0.7222222222222223,300.0,0.3333333333333333,0.9021582413670344,0.6384702747844485,1.0,0.0048571428571428
13,4,2,2.5,1.0,0.9,0.1,200,100,0.3314546048641205,0.0498958333333333,0.6955974842767295,0.3018867924528302,0.3906783468104223,3.4339622641509435,500.0,0.3866666666666667,0.3866666666666667,240.0,0.3333333333333333,0.8986917052331791,0.6193389308774184,1.0,0.006
14,4,2,2.5,1.0,0.9,0.1,200,100,0.3314546048641205,0.0498958333333333,0.9008224479922592,0.5660377358490566,0.6746665961982276,2.30188679245283,500.0,0.6088888888888889,0.6088888888888889,275.0,0.5,0.9235849056603772,0.6716465210500188,0.6666666666666666,0.0034285714285714
15,4,2,2.5,1.0,0.9,0.1,200,100,0.3314546048641205,0.0498958333333333,0.9070885320746586,0.4858490566037736,0.5796152423233444,3.018867924528302,500.0,0.5177777777777778,0.5177777777777778,250.0,0.5,0.9067239231043076,0.5559778357042764,1.0,0.004
16,4,2,2.5,1.0,0.9,0.1,200,100,0.3314546048641205,0.0498958333333333,0.7427387078330474,0.4952830188679245,0.5589681751548683,3.0754716981132075,500.0,0.4000000000000001,0.4000000000000001,280.0,0.3333333333333333,0.8984024563901745,0.5503807207427792,1.0,0.0051428571428571
17,4,2,2.5,1.0,0.9,0.1,200,100,0.3314546048641205,0.0498958333333333,0.8361859838274933,0.4481132075471698,0.5412288583092953,3.207547169811321,500.0,0.4288888888888889,0.4288888888888889,208.3333333333333,0.3333333333333333,0.8855153079387682,0.5393420845679874,1.0,0.0008571428571428
18,4,2,2.5,1.0,0.9,0.1,200,100,0.3314546048641205,0.0498958333333333,0.8029027576197387,0.5047169811320755,0.5878776667899864,2.5849056603773586,500.0,0.5911111111111111,0.5911111111111111,296.6666666666667,0.5,0.9224813100747598,0.6511519837062294,1.0,0.006
19,4,2,2.5,1.0,0.9,0.1,200,100,0.3314546048641205,0.0498958333333333,0.6560960004356231,0.3490566037735849,0.4187312687312688,3.5660377358490565,500.0,0.3466666666666667,0.3466666666666667,340.0,0.5,0.9083926664293344,0.5747822793483254,0.6666666666666666,0.0028571428571428
0,4,2,2.5,1.0,0.97,0.05,200,100,0.3314546048641205,0.0498958333333333,0.7728225652753954,0.3915094339622642,0.4969279148524433,3.113207547169812,500.0,0.5266666666666667,0.5266666666666667,250.0,0.3333333333333333,0.8983891064435742,0.5803545493381971,0.6666666666666666,0.0042857142857142
1,4,2,2.5,1.0,0.97,0.05,200,100,0.3314546048641205,0.0498958333333333,0.8482704402515723,0.5330188679245284,0.630357339890607,2.5660377358490565,500.0,0.5733333333333334,0.5733333333333334,295.0,0.1666666666666666,0.9025676397294412,0.629189113744575,1.0,0.0025714285714285
2,4,2,2.5,1.0,0.97,0.05,200,100,0.3314546048641205,0.0498958333333333,0.8316400580551523,0.4716981132075472,0.5724578510649544,2.8679245283018866,476.6666666666667,0.58,0.58,260.0,0.3333333333333333,0.9133988964044144,0.6109091414066415,0.6666666666666666,0.0042857142857142
3,4,2,2.5,1.0,0.97,0.05,200,100,0.3314546048641205,0.0498958333333333,0.7571224373111166,0.3443396226415094,0.4320509679000245,3.358490566037736,500.0,0.3422222222222222,0.3422222222222222,293.3333333333333,0.5,0.8807938768244927,0.5590332917988549,0.6666666666666666,0.0054285714285714
4,4,2,2.5,1.0,0.97,0.05,200,100,0.3314546048641205,0.0498958333333333,0.7795597484276728,0.3537735849056603,0.4634416229252376,4.037735849056604,500.0,0.4488888888888889,0.4488888888888889,306.6666666666667,0.3333333333333333,0.842248131007476,0.4351555900364297,1.0,0.0034285714285714
5,4,2,2.5,1.0,0.97,0.05,200,100,0.3314546048641205,0.0498958333333333,0.783284954039671,0.6037735849056604,0.6530039026534148,2.188679245283019,423.3333333333333,0.5933333333333334,0.5933333333333334,293.3333333333333,0.3333333333333333,0.914635991456034,0.6782252889143079,1.0,0.0065714285714285
6,4,2,2.5,1.0,0.97,0.05,200,100,0.3314546048641205,0.0498958333333333,0.8171323173681663,0.4669811320754717,0.5516881363601381,3.207547169811321,500.0,0.6733333333333333,0.6733333333333333,315.0,0.5,0.8861472054111783,0.5312341287344277,0.6666666666666666,0.0037142857142857
7,4,2,2.5,1.0,0.97,0.05,200,100,0.3314546048641205,0.0498958333333333,0.8535979743526912,0.490566037735849,0.5749148126506617,2.7358490566037736,500.0,0.4955555555555556,0.4955555555555556,343.3333333333333,0.5,0.903497686009256,0.6335095169319569,0.6666666666666666,0.004
8,4,2,2.5,1.0,0.97,0.05,200,100,0.3314546048641205,0.0498958333333333,0.8736992567181247,0.5660377358490566,0.6479169622168627,2.5849056603773586,500.0,0.5511111111111111,0.5511111111111111,318.3333333333333,0.5,0.9113919544321822,0.6081856414308993,1.0,0.0042857142857142
9,4,2,2.5,1.0,0.97,0.05,200,100,0.3314546048641205,0.0498958333333333,0.7266473967938716,0.4433962264150943,0.5103363412633306,3.2830188679245285,500.0,0.4377777777777777,0.4377777777777777,331.6666666666667,0.5,0.8852972588109648,0.5399895481726177,0.3333333333333333,0.0037142857142857
10,4,2,2.5,1.0,0.97,0.05,200,100,0.3314546048641205,0.0498958333333333,0.8140304864083998,0.5330188679245284,0.5941253714838621,3.1320754716981134,500.0,0.4111111111111111,0.4111111111111111,325.0,0.3333333333333333,0.9040094339622642,0.5316167381809124,0.6666666666666666,0.008
11,4,2,2.5,1.0,0.97,0.05,200,100,0.3314546048641205,0.0498958333333333,0.838025650511777,0.5235849056603774,0.6141297850334593,2.9056603773584904,500.0,0.5933333333333333,0.5933333333333333,328.3333333333333,0.5,0.8852883588465646,0.5560988869191115,0.3333333333333333,0.0054285714285714
12,4,2,2.5,1.0,0.97,0.05,200,100,0.3314546048641205,0.0498958333333333,0.8291992075010942,0.5235849056603774,0.6232131230466413,2.7169811320754715,500.0,0.6888888888888888,0.6888888888888888,315.0,0.3333333333333333,0.8954743681025276,0.5962331004207402,1.0,0.0048571428571428
13,4,2,2.5,1.0,0.97,0.05,200,100,0.3314546048641205,0.0498958333333333,0.7144654088050315,0.320754716981132,0.4161949685534593,3.358490566037736,500.0,0.4288888888888889,0.4288888888888889,235.0,0.3333333333333333,0.8988252046991813,0.6239729580948226,1.0,0.006
14,4,2,2.5,1.0,0.97,0.05,200,100,0.3314546048641205,0.0498958333333333,0.8948476052249636,0.5660377358490566,0.6709079858358437,2.30188679245283,500.0,0.6155555555555555,0.6155555555555555,275.0,0.5,0.9182983268066928,0.6597718463703484,0.6666666666666666,0.0034285714285714
15,4,2,2.5,1.0,0.97,0.05,200,100,0.3314546048641205,0.0498958333333333,0.8944200684627989,0.4952830188679245,0.5832581403058651,3.037735849056604,500.0,0.5555555555555555,0.5555555555555555,250.0,0.5,0.902994838020648,0.5491406336847366,1.0,0.004
16,4,2,2.5,1.0,0.97,0.05,200,100,0.3314546048641205,0.0498958333333333,0.7333047455688965,0.4716981132075472,0.5363266657209059,3.150943396226415,500.0,0.42,0.42,275.0,0.3333333333333333,0.8981310074759701,0.5471012096510405,1.0,0.0051428571428571
17,4,2,2.5,1.0,0.97,0.05,200,100,0.3314546048641205,0.0498958333333333,0.8541105121293799,0.4386792452830189,0.5378296369855456,3.2641509433962264,500.0,0.4288888888888889,0.4288888888888889,205.0,0.3333333333333333,0.8819152723389106,0.5338207535317055,1.0,0.0008571428571428
18,4,2,2.5,1.0,0.97,0.05,200,100,0.3314546048641205,0.0498958333333333,0.8412675374939526,0.5188679245283019,0.6071648785300284,2.547169811320755,500.0,0.6355555555555555,0.6355555555555555,290.0,0.5,0.9128515485938056,0.6315858833319956,1.0,0.006
19,4,2,2.5,1.0,0.97,0.05,200,100,0.3314546048641205,0.0498958333333333,0.6388004029513463,0.3584905660377358,0.4222802354877827,3.5283018867924527,500.0,0.3355555555555556,0.3355555555555556,335.0,0.5,0.9040272338910644,0.5744601450405935,0.6666666666666666,0.0028571428571428
0,4,2,5.0,0.1,0.9,0.1,200,100,0.3351500630378723,0.0498958333333333,0.7427857935627081,0.3632075471698113,0.4592563097280079,3.5849056603773586,500.0,0.48,0.48,245.0,0.3333333333333333,0.8869437522249911,0.5191753263429311,0.6666666666666666,0.0045714285714285
1,4,2,5.0,0.1,0.9,0.1,200,100,0.3351500630378723,0.0498958333333333,0.7930734856007944,0.5377358490566038,0.6089766218938103,3.113207547169812,500.0,0.5888888888888889,0.5888888888888889,303.3333333333333,0.1666666666666666,0.8872597009611961,0.5167919022726574,1.0,0.0025714285714285
2,4,2,5.0,0.1,0.9,0.1,200,100,0.3351500630378723,0.0498958333333333,0.8357733957535347,0.5047169811320755,0.5848037683763689,3.320754716981132,470.0,0.5266666666666667,0.5266666666666667,280.0,0.3333333333333333,0.9038269846920612,0.5239283036873921,0.6666666666666666,0.0042857142857142
3,4,2,5.0,0.1,0.9,0.1,200,100,0.3351500630378723,0.0498958333333333,0.7991108965026833,0.3679245283018867,0.4440925426774482,3.6226415094339615,500.0,0.3711111111111111,0.3711111111111111,286.6666666666667,0.5,0.8882698469206123,0.5166147431862438,0.6666666666666666,0.0054285714285714
4,4,2,5.0,0.1,0.9,0.1,200,100,0.3351500630378723,0.0498958333333333,0.7438417074873642,0.3443396226415094,0.432071298949888,4.79245283018868,500.0,0.3577777777777778,0.3577777777777778,308.3333333333333,0.3333333333333333,0.8174483802064791,0.3616237128564273,1.0,0.0034285714285714
5,4,2,5.0,0.1,0.9,0.1,200,100,0.3351500630378723,0.0498958333333333,0.7889771598808342,0.5518867924528302,0.6215242782921208,2.60377358490566,500.0,0.62,0.62,313.3333333333333,0.3333333333333333,0.9135546457814168,0.6236113116553215,1.0,0.0065714285714285
6,4,2,5.0,0.1,0.9,0.1,200,100,0.3351500630378723,0.0498958333333333,0.8246426529445396,0.5518867924528302,0.607279992433915,3.2452830188679247,500.0,0.7111111111111111,0.7111111111111111,363.3333333333333,0.6666666666666666,0.8928355286578854,0.5106874281399153,0.6666666666666666,0.0037142857142857
7,4,2,5.0,0.1,0.9,0.1,200,100,0.3351500630378723,0.0498958333333333,0.8479035639412997,0.5424528301886793,0.6003550184781565,2.830188679245283,500.0,0.5666666666666667,0.5666666666666667,338.3333333333333,0.5,0.9011436454254182,0.581461129898914,0.6666666666666666,0.004
8,4,2,5.0,0.1,0.9,0.1,200,100,0.3351500630378723,0.0498958333333333,0.8408296337402885,0.5,0.5821653189577718,3.0,500.0,0.5244444444444444,0.5244444444444444,325.0,0.5,0.8910065859736561,0.5570068203828719,1.0,0.0042857142857142
9,4,2,5.0,0.1,0.9,0.1,200,100,0.3351500630378723,0.0498958333333333,0.5704232951042052,0.2924528301886792,0.3700971983990853,4.6415094339622645,500.0,0.2622222222222222,0.2622222222222222,288.3333333333333,0.5,0.8353284086863653,0.3888786318791862,0.3333333333333333,0.0037142857142857
10,4,2,5.0,0.1,0.9,0.1,200,100,0.3351500630378723,0.0498958333333333,0.8228476064374773,0.5849056603773585,0.615188093284894,3.2641509433962264,500.0,0.4888888888888889,0.4888888888888889,331.6666666666667,0.3333333333333333,0.8855197579209683,0.4806509596741535,0.6666666666666666,0.0077142857142857
11,4,2,5.0,0.1,0.9,0.1,200,100,0.3351500630378723,0.0498958333333333,0.8129940074723648,0.5707547169811321,0.6224165709737297,3.018867924528302,500.0,0.6022222222222222,0.6022222222222222,331.6666666666667,0.5,0.892127981488074,0.5372681406693097,0.3333333333333333,0.0054285714285714
12,4,2,5.0,0.1,0.9,0.1,200,100,0.3351500630378723,0.0498958333333333,0.8310459718478588,0.5801886792452831,0.6569013795428887,2.7358490566037736,500.0,0.7200000000000001,0.7200000000000001,321.6666666666667,0.3333333333333333,0.8913403346386615,0.5511283777310295,1.0,0.0048571428571428
13,4,2,5.0,0.1,0.9,0.1,200,100,0.3351500630378723,0.0498958333333333,0.801220445296472,0.3867924528301887,0.4645797598627788,3.943396226415094,500.0,0.4399999999999999,0.4399999999999999,243.3333333333333,0.3333333333333333,0.8702652189391242,0.4764638562970358,1.0,0.0062857142857142
14,4,2,5.0,0.1,0.9,0.1,200,100,0.3351500630378723,0.0498958333333333,0.9054207846660676,0.5849056603773585,0.6841133709058235,2.358490566037736,500.0,0.6222222222222222,0.6222222222222222,275.0,0.5,0.9246573513705946,0.6403912505285204,0.6666666666666666,0.0034285714285714
15,4,2,5.0,0.1,0.9,0.1,200,100,0.3351500630378723,0.0498958333333333,0.8492732942233496,0.4764150943396226,0.5556571311288292,3.9056603773584895,500.0,0.5044444444444444,0.5044444444444444,250.0,0.5,0.8548282306870773,0.4166317243656798,1.0,0.004
16,4,2,5.0,0.1,0.9,0.1,200,100,0.3351500630378723,0.0498958333333333,0.7151169984710204,0.5283018867924528,0.5494825200321508,3.60377358490566,500.0,0.4044444444444444,0.4044444444444444,285.0,0.3333333333333333,0.8705455678177287,0.4573645076255227,1.0,0.0051428571428571
17,4,2,5.0,0.1,0.9,0.1,200,100,0.3351500630378723,0.0498958333333333,0.8047216056233816,0.4858490566037736,0.5445492662473795,3.60377358490566,500.0,0.4266666666666667,0.4266666666666667,210.0,0.3333333333333333,0.8616678533285866,0.4546274916238983,1.0,0.0008571428571428
18,4,2,5.0,0.1,0.9,0.1,200,100,0.3351500630378723,0.0498958333333333,0.7755268443027656,0.5141509433962265,0.5833464730511491,3.037735849056604,500.0,0.5955555555555556,0.5955555555555556,301.6666666666667,0.5,0.892123531505874,0.5304357862136369,1.0,0.006
19,4,2,5.0,0.1,0.9,0.1,200,100,0.3351500630378723,0.0498958333333333,0.6467680614651817,0.4292452830188679,0.4354782918136121,5.09433962264151,500.0,0.3888888888888888,0.3888888888888888,335.0,0.5,0.8429779280882876,0.3837881988705255,0.6666666666666666,0.0028571428571428
0,4,2,5.0,0.1,0.97,0.05,200,100,0.3351500630378723,0.0498958333333333,0.736569054327101,0.3962264150943396,0.4850570073655535,3.6226415094339615,500.0,0.5066666666666667,0.5066666666666667,253.3333333333333,0.3333333333333333,0.8787246351014596,0.4869821525501327,0.6666666666666666,0.0045714285714285
1,4,2,5.0,0.1,0.97,0.05,200,100,0.3351500630378723,0.0498958333333333,0.7730064457224338,0.5235849056603774,0.5892864356270133,3.490566037735849,500.0,0.5244444444444444,0.5244444444444444,301.6666666666667,0.1666666666666666,0.8716536133855465,0.471738207686844,1.0,0.0025714285714285
2,4,2,5.0,0.1,0.97,0.05,200,100,0.3351500630378723,0.0498958333333333,0.7741830992575779,0.5330188679245284,0.5876031840109386,3.509433962264151,476.6666666666667,0.5822222222222222,0.5822222222222222,276.6666666666667,0.3333333333333333,0.8757653969384123,0.4633044867134438,0.6666666666666666,0.0042857142857142
3,4,2,5.0,0.1,0.97,0.05,200,100,0.3351500630378723,0.0498958333333333,0.7475814511053135,0.3867924528301887,0.4462488769092542,3.6226415094339615,500.0,0.36,0.36,296.6666666666667,0.5,0.8801708793164827,0.4964224234275388,0.6666666666666666,0.0054285714285714
4,4,2,5.0,0.1,0.97,0.05,200,100,0.3351500630378723,0.0498958333333333,0.7490666712028942,0.3867924528301887,0.4737040526803109,4.735849056603773,500.0,0.4511111111111111,0.4511111111111111,308.3333333333333,0.3333333333333333,0.8082680669277323,0.3515030865623231,1.0,0.0034285714285714
5,4,2,5.0,0.1,0.97,0.05,200,100,0.3351500630378723,0.0498958333333333,0.7661784177424694,0.5849056603773585,0.633339192937224,2.547169811320755,423.3333333333333,0.5977777777777779,0.5977777777777779,295.0,0.3333333333333333,0.9023006407974368,0.5965004391913272,1.0,0.0065714285714285
6,4,2,5.0,0.1,0.97,0.05,200,100,0.3351500630378723,0.0498958333333333,0.7976415094339623,0.5047169811320755,0.5623045276471293,3.39622641509434,500.0,0.6822222222222223,0.6822222222222223,320.0,0.5,0.8868191527233891,0.5032646254432931,0.6666666666666666,0.0037142857142857
7,4,2,5.0,0.1,0.97,0.05,200,100,0.3351500630378723,0.0498958333333333,0.8438155136268344,0.5047169811320755,0.5702412119492556,3.0,500.0,0.5044444444444445,0.5044444444444445,345.0,0.5,0.8973033107867568,0.5686028260093016,0.6666666666666666,0.004
8,4,2,5.0,0.1,0.97,0.05,200,100,0.3351500630378723,0.0498958333333333,0.8276220865704772,0.5330188679245284,0.6098831985624438,2.981132075471698,500.0,0.5466666666666667,0.5466666666666667,323.3333333333333,0.5,0.8890530437878249,0.5412965795694913,1.0,0.0042857142857142
9,4,2,5.0,0.1,0.97,0.05,200,100,0.3351500630378723,0.0498958333333333,0.5704232951042052,0.2877358490566037,0.3636281957036674,4.867924528301887,500.0,0.2888888888888889,0.2888888888888889,206.66666666666663,0.3333333333333333,0.8212219651121395,0.3709765359389871,0.3333333333333333,0.0037142857142857
10,4,2,5.0,0.1,0.97,0.05,200,100,0.3351500630378723,0.0498958333333333,0.8134136441733264,0.5660377358490566,0.6003632954412282,3.339622641509434,500.0,0.4222222222222222,0.4222222222222222,343.3333333333333,0.3333333333333333,0.890063189747241,0.484882477862221,0.6666666666666666,0.0077142857142857
11,4,2,5.0,0.1,0.97,0.05,200,100,0.3351500630378723,0.0498958333333333,0.7931066621133215,0.589622641509434,0.6188010223058998,3.2452830188679247,500.0,0.5955555555555555,0.5955555555555555,331.6666666666667,0.5,0.8807983268066928,0.500229739507686,0.3333333333333333,0.0054285714285714
12,4,2,5.0,0.1,0.97,0.05,200,100,0.3351500630378723,0.0498958333333333,0.8310459718478587,0.5707547169811321,0.6467935628312985,2.9056603773584904,500.0,0.6888888888888888,0.6888888888888888,316.6666666666667,0.3333333333333333,0.881434674261303,0.5195362885340552,1.0,0.0048571428571428
13,4,2,5.0,0.1,0.97,0.05,200,100,0.3351500630378723,0.0498958333333333,0.8106544075606229,0.410377358490566,0.4909948542024014,3.830188679245283,500.0,0.4866666666666666,0.4866666666666666,238.3333333333333,0.3333333333333333,0.871377714489142,0.478555281966767,1.0,0.0062857142857142
14,4,2,5.0,0.1,0.97,0.05,200,100,0.3351500630378723,0.0498958333333333,0.89895178197065,0.6037735849056604,0.6941352810270385,2.339622641509434,500.0,0.6244444444444445,0.6244444444444445,276.6666666666667,0.5,0.918996974012104,0.6163264322552682,0.6666666666666666,0.0034285714285714
15,4,2,5.0,0.1,0.97,0.05,200,100,0.3351500630378723,0.0498958333333333,0.8203138888488499,0.4622641509433962,0.5316978618865411,4.113207547169812,500.0,0.5244444444444444,0.5244444444444444,250.0,0.5,0.847743859024564,0.4038099615928874,1.0,0.004
16,4,2,5.0,0.1,0.97,0.05,200,100,0.3351500630378723,0.0498958333333333,0.7037962437540392,0.5141509433962265,0.5338790459381106,3.660377358490566,500.0,0.4244444444444444,0.4244444444444444,275.0,0.3333333333333333,0.8701005695977216,0.4564858686359145,1.0,0.0051428571428571
17,4,2,5.0,0.1,0.97,0.05,200,100,0.3351500630378723,0.0498958333333333,0.7865874337156247,0.4716981132075472,0.5295251917893429,3.7358490566037736,500.0,0.4333333333333333,0.4333333333333333,206.66666666666663,0.3333333333333333,0.8577207191171236,0.4463171682440358,1.0,0.0008571428571428
18,4,2,5.0,0.1,0.97,0.05,200,100,0.3351500630378723,0.0498958333333333,0.8064792252551467,0.5235849056603774,0.5930785648587126,3.0943396226415096,500.0,0.64,0.64,295.0,0.5,0.8778346386614454,0.5053060065586886,1.0,0.006
19,4,2,5.0,0.1,0.97,0.05,200,100,0.3351500630378723,0.0498958333333333,0.6247554828488294,0.4292452830188679,0.4301773034937558,5.075471698113208,500.0,0.3822222222222222,0.3822222222222222,336.6666666666667,0.5,0.8403924884300463,0.3852992403781662,0.6666666666666666,0.0028571428571428
0,4,2,5.0,1.0,0.9,0.05,200,100,0.3314546048641205,0.0498958333333333,0.7707261292166953,0.3867924528301887,0.4940251572327045,3.056603773584906,500.0,0.5422222222222223,0.5422222222222223,251.66666666666663,0.3333333333333333,0.91312744749021,0.6206744087923936,0.6666666666666666,0.0042857142857142
1,4,2,5.0,1.0,0.9,0.05,200,100,0.3314546048641205,0.0498958333333333,0.8663522012578616,0.5660377358490566,0.6645442221906966,2.30188679245283,500.0,0.58,0.58,265.0,0.1666666666666666,0.9189658241367036,0.6798628104881129,1.0,0.0025714285714285
2,4,2,5.0,1.0,0.9,0.05,200,100,0.3314546048641205,0.0498958333333333,0.8800677310111272,0.5047169811320755,0.6104931909870868,2.6226415094339623,476.6666666666667,0.6177777777777779,0.6177777777777779,261.6666666666667,0.3333333333333333,0.9230642577429692,0.6519154669336805,0.6666666666666666,0.0042857142857142
3,4,2,5.0,1.0,0.9,0.05,200,100,0.3314546048641205,0.0498958333333333,0.7372661929265703,0.330188679245283,0.4165046693348579,3.39622641509434,500.0,0.3288888888888888,0.3288888888888888,286.6666666666667,0.5,0.8879761480954076,0.5708702376392887,0.6666666666666666,0.0054285714285714
4,4,2,5.0,1.0,0.9,0.05,200,100,0.3314546048641205,0.0498958333333333,0.7701257861635219,0.3584905660377358,0.467215207830898,3.943396226415094,500.0,0.4599999999999999,0.4599999999999999,308.3333333333333,0.3333333333333333,0.8455322178711285,0.4424661945068098,1.0,0.0034285714285714
5,4,2,5.0,1.0,0.9,0.05,200,100,0.3314546048641205,0.0498958333333333,0.764417029511369,0.5849056603773585,0.6379095630307733,2.2452830188679247,500.0,0.6044444444444445,0.6044444444444445,293.3333333333333,0.3333333333333333,0.9064836240655038,0.6744070006597367,1.0,0.0065714285714285
6,4,2,5.0,1.0,0.9,0.05,200,100,0.3314546048641205,0.0498958333333333,0.8473209966134495,0.4858490566037736,0.5751981693041333,3.113207547169812,500.0,0.7000000000000001,0.7000000000000001,315.0,0.5,0.8872908508365966,0.5358185666270187,0.6666666666666666,0.0037142857142857
7,4,2,5.0,1.0,0.9,0.05,200,100,0.3314546048641205,0.0498958333333333,0.8394470309564648,0.490566037735849,0.5716353876731235,2.7358490566037736,500.0,0.4777777777777778,0.4777777777777778,343.3333333333333,0.5,0.901495194019224,0.6297573739787702,0.6666666666666666,0.004
8,4,2,5.0,1.0,0.9,0.05,200,100,0.3314546048641205,0.0498958333333333,0.8819182389937107,0.5707547169811321,0.656632146403745,2.490566037735849,500.0,0.5533333333333333,0.5533333333333333,318.3333333333333,0.5,0.9176619793520826,0.6295146738547555,1.0,0.0042857142857142
9,4,2,5.0,1.0,0.9,0.05,200,100,0.3314546048641205,0.0498958333333333,0.7153266420768902,0.4339622641509434,0.5027891714520099,3.2830188679245285,500.0,0.44,0.44,331.6666666666667,0.5,0.8857689569241723,0.5448458301010326,0.3333333333333333,0.0037142857142857
10,4,2,5.0,1.0,0.9,0.05,200,100,0.3314546048641205,0.0498958333333333,0.8077411782322992,0.5330188679245284,0.5914299536941048,3.150943396226415,500.0,0.3999999999999999,0.3999999999999999,333.3333333333333,0.3333333333333333,0.9050952296190816,0.5344404933553031,0.6666666666666666,0.008
11,4,2,5.0,1.0,0.9,0.05,200,100,0.3314546048641205,0.0498958333333333,0.8479837217906029,0.5141509433962265,0.6146135779700825,2.660377358490566,500.0,0.5844444444444444,0.5844444444444444,326.6666666666667,0.5,0.8938189747241011,0.5922332329272061,0.3333333333333333,0.0054285714285714
12,4,2,5.0,1.0,0.9,0.05,200,100,0.3314546048641205,0.0498958333333333,0.8387379915681803,0.5471698113207547,0.6426074603655069,2.5283018867924527,500.0,0.6911111111111111,0.6911111111111111,313.3333333333333,0.3333333333333333,0.902064791740833,0.6426578572027536,1.0,0.0048571428571428
13,4,2,5.0,1.0,0.9,0.05,200,100,0.3314546048641205,0.0498958333333333,0.7522012578616353,0.3443396226415094,0.4449460916442049,3.2641509433962264,500.0,0.4288888888888889,0.4288888888888889,221.66666666666663,0.3333333333333333,0.8967915628337486,0.6195967079109754,1.0,0.006
14,4,2,5.0,1.0,0.9,0.05,200,100,0.3314546048641205,0.0498958333333333,0.9013465570069344,0.5990566037735849,0.6977101145247647,2.150943396226415,500.0,0.6355555555555555,0.6355555555555555,275.0,0.5,0.9246662513349948,0.684429416049068,0.6666666666666666,0.0034285714285714
15,4,2,5.0,1.0,0.9,0.05,200,100,0.3314546048641205,0.0498958333333333,0.8847614880495014,0.4811320754716981,0.57040589820834,3.0754716981132075,500.0,0.5355555555555555,0.5355555555555555,251.66666666666663,0.5,0.9040494838020648,0.5516762429273022,1.0,0.004
16,4,2,5.0,1.0,0.9,0.05,200,100,0.3314546048641205,0.0498958333333333,0.7333047455688965,0.4811320754716981,0.5435144464935925,3.113207547169812,500.0,0.4177777777777778,0.4177777777777778,275.0,0.3333333333333333,0.8981488074047704,0.545596388185659,1.0,0.0051428571428571
17,4,2,5.0,1.0,0.9,0.05,200,100,0.3314546048641205,0.0498958333333333,0.8503369272237197,0.4292452830188679,0.5323789032329251,3.2641509433962264,500.0,0.4333333333333333,0.4333333333333333,205.0,0.3333333333333333,0.8851637593449626,0.5426281293802068,1.0,0.0008571428571428
18,4,2,5.0,1.0,0.9,0.05,200,100,0.3314546048641205,0.0498958333333333,0.8154813739719398,0.5330188679245284,0.6135739830523406,2.509433962264151,500.0,0.6466666666666666,0.6466666666666666,300.0,0.5,0.915690637237451,0.6551241978641866,1.0,0.006
19,4,2,5.0,1.0,0.9,0.05,200,100,0.3314546048641205,0.0498958333333333,0.6403727299953715,0.3632075471698113,0.4256495077249794,3.509433962264151,500.0,0.3511111111111111,0.3511111111111111,336.6666666666667,0.5,0.9015752936988252,0.5696901327203736,0.6666666666666666,0.0028571428571428
0,4,2,5.0,1.0,0.97,0.1,200,100,0.3314546048641205,0.0498958333333333,0.7256527539546407,0.3443396226415094,0.4431992535766121,3.358490566037736,500.0,0.4555555555555555,0.4555555555555555,245.0,0.3333333333333333,0.8963332146671413,0.5700015259078685,0.6666666666666666,0.0042857142857142
1,4,2,5.0,1.0,0.97,0.1,200,100,0.3314546048641205,0.0498958333333333,0.8489517819706498,0.5047169811320755,0.6021579711252004,2.7169811320754715,500.0,0.591111111111111,0.591111111111111,338.3333333333333,0.5,0.9012415450338198,0.6139857412768811,1.0,0.0025714285714285
2,4,2,5.0,1.0,0.97,0.1,200,100,0.3314546048641205,0.0498958333333333,0.8363570391872278,0.4245283018867924,0.5312628825114953,3.0754716981132075,473.3333333333333,0.5066666666666667,0.5066666666666667,270.0,0.3333333333333333,0.9098255606977572,0.5945981485728349,0.6666666666666666,0.0042857142857142
3,4,2,5.0,1.0,0.97,0.1,200,100,0.3314546048641205,0.0498958333333333,0.8011475945438209,0.3396226415094339,0.4367230254022706,3.320754716981132,500.0,0.3688888888888889,0.3688888888888889,286.6666666666667,0.5,0.8945220719117124,0.586177644934742,0.6666666666666666,0.0054285714285714
4,4,2,5.0,1.0,0.97,0.1,200,100,0.3314546048641205,0.0498958333333333,0.7418238993710691,0.3254716981132075,0.4253463848299995,4.150943396226415,500.0,0.3488888888888888,0.3488888888888888,308.3333333333333,0.3333333333333333,0.8438812744749021,0.4348949782450371,1.0,0.0034285714285714
5,4,2,5.0,1.0,0.97,0.1,200,100,0.3314546048641205,0.0498958333333333,0.8003559333748014,0.5707547169811321,0.6359084195201957,2.320754716981132,500.0,0.6333333333333333,0.6333333333333333,311.6666666666667,0.3333333333333333,0.9256541473834105,0.6946427788486687,1.0,0.0065714285714285
6,4,2,5.0,1.0,0.97,0.1,200,100,0.3314546048641205,0.0498958333333333,0.8095851475568457,0.4528301886792453,0.5372826257282124,3.2830188679245285,500.0,0.6222222222222222,0.6222222222222222,323.3333333333333,0.5,0.8871929512281951,0.52967419213038,0.6666666666666666,0.0037142857142857
7,4,2,5.0,1.0,0.97,0.1,200,100,0.3314546048641205,0.0498958333333333,0.8620885403904273,0.5141509433962265,0.5943966934532972,2.641509433962264,500.0,0.5555555555555556,0.5555555555555556,336.6666666666667,0.5,0.9043609825560698,0.6411719833644727,0.6666666666666666,0.004
8,4,2,5.0,1.0,0.97,0.1,200,100,0.3314546048641205,0.0498958333333333,0.8446112064036593,0.5283018867924528,0.6092757292360074,2.792452830188679,500.0,0.5311111111111111,0.5311111111111111,326.6666666666667,0.5,0.904881630473478,0.5933103069941993,1.0,0.0042857142857142
9,4,2,5.0,1.0,0.97,0.1,200,100,0.3314546048641205,0.0498958333333333,0.7470876483661986,0.4433962264150943,0.5111898902300872,3.2641509433962264,500.0,0.4111111111111111,0.4111111111111111,331.6666666666667,0.5,0.8949225703097188,0.5471997916293427,0.3333333333333333,0.0037142857142857
10,4,2,5.0,1.0,0.97,0.1,200,100,0.3314546048641205,0.0498958333333333,0.8278669643958212,0.5566037735849056,0.6118552307231552,3.0754716981132075,500.0,0.46,0.46,343.3333333333333,0.3333333333333333,0.899003203987184,0.5239739282726552,0.6666666666666666,0.008
11,4,2,5.0,1.0,0.97,0.1,200,100,0.3314546048641205,0.0498958333333333,0.8313170551239364,0.5424528301886793,0.6291688340347724,2.8679245283018866,500.0,0.6066666666666666,0.6066666666666666,326.6666666666667,0.5,0.8904592381630474,0.556939906672631,0.3333333333333333,0.0054285714285714
12,4,2,5.0,1.0,0.97,0.1,200,100,0.3314546048641205,0.0498958333333333,0.8337065450272998,0.5283018867924528,0.6280821533873697,2.69811320754717,500.0,0.7288888888888888,0.7288888888888888,313.3333333333333,0.3333333333333333,0.8960929156283375,0.593110104953006,1.0,0.0048571428571428
13,4,2,5.0,1.0,0.97,0.1,200,100,0.3314546048641205,0.0498958333333333,0.6767295597484276,0.2830188679245283,0.3709119496855346,3.509433962264151,500.0,0.3955555555555555,0.3955555555555555,260.0,0.5,0.9005873976504094,0.6226515365171355,1.0,0.006
14,4,2,5.0,1.0,0.97,0.1,200,100,0.3314546048641205,0.0498958333333333,0.8921603553679025,0.5566037735849056,0.6655770484294344,2.39622641509434,500.0,0.6088888888888889,0.6088888888888889,275.0,0.5,0.9150898896404416,0.6453640558822838,0.6666666666666666,0.0034285714285714
15,4,2,5.0,1.0,0.97,0.1,200,100,0.3314546048641205,0.0498958333333333,0.9038540307269498,0.5,0.5895474484819656,3.0,500.0,0.5244444444444444,0.5244444444444444,250.0,0.5,0.9054289782840867,0.5510280260387925,1.0,0.004
16,4,2,5.0,1.0,0.97,0.1,200,100,0.3314546048641205,0.0498958333333333,0.7568896512292738,0.490566037735849,0.5567669172932331,3.113207547169812,500.0,0.4044444444444444,0.4044444444444444,275.0,0.3333333333333333,0.8995283018867924,0.5523613819603582,1.0,0.0051428571428571
17,4,2,5.0,1.0,0.97,0.1,200,100,0.3314546048641205,0.0498958333333333,0.8188903863432165,0.4433962264150943,0.5336367648681453,3.30188679245283,500.0,0.4244444444444444,0.4244444444444444,216.66666666666663,0.3333333333333333,0.883187967248131,0.5288765114754866,1.0,0.0008571428571428
18,4,2,5.0,1.0,0.97,0.1,200,100,0.3314546048641205,0.0498958333333333,0.7972423802612482,0.5047169811320755,0.5875781759244578,2.6226415094339623,500.0,0.6,0.6,295.0,0.5,0.9157351370594518,0.6302021632829298,1.0,0.006
19,4,2,5.0,1.0,0.97,0.1,200,100,0.3314546048641205,0.0498958333333333,0.6560960004356231,0.3490566037735849,0.4187312687312688,3.5660377358490565,500.0,0.3422222222222222,0.3422222222222222,335.0,0.5,0.9099857600569596,0.5782639709394717,0.6666666666666666,0.0028571428571428
0,4,4,2.5,0.1,0.9,0.05,200,100,0.4010123610496521,0.0498958333333333,0.8867569868066392,0.5283018867924528,0.6257581676367566,2.5283018867924527,500.0,0.6511111111111111,0.6511111111111111,253.3333333333333,0.3333333333333333,0.931573432797178,0.6288940262823777,0.6666666666666666,0.0068571428571428
1,4,4,2.5,0.1,0.9,0.05,200,100,0.4010123610496521,0.0498958333333333,0.8235559417411453,0.5660377358490566,0.6502181074781566,2.679245283018868,500.0,0.5622222222222222,0.5622222222222222,258.3333333333333,0.1666666666666666,0.9152966115408264,0.5754308405184944,1.0,0.0034285714285714
2,4,4,2.5,0.1,0.9,0.05,200,100,0.4010123610496521,0.0498958333333333,0.6477987421383649,0.3066037735849056,0.3900963816058155,3.358490566037736,500.0,0.2444444444444444,0.2444444444444444,228.3333333333333,0.1666666666666666,0.9244028932975176,0.5937531900809659,1.0,0.0057142857142857
3,4,4,2.5,0.1,0.9,0.05,200,100,0.4010123610496521,0.0498958333333333,0.8562893081761006,0.5141509433962265,0.6145702306079663,2.509433962264151,500.0,0.6666666666666666,0.6666666666666666,288.3333333333333,0.5,0.923939690604874,0.6207320093497933,1.0,0.008
4,4,4,2.5,0.1,0.9,0.05,200,100,0.4010123610496521,0.0498958333333333,0.8245872033023736,0.5660377358490566,0.6482190059507532,3.113207547169812,396.6666666666667,0.7733333333333333,0.7733333333333333,281.6666666666667,0.3333333333333333,0.9274895627690216,0.5055176495280302,1.0,0.0054285714285714
5,4,4,2.5,0.1,0.9,0.05,200,100,0.4010123610496521,0.0498958333333333,0.8867107735032262,0.5188679245283019,0.6273435160227613,2.547169811320755,316.6666666666667,0.7644444444444445,0.7644444444444445,255.0,0.1666666666666666,0.9389705168452054,0.6484599575697481,1.0,0.004
6,4,4,2.5,0.1,0.9,0.05,200,100,0.4010123610496521,0.0498958333333333,0.777958833619211,0.4339622641509434,0.5142029877878935,3.39622641509434,500.0,0.4022222222222222,0.4022222222222222,305.0,0.5,0.9005469432667724,0.4654251730125523,1.0,0.0057142857142857
7,4,4,2.5,0.1,0.9,0.05,200,100,0.4010123610496521,0.0498958333333333,0.7971698113207547,0.4669811320754717,0.5747978436657682,3.169811320754717,500.0,0.6822222222222223,0.6822222222222223,340.0,0.5,0.9165385611184828,0.5635335441535387,0.3333333333333333,0.0017142857142857
8,4,4,2.5,0.1,0.9,0.05,200,100,0.4010123610496521,0.0498958333333333,0.8392520215633423,0.4858490566037736,0.5637825696316263,3.150943396226415,500.0,0.3688888888888889,0.3688888888888889,265.0,0.3333333333333333,0.9140526392439884,0.5081995427201496,1.0,0.0025714285714285
9,4,4,2.5,0.1,0.9,0.05,200,100,0.4010123610496521,0.0498958333333333,0.9169525443110348,0.5377358490566038,0.6451033243486071,2.339622641509434,500.0,0.7288888888888888,0.7288888888888888,276.6666666666667,0.5,0.9157861095828344,0.640806899515417,0.3333333333333333,0.0051428571428571
10,4,4,2.5,0.1,0.9,0.05,200,100,0.4010123610496521,0.0498958333333333,0.8261109959223167,0.5849056603773585,0.6550305656853935,2.547169811320755,500.0,0.4888888888888889,0.4888888888888889,325.0,0.1666666666666666,0.9450629470209392,0.6418104205646912,1.0,0.0065714285714285
11,4,4,2.5,0.1,0.9,0.05,200,100,0.4010123610496521,0.0498958333333333,0.8526729559748427,0.6273584905660378,0.7036707334373667,2.358490566037736,500.0,0.7600000000000001,0.7600000000000001,326.6666666666667,0.5,0.9320629308391858,0.5868983240724426,0.6666666666666666,0.0057142857142857
12,4,4,2.5,0.1,0.9,0.05,200,100,0.4010123610496521,0.0498958333333333,0.873654261439763,0.5141509433962265,0.6148970162095675,2.792452830188679,476.6666666666667,0.5755555555555555,0.5755555555555555,296.6666666666667,0.3333333333333333,0.93159770542736,0.6103399671422187,1.0,0.0048571428571428
13,4,4,2.5,0.1,0.9,0.05,200,100,0.4010123610496521,0.0498958333333333,0.6568134171907757,0.3726415094339622,0.4353751732103271,3.2452830188679247,443.3333333333333,0.3688888888888889,0.3688888888888889,260.0,0.1666666666666666,0.930301142431794,0.6136037420575803,0.6666666666666666,0.006
14,4,4,2.5,0.1,0.9,0.05,200,100,0.4010123610496521,0.0498958333333333,0.9119496855345912,0.4811320754716981,0.6084456424079066,2.811320754716981,500.0,0.5,0.5,218.3333333333333,0.1666666666666666,0.920638612900094,0.5838242959630848,1.0,0.0022857142857142
15,4,4,2.5,0.1,0.9,0.05,200,100,0.4010123610496521,0.0498958333333333,0.8128781072177299,0.4433962264150943,0.5519987680861564,3.0,500.0,0.4933333333333333,0.4933333333333333,265.0,0.5,0.9195038674390758,0.5529794002317685,0.6666666666666666,0.0068571428571428
16,4,4,2.5,0.1,0.9,0.05,200,100,0.4010123610496521,0.0498958333333333,0.7381551362683437,0.4339622641509434,0.5122335349743493,2.962264150943396,500.0,0.2022222222222222,0.2022222222222222,266.6666666666667,0.3333333333333333,0.9273965176866564,0.5882875864261965,0.6666666666666666,0.0011428571428571
17,4,4,2.5,0.1,0.9,0.05,200,100,0.4010123610496521,0.0498958333333333,0.7980419117459832,0.419811320754717,0.517696922903698,3.207547169811321,500.0,0.5444444444444444,0.5444444444444444,211.66666666666663,0.1666666666666666,0.910106314120198,0.538891125290023,1.0,0.0022857142857142
18,4,4,2.5,0.1,0.9,0.05,200,100,0.4010123610496521,0.0498958333333333,0.7827229004809471,0.4952830188679245,0.5647349505840072,2.792452830188679,496.6666666666667,0.5733333333333334,0.5733333333333334,320.0,0.3333333333333333,0.9052457199262112,0.6074364754260265,1.0,0.0065714285714285
19,4,4,2.5,0.1,0.9,0.05,200,100,0.4010123610496521,0.0498958333333333,0.8848809964237268,0.6037735849056604,0.6834335475844906,2.188679245283019,500.0,0.6755555555555555,0.6755555555555555,238.3333333333333,0.1666666666666666,0.9456657173371308,0.7349292378693675,0.6666666666666666,0.0034285714285714
0,4,4,2.5,0.1,0.97,0.1,200,100,0.4010123610496521,0.0498958333333333,0.8968198798884002,0.5141509433962265,0.6162942562860528,2.6226415094339623,500.0,0.6666666666666666,0.6666666666666666,268.3333333333333,0.3333333333333333,0.9367354121492604,0.6216870100516583,0.6666666666666666,0.0068571428571428
1,4,4,2.5,0.1,0.97,0.1,200,100,0.4010123610496521,0.0498958333333333,0.8251282687851705,0.5566037735849056,0.6409189161034937,2.69811320754717,500.0,0.611111111111111,0.611111111111111,316.6666666666667,0.3333333333333333,0.9188889608077933,0.556998778691923,1.0,0.0034285714285714
2,4,4,2.5,0.1,0.97,0.1,200,100,0.4010123610496521,0.0498958333333333,0.6257861635220127,0.2924528301886792,0.3663767050559501,3.471698113207548,500.0,0.2666666666666666,0.2666666666666666,251.66666666666663,0.3333333333333333,0.9377204763908216,0.5885887949852712,1.0,0.0057142857142857
3,4,4,2.5,0.1,0.97,0.1,200,100,0.4010123610496521,0.0498958333333333,0.8207547169811321,0.4575471698113207,0.5735849056603775,2.754716981132076,500.0,0.6422222222222221,0.6422222222222221,271.6666666666667,0.5,0.9359991423670668,0.6230136698600213,1.0,0.008
4,4,4,2.5,0.1,0.97,0.1,200,100,0.4010123610496521,0.0498958333333333,0.8488010397803611,0.5613207547169812,0.6568293683347004,3.0943396226415096,500.0,0.8133333333333334,0.8133333333333334,325.0,0.5,0.9278475840642092,0.5102482005104071,1.0,0.0054285714285714
5,4,4,2.5,0.1,0.97,0.1,200,100,0.4010123610496521,0.0498958333333333,0.8568365596667483,0.4575471698113207,0.5711440551063193,2.754716981132076,500.0,0.7311111111111112,0.7311111111111112,275.0,0.3333333333333333,0.9430685459076346,0.6528392973589191,1.0,0.004
6,4,4,2.5,0.1,0.97,0.1,200,100,0.4010123610496521,0.0498958333333333,0.8006003430531732,0.3820754716981132,0.471016404978669,3.5849056603773586,500.0,0.3288888888888888,0.3288888888888888,311.6666666666667,0.5,0.904827017055568,0.4619623057068956,1.0,0.0057142857142857
7,4,4,2.5,0.1,0.97,0.1,200,100,0.4010123610496521,0.0498958333333333,0.8050314465408804,0.5047169811320755,0.6052111410601977,3.0,500.0,0.7111111111111111,0.7111111111111111,335.0,0.5,0.9169350140781256,0.5577367026714449,0.3333333333333333,0.0017142857142857
8,4,4,2.5,0.1,0.97,0.1,200,100,0.4010123610496521,0.0498958333333333,0.7480570530098832,0.4339622641509434,0.503854447439353,3.4150943396226414,500.0,0.3088888888888889,0.3088888888888889,326.6666666666667,0.5,0.9143540244020842,0.4911073193927484,1.0,0.0025714285714285
9,4,4,2.5,0.1,0.97,0.1,200,100,0.4010123610496521,0.0498958333333333,0.9078779710855184,0.5188679245283019,0.6285442021291077,2.490566037735849,500.0,0.7155555555555555,0.7155555555555555,281.6666666666667,0.5,0.922546037088579,0.6347124252885504,0.3333333333333333,0.0051428571428571
10,4,4,2.5,0.1,0.97,0.1,200,100,0.4010123610496521,0.0498958333333333,0.8512682286267191,0.6132075471698113,0.6835121469971635,2.452830188679245,500.0,0.5422222222222223,0.5422222222222223,348.3333333333333,0.3333333333333333,0.9455079452409464,0.6424557128028088,1.0,0.0065714285714285
11,4,4,2.5,0.1,0.97,0.1,200,100,0.4010123610496521,0.0498958333333333,0.8511006289308176,0.5943396226415094,0.6796365914786964,2.490566037735849,500.0,0.7177777777777777,0.7177777777777777,326.6666666666667,0.5,0.9292189876695038,0.5828413213228424,0.6666666666666666,0.0057142857142857
12,4,4,2.5,0.1,0.97,0.1,200,100,0.4010123610496521,0.0498958333333333,0.873654261439763,0.5047169811320755,0.607709235436881,2.830188679245283,496.6666666666667,0.5333333333333333,0.5333333333333333,305.0,0.3333333333333333,0.9324897245865562,0.6088361802797956,1.0,0.0048571428571428
13,4,4,2.5,0.1,0.97,0.1,200,100,0.4010123610496521,0.0498958333333333,0.7291404612159329,0.3584905660377358,0.4422035649443792,3.2452830188679247,500.0,0.3711111111111111,0.3711111111111111,298.3333333333333,0.5,0.9360355513123402,0.6326790082218507,0.6666666666666666,0.006
14,4,4,2.5,0.1,0.97,0.1,200,100,0.4010123610496521,0.0498958333333333,0.8867924528301887,0.4716981132075472,0.595507637017071,2.9245283018867925,500.0,0.4955555555555556,0.4955555555555556,236.66666666666663,0.1666666666666666,0.9195362309459854,0.5598174705563729,1.0,0.0022857142857142
15,4,4,2.5,0.1,0.97,0.1,200,100,0.4010123610496521,0.0498958333333333,0.845896975142258,0.4292452830188679,0.5446762164239821,3.037735849056604,500.0,0.5222222222222221,0.5222222222222221,258.3333333333333,0.5,0.9239437360432377,0.5660943437235888,0.6666666666666666,0.0068571428571428
16,4,4,2.5,0.1,0.97,0.1,200,100,0.4010123610496521,0.0498958333333333,0.70041928721174,0.3632075471698113,0.4417932834020222,3.2452830188679247,500.0,0.1555555555555555,0.1555555555555555,275.0,0.3333333333333333,0.9321620440790964,0.5837187381302603,0.6666666666666666,0.0011428571428571
17,4,4,2.5,0.1,0.97,0.1,200,100,0.4010123610496521,0.0498958333333333,0.7980419117459832,0.3773584905660377,0.484722978608999,3.320754716981132,500.0,0.5355555555555556,0.5355555555555556,223.3333333333333,0.3333333333333333,0.9096795203728276,0.5358455755259676,1.0,0.0022857142857142
18,4,4,2.5,0.1,0.97,0.1,200,100,0.4010123610496521,0.0498958333333333,0.792156862745098,0.490566037735849,0.5661725067385445,2.811320754716981,500.0,0.5533333333333333,0.5533333333333333,311.6666666666667,0.5,0.9096370432700088,0.6078324415785188,1.0,0.0065714285714285
19,4,4,2.5,0.1,0.97,0.1,200,100,0.4010123610496521,0.0498958333333333,0.897459612775928,0.5754716981132075,0.6634874559402859,2.2641509433962264,500.0,0.7666666666666666,0.7666666666666666,290.0,0.3333333333333333,0.9507467879219392,0.7490381340006027,0.6666666666666666,0.0034285714285714
0,4,4,2.5,1.0,0.9,0.1,200,100,0.3953678905963898,0.0498958333333333,0.8600628930817609,0.5047169811320755,0.6047619047619047,2.490566037735849,500.0,0.6733333333333333,0.6733333333333333,263.3333333333333,0.3333333333333333,0.9409325544516004,0.6659719548967994,0.6666666666666666,0.0071428571428571
1,4,4,2.5,1.0,0.9,0.1,200,100,0.3953678905963898,0.0498958333333333,0.8185989925723554,0.5471698113207547,0.6321838169229956,2.5849056603773586,500.0,0.611111111111111,0.611111111111111,286.6666666666667,0.1666666666666666,0.9237677594744168,0.6093182291217673,1.0,0.0034285714285714
2,4,4,2.5,1.0,0.9,0.1,200,100,0.3953678905963898,0.0498958333333333,0.6685050798258345,0.2877358490566037,0.3746736430421225,3.2830188679245285,500.0,0.2577777777777778,0.2577777777777778,253.3333333333333,0.3333333333333333,0.9368345253891712,0.6327006664460697,1.0,0.006
3,4,4,2.5,1.0,0.9,0.1,200,100,0.3953678905963898,0.0498958333333333,0.8490566037735849,0.4669811320754717,0.586972147349506,2.679245283018868,500.0,0.6444444444444444,0.6444444444444444,275.0,0.5,0.9370226382730832,0.6506095774281092,1.0,0.008
4,4,4,2.5,1.0,0.9,0.1,200,100,0.3953678905963898,0.0498958333333333,0.8457216340817895,0.5330188679245284,0.6355530891601923,3.018867924528302,500.0,0.7599999999999999,0.7599999999999999,325.0,0.5,0.9312922748309008,0.5498385024348709,1.0,0.0054285714285714
5,4,4,2.5,1.0,0.9,0.1,200,100,0.3953678905963898,0.0498958333333333,0.8916523727844481,0.4716981132075472,0.590633423180593,2.6226415094339623,500.0,0.7533333333333333,0.7533333333333333,273.3333333333333,0.3333333333333333,0.9440030421696496,0.6783635396111588,1.0,0.004
6,4,4,2.5,1.0,0.9,0.1,200,100,0.3953678905963898,0.0498958333333333,0.8127058999700508,0.4056603773584906,0.4987132992793369,3.320754716981132,500.0,0.3711111111111111,0.3711111111111111,313.3333333333333,0.5,0.9070924625392408,0.4994442611175158,1.0,0.006
7,4,4,2.5,1.0,0.9,0.1,200,100,0.3953678905963898,0.0498958333333333,0.8050314465408804,0.5,0.6016172506738545,2.811320754716981,500.0,0.6933333333333334,0.6933333333333334,333.3333333333333,0.5,0.9217409948542024,0.6238364238643663,0.3333333333333333,0.0017142857142857
8,4,4,2.5,1.0,0.9,0.1,200,100,0.3953678905963898,0.0498958333333333,0.7770942339199831,0.4292452830188679,0.5074317870147066,3.2641509433962264,500.0,0.3,0.3,313.3333333333333,0.3333333333333333,0.9150033172594584,0.5196930897839814,1.0,0.0025714285714285
9,4,4,2.5,1.0,0.9,0.1,200,100,0.3953678905963898,0.0498958333333333,0.927644368210406,0.5047169811320755,0.6224019167415393,2.4339622641509435,500.0,0.7155555555555555,0.7155555555555555,280.0,0.5,0.9237940548237809,0.6654354607081201,0.3333333333333333,0.0051428571428571
10,4,4,2.5,1.0,0.9,0.1,200,100,0.3953678905963898,0.0498958333333333,0.846298984034833,0.5990566037735849,0.6737566724803127,2.39622641509434,500.0,0.52,0.52,355.0,0.3333333333333333,0.9459387844266804,0.6677046294250951,0.6666666666666666,0.0062857142857142
11,4,4,2.5,1.0,0.9,0.1,200,100,0.3953678905963898,0.0498958333333333,0.8610425737784227,0.5990566037735849,0.6850589292320699,2.3773584905660377,500.0,0.7088888888888888,0.7088888888888888,326.6666666666667,0.5,0.9307764814395288,0.6151518198052558,0.6666666666666666,0.0057142857142857
12,4,4,2.5,1.0,0.9,0.1,200,100,0.3953678905963898,0.0498958333333333,0.881047411707789,0.5,0.6071349294434755,2.7358490566037736,493.3333333333333,0.5244444444444444,0.5244444444444444,303.3333333333333,0.3333333333333333,0.9347187611249556,0.64185074623105,1.0,0.0051428571428571
13,4,4,2.5,1.0,0.9,0.1,200,100,0.3953678905963898,0.0498958333333333,0.7421383647798742,0.3632075471698113,0.450063838842389,3.037735849056604,473.3333333333333,0.3688888888888889,0.3688888888888889,238.3333333333333,0.1666666666666666,0.9367091167998964,0.6739095181427127,0.6666666666666666,0.006
14,4,4,2.5,1.0,0.9,0.1,200,100,0.3953678905963898,0.0498958333333333,0.9056603773584906,0.4811320754716981,0.6080862533692722,2.7358490566037736,500.0,0.4955555555555555,0.4955555555555555,216.66666666666663,0.1666666666666666,0.9259785915401793,0.6059784238913191,1.0,0.002
15,4,4,2.5,1.0,0.9,0.1,200,100,0.3953678905963898,0.0498958333333333,0.8670398783606331,0.4245283018867924,0.544922997636357,2.9245283018867925,500.0,0.4866666666666666,0.4866666666666666,258.3333333333333,0.5,0.9256225929641736,0.5934721217244017,0.6666666666666666,0.0065714285714285
16,4,4,2.5,1.0,0.9,0.1,200,100,0.3953678905963898,0.0498958333333333,0.6567212661552284,0.3396226415094339,0.4148046182452397,3.2264150943396226,500.0,0.0955555555555555,0.0955555555555555,270.0,0.3333333333333333,0.9325665879154664,0.6065633244784651,0.6666666666666666,0.0011428571428571
17,4,4,2.5,1.0,0.9,0.1,200,100,0.3953678905963898,0.0498958333333333,0.7422282120395327,0.3584905660377358,0.4579814315663372,3.2264150943396226,500.0,0.4866666666666666,0.4866666666666666,223.3333333333333,0.3333333333333333,0.9127722580018772,0.586915818459877,1.0,0.002
18,4,4,2.5,1.0,0.9,0.1,200,100,0.3953678905963898,0.0498958333333333,0.8082486695694242,0.5,0.5774703592128676,2.5283018867924527,500.0,0.5377777777777778,0.5377777777777778,306.6666666666667,0.5,0.9090221366387262,0.642519300672042,1.0,0.0065714285714285
19,4,4,2.5,1.0,0.9,0.1,200,100,0.3953678905963898,0.0498958333333333,0.9021528785679728,0.5754716981132075,0.6671713968606308,2.113207547169812,500.0,0.7644444444444445,0.7644444444444445,260.0,0.1666666666666666,0.9534754360982556,0.7750188819130035,0.6666666666666666,0.0034285714285714
0,4,4,2.5,1.0,0.97,0.05,200,100,0.3953678905963898,0.0498958333333333,0.8795597484276728,0.4858490566037736,0.5944893680742738,2.5849056603773586,500.0,0.6444444444444445,0.6444444444444445,260.0,0.3333333333333333,0.9309261626589858,0.6469232010224972,0.6666666666666666,0.0071428571428571
1,4,4,2.5,1.0,0.97,0.05,200,100,0.3953678905963898,0.0498958333333333,0.8185989925723554,0.5377358490566038,0.6244569525923577,2.6226415094339623,500.0,0.5577777777777778,0.5577777777777778,278.3333333333333,0.1666666666666666,0.9199124567138096,0.6178875111608877,1.0,0.0034285714285714
2,4,4,2.5,1.0,0.97,0.05,200,100,0.3953678905963898,0.0498958333333333,0.6244799225931302,0.2877358490566037,0.3678452513080703,3.358490566037736,500.0,0.24,0.24,235.0,0.1666666666666666,0.9313772290365384,0.6075888878992284,1.0,0.006
3,4,4,2.5,1.0,0.97,0.05,200,100,0.3953678905963898,0.0498958333333333,0.8223270440251571,0.5,0.6006738544474394,2.5660377358490565,500.0,0.6688888888888888,0.6688888888888888,266.6666666666667,0.5,0.9275482216252952,0.6417613437305888,1.0,0.008
4,4,4,2.5,1.0,0.97,0.05,200,100,0.3953678905963898,0.0498958333333333,0.8347153447736133,0.5235849056603774,0.625894508746895,3.0754716981132075,500.0,0.7577777777777778,0.7577777777777778,331.6666666666667,0.5,0.9292816919641412,0.5448040093716181,1.0,0.0054285714285714
5,4,4,2.5,1.0,0.97,0.05,200,100,0.3953678905963898,0.0498958333333333,0.8507718696397942,0.4764150943396226,0.5822776280323451,2.69811320754717,403.3333333333333,0.7377777777777778,0.7377777777777778,303.3333333333333,0.3333333333333333,0.939692627593126,0.6637817231789995,1.0,0.004
6,4,4,2.5,1.0,0.97,0.05,200,100,0.3953678905963898,0.0498958333333333,0.7938379754417489,0.4245283018867924,0.5102137485156353,3.2452830188679247,500.0,0.3822222222222222,0.3822222222222222,305.0,0.5,0.9050333344121168,0.4946733666256513,1.0,0.006
7,4,4,2.5,1.0,0.97,0.05,200,100,0.3953678905963898,0.0498958333333333,0.8018867924528302,0.4622641509433962,0.573225516621743,2.962264150943396,500.0,0.6755555555555556,0.6755555555555556,338.3333333333333,0.5,0.9206022039548204,0.6205507377239687,0.3333333333333333,0.0017142857142857
8,4,4,2.5,1.0,0.97,0.05,200,100,0.3953678905963898,0.0498958333333333,0.786528196184134,0.4433962264150943,0.5209088759634936,3.188679245283019,500.0,0.3333333333333333,0.3333333333333333,305.0,0.3333333333333333,0.9143358199294476,0.5144719058549861,1.0,0.0025714285714285
9,4,4,2.5,1.0,0.97,0.05,200,100,0.3953678905963898,0.0498958333333333,0.9213550600343052,0.5330188679245284,0.6403713686732554,2.339622641509434,500.0,0.7311111111111112,0.7311111111111112,276.6666666666667,0.5,0.9203716139680896,0.6633493808766701,0.3333333333333333,0.0051428571428571
10,4,4,2.5,1.0,0.97,0.05,200,100,0.3953678905963898,0.0498958333333333,0.8400096758587324,0.5801886792452831,0.6556075260292794,2.4339622641509435,500.0,0.4888888888888889,0.4888888888888889,331.6666666666667,0.1666666666666666,0.9485015696300853,0.6710495072594801,0.6666666666666666,0.0062857142857142
11,4,4,2.5,1.0,0.97,0.05,200,100,0.3953678905963898,0.0498958333333333,0.8673318819545235,0.6179245283018868,0.7003329633740286,2.2830188679245285,500.0,0.7377777777777778,0.7377777777777778,325.0,0.5,0.9301555066507008,0.6125656563149892,0.6666666666666666,0.0057142857142857
12,4,4,2.5,1.0,0.97,0.05,200,100,0.3953678905963898,0.0498958333333333,0.881047411707789,0.5094339622641509,0.6143227102161619,2.69811320754717,493.3333333333333,0.5622222222222222,0.5622222222222222,303.3333333333333,0.3333333333333333,0.9337134696915758,0.6494435595241237,1.0,0.0051428571428571
13,4,4,2.5,1.0,0.97,0.05,200,100,0.3953678905963898,0.0498958333333333,0.6855345911949685,0.3679245283018867,0.4414385019151652,3.0754716981132075,456.6666666666667,0.3577777777777777,0.3577777777777777,261.6666666666667,0.1666666666666666,0.9356795527363344,0.6690103411337139,0.6666666666666666,0.006
14,4,4,2.5,1.0,0.97,0.05,200,100,0.3953678905963898,0.0498958333333333,0.9056603773584906,0.4858490566037736,0.6131176999101527,2.7358490566037736,500.0,0.5044444444444444,0.5044444444444444,216.66666666666663,0.1666666666666666,0.922719990938218,0.6015753474445422,1.0,0.002
15,4,4,2.5,1.0,0.97,0.05,200,100,0.3953678905963898,0.0498958333333333,0.8481719538323312,0.4292452830188679,0.5474387209067973,2.9056603773584904,500.0,0.4955555555555555,0.4955555555555555,263.3333333333333,0.5,0.9192469821029808,0.5757222896636394,0.6666666666666666,0.0065714285714285
16,4,4,2.5,1.0,0.97,0.05,200,100,0.3953678905963898,0.0498958333333333,0.7133250397401341,0.4150943396226415,0.4942295957834249,2.9245283018867925,500.0,0.1688888888888889,0.1688888888888889,271.6666666666667,0.3333333333333333,0.93057016408298,0.613936535713387,0.6666666666666666,0.0011428571428571
17,4,4,2.5,1.0,0.97,0.05,200,100,0.3953678905963898,0.0498958333333333,0.7768194070080863,0.3867924528301887,0.4894279724468404,3.113207547169812,500.0,0.5066666666666667,0.5066666666666667,216.66666666666663,0.1666666666666666,0.9127500080908768,0.5884882259206057,1.0,0.002
18,4,4,2.5,1.0,0.97,0.05,200,100,0.3953678905963898,0.0498958333333333,0.7893807450411223,0.4858490566037736,0.5636338812254462,2.60377358490566,500.0,0.5777777777777778,0.5777777777777778,315.0,0.5,0.9098312243114663,0.6564298736365871,1.0,0.0065714285714285
19,4,4,2.5,1.0,0.97,0.05,200,100,0.3953678905963898,0.0498958333333333,0.8958635703918721,0.6132075471698113,0.6989773267797682,1.981132075471698,500.0,0.7111111111111111,0.7111111111111111,243.3333333333333,0.1666666666666666,0.9482123207870804,0.7621791544994148,0.6666666666666666,0.0034285714285714
0,4,4,5.0,0.1,0.9,0.1,200,100,0.4010123610496521,0.0498958333333333,0.8788953515865133,0.5094339622641509,0.6092711954894071,2.6226415094339623,500.0,0.68,0.68,263.3333333333333,0.3333333333333333,0.9372249101912684,0.6389979902582378,0.6666666666666666,0.0068571428571428
1,4,4,5.0,0.1,0.9,0.1,200,100,0.4010123610496521,0.0498958333333333,0.8251282687851705,0.5707547169811321,0.6531381434170606,2.641509433962264,500.0,0.6044444444444443,0.6044444444444443,288.3333333333333,0.1666666666666666,0.9198436842616264,0.56454912206382,1.0,0.0034285714285714
2,4,4,5.0,0.1,0.9,0.1,200,100,0.4010123610496521,0.0498958333333333,0.6540880503144654,0.3066037735849056,0.3866821857387894,3.3773584905660377,500.0,0.2666666666666666,0.2666666666666666,251.66666666666663,0.3333333333333333,0.935726075277517,0.6096629055316066,1.0,0.0057142857142857
3,4,4,5.0,0.1,0.9,0.1,200,100,0.4010123610496521,0.0498958333333333,0.8522012578616351,0.4716981132075472,0.5914645103324349,2.679245283018868,500.0,0.6466666666666666,0.6466666666666666,276.6666666666667,0.5,0.9354186219618758,0.6305483959825269,1.0,0.008
4,4,4,5.0,0.1,0.9,0.1,200,100,0.4010123610496521,0.0498958333333333,0.8425117316042603,0.5471698113207547,0.6438015156842062,3.150943396226415,500.0,0.7888888888888889,0.7888888888888889,326.6666666666667,0.5,0.9289418751415904,0.5122992093059803,1.0,0.0054285714285714
5,4,4,5.0,0.1,0.9,0.1,200,100,0.4010123610496521,0.0498958333333333,0.8945724087233521,0.5,0.613372267145852,2.5660377358490565,410.0,0.7422222222222222,0.7422222222222222,283.3333333333333,0.3333333333333333,0.9439767468202854,0.6637574507519076,1.0,0.004
6,4,4,5.0,0.1,0.9,0.1,200,100,0.4010123610496521,0.0498958333333333,0.8006003430531732,0.4056603773584906,0.4947360815285342,3.490566037735849,500.0,0.36,0.36,313.3333333333333,0.5,0.9033908864364544,0.4671330810230203,1.0,0.0057142857142857
7,4,4,5.0,0.1,0.9,0.1,200,100,0.4010123610496521,0.0498958333333333,0.8050314465408804,0.5047169811320755,0.6052111410601977,3.0,500.0,0.7066666666666667,0.7066666666666667,335.0,0.5,0.9170482863523092,0.5616992278802974,0.3333333333333333,0.0017142857142857
8,4,4,5.0,0.1,0.9,0.1,200,100,0.4010123610496521,0.0498958333333333,0.7713274932614556,0.4386792452830189,0.5141269841269841,3.339622641509434,500.0,0.3288888888888888,0.3288888888888888,310.0,0.3333333333333333,0.9155251788083756,0.5050605073388056,1.0,0.0025714285714285
9,4,4,5.0,0.1,0.9,0.1,200,100,0.4010123610496521,0.0498958333333333,0.9150657518582048,0.5235849056603774,0.633183587900569,2.4339622641509435,500.0,0.7355555555555556,0.7355555555555556,280.0,0.5,0.9213425191753778,0.6417972789424379,0.3333333333333333,0.0051428571428571
10,4,4,5.0,0.1,0.9,0.1,200,100,0.4010123610496521,0.0498958333333333,0.8418342663625682,0.6226415094339622,0.6871060373835066,2.4150943396226414,500.0,0.5288888888888889,0.5288888888888889,346.6666666666667,0.3333333333333333,0.9440920418136508,0.6439660303324898,1.0,0.0065714285714285
11,4,4,5.0,0.1,0.9,0.1,200,100,0.4010123610496521,0.0498958333333333,0.8511006289308176,0.5990566037735849,0.6832304818650398,2.471698113207548,500.0,0.7111111111111111,0.7111111111111111,326.6666666666667,0.5,0.9301858474384284,0.5861079637543477,0.6666666666666666,0.0057142857142857
12,4,4,5.0,0.1,0.9,0.1,200,100,0.4010123610496521,0.0498958333333333,0.873654261439763,0.5,0.6041153450505378,2.849056603773585,493.3333333333333,0.5266666666666667,0.5266666666666667,303.3333333333333,0.3333333333333333,0.932222725654552,0.6048397924920784,1.0,0.0048571428571428
13,4,4,5.0,0.1,0.9,0.1,200,100,0.4010123610496521,0.0498958333333333,0.7291404612159329,0.3726415094339622,0.4520867635068231,3.188679245283019,470.0,0.3777777777777777,0.3777777777777777,276.6666666666667,0.1666666666666666,0.9335941292598466,0.6276363515603626,0.6666666666666666,0.006
14,4,4,5.0,0.1,0.9,0.1,200,100,0.4010123610496521,0.0498958333333333,0.9056603773584906,0.4858490566037736,0.6131176999101527,2.830188679245283,500.0,0.4977777777777777,0.4977777777777777,218.3333333333333,0.1666666666666666,0.922165765882391,0.5763747120869821,1.0,0.0022857142857142
15,4,4,5.0,0.1,0.9,0.1,200,100,0.4010123610496521,0.0498958333333333,0.8474693021862834,0.4245283018867924,0.5403186243305409,3.037735849056604,500.0,0.4866666666666666,0.4866666666666666,258.3333333333333,0.5,0.9238345092074176,0.5672466289328995,0.6666666666666666,0.0068571428571428
16,4,4,5.0,0.1,0.9,0.1,200,100,0.4010123610496521,0.0498958333333333,0.70041928721174,0.3679245283018867,0.4453871737883654,3.2264150943396226,500.0,0.1355555555555555,0.1355555555555555,271.6666666666667,0.3333333333333333,0.9307704132819832,0.5833482848835377,0.6666666666666666,0.0011428571428571
17,4,4,5.0,0.1,0.9,0.1,200,100,0.4010123610496521,0.0498958333333333,0.7508721004252285,0.3773584905660377,0.4769961142783611,3.339622641509434,500.0,0.5111111111111111,0.5111111111111111,225.0,0.3333333333333333,0.909970791935014,0.5389454514883059,1.0,0.0022857142857142
18,4,4,5.0,0.1,0.9,0.1,200,100,0.4010123610496521,0.0498958333333333,0.8015908250092489,0.5047169811320755,0.5773135669362085,2.7358490566037736,500.0,0.5422222222222223,0.5422222222222223,308.3333333333333,0.5,0.906776918346872,0.5984632618483982,1.0,0.0065714285714285
19,4,4,5.0,0.1,0.9,0.1,200,100,0.4010123610496521,0.0498958333333333,0.897459612775928,0.5990566037735849,0.6810975188333677,2.169811320754717,500.0,0.7666666666666666,0.7666666666666666,258.3333333333333,0.1666666666666666,0.9507973559014856,0.7496717679984795,0.6666666666666666,0.0034285714285714
0,4,4,5.0,0.1,0.97,0.05,200,100,0.4010123610496521,0.0498958333333333,0.8795242824041234,0.5094339622641509,0.6094209409221714,2.641509433962264,500.0,0.6599999999999999,0.6599999999999999,260.0,0.3333333333333333,0.9313752063173566,0.6170984591602251,0.6666666666666666,0.0068571428571428
1,4,4,5.0,0.1,0.97,0.05,200,100,0.4010123610496521,0.0498958333333333,0.8251282687851705,0.5566037735849056,0.642715861296665,2.69811320754717,500.0,0.5577777777777778,0.5577777777777778,278.3333333333333,0.1666666666666666,0.9159620861516554,0.5720094081599176,1.0,0.0034285714285714
2,4,4,5.0,0.1,0.97,0.05,200,100,0.4010123610496521,0.0498958333333333,0.6257861635220127,0.2971698113207547,0.3737441803479539,3.471698113207548,500.0,0.2488888888888888,0.2488888888888888,235.0,0.1666666666666666,0.9299512120133338,0.582674095040032,1.0,0.0057142857142857
3,4,4,5.0,0.1,0.97,0.05,200,100,0.4010123610496521,0.0498958333333333,0.8223270440251571,0.5,0.6006738544474394,2.60377358490566,500.0,0.6777777777777777,0.6777777777777777,268.3333333333333,0.5,0.9260048868895432,0.6194482078701276,1.0,0.008
4,4,4,5.0,0.1,0.97,0.05,200,100,0.4010123610496521,0.0498958333333333,0.829933115252059,0.5377358490566038,0.6330198445251766,3.207547169811321,500.0,0.7688888888888888,0.7688888888888888,333.3333333333333,0.5,0.9273176316385644,0.5067645030874421,1.0,0.0054285714285714
5,4,4,5.0,0.1,0.97,0.05,200,100,0.4010123610496521,0.0498958333333333,0.8552642326227231,0.4858490566037736,0.5894279724468404,2.679245283018868,396.6666666666667,0.7422222222222222,0.7422222222222222,291.6666666666667,0.3333333333333333,0.9396440823327616,0.6458461914241626,1.0,0.004
6,4,4,5.0,0.1,0.97,0.05,200,100,0.4010123610496521,0.0498958333333333,0.7722984562607204,0.419811320754717,0.499947222588732,3.471698113207548,500.0,0.3622222222222222,0.3622222222222222,305.0,0.5,0.9011112819185086,0.4636869673429884,1.0,0.0057142857142857
7,4,4,5.0,0.1,0.97,0.05,200,100,0.4010123610496521,0.0498958333333333,0.8018867924528302,0.4716981132075472,0.5795148247978437,3.1320754716981134,500.0,0.6844444444444445,0.6844444444444445,338.3333333333333,0.5,0.9161785171041134,0.5608107161714341,0.3333333333333333,0.0017142857142857
8,4,4,5.0,0.1,0.97,0.05,200,100,0.4010123610496521,0.0498958333333333,0.8008872416891285,0.4575471698113207,0.5312279125486672,3.2641509433962264,500.0,0.3444444444444444,0.3444444444444444,303.3333333333333,0.3333333333333333,0.9144733648338134,0.4996037739917572,1.0,0.0025714285714285
9,4,4,5.0,0.1,0.97,0.05,200,100,0.4010123610496521,0.0498958333333333,0.9078779710855184,0.5471698113207547,0.6497481554085326,2.3773584905660377,500.0,0.7466666666666667,0.7466666666666667,276.6666666666667,0.5,0.9175600343053172,0.6328330766341096,0.3333333333333333,0.0051428571428571
10,4,4,5.0,0.1,0.97,0.05,200,100,0.4010123610496521,0.0498958333333333,0.8339726311424424,0.5801886792452831,0.6530090023430755,2.547169811320755,500.0,0.4866666666666666,0.4866666666666666,328.3333333333333,0.1666666666666666,0.9464141234344152,0.6422114393582575,1.0,0.0065714285714285
11,4,4,5.0,0.1,0.97,0.05,200,100,0.4010123610496521,0.0498958333333333,0.8526729559748427,0.6273584905660378,0.7036707334373667,2.358490566037736,500.0,0.7400000000000001,0.7400000000000001,326.6666666666667,0.5,0.9295304864235088,0.5841848868468204,0.6666666666666666,0.0057142857142857
12,4,4,5.0,0.1,0.97,0.05,200,100,0.4010123610496521,0.0498958333333333,0.873654261439763,0.5141509433962265,0.6148970162095675,2.792452830188679,493.3333333333333,0.5666666666666668,0.5666666666666668,305.0,0.3333333333333333,0.9313893653516296,0.6095418141328446,1.0,0.0048571428571428
13,4,4,5.0,0.1,0.97,0.05,200,100,0.4010123610496521,0.0498958333333333,0.6819706498951782,0.3820754716981132,0.4497507347557,3.188679245283019,453.3333333333333,0.3688888888888888,0.3688888888888888,261.6666666666667,0.1666666666666666,0.9329023592996536,0.6233841804236795,0.6666666666666666,0.006
14,4,4,5.0,0.1,0.97,0.05,200,100,0.4010123610496521,0.0498958333333333,0.9056603773584906,0.4811320754716981,0.6080862533692722,2.8679245283018866,500.0,0.5022222222222222,0.5022222222222222,216.66666666666663,0.1666666666666666,0.9189415515065212,0.5714991571116614,1.0,0.0022857142857142
15,4,4,5.0,0.1,0.97,0.05,200,100,0.4010123610496521,0.0498958333333333,0.834890685834082,0.4386792452830189,0.5518190735668392,2.962264150943396,500.0,0.4977777777777777,0.4977777777777777,265.0,0.5,0.9178917602511408,0.5520155148053832,0.6666666666666666,0.0068571428571428
16,4,4,5.0,0.1,0.97,0.05,200,100,0.4010123610496521,0.0498958333333333,0.7381551362683437,0.4433962264150943,0.5199603993049873,2.9245283018867925,500.0,0.1999999999999999,0.1999999999999999,271.6666666666667,0.3333333333333333,0.9289418751415904,0.5891123762782272,0.6666666666666666,0.0011428571428571
17,4,4,5.0,0.1,0.97,0.05,200,100,0.4010123610496521,0.0498958333333333,0.8074758740101341,0.419811320754717,0.5231776057428714,3.188679245283019,500.0,0.5244444444444444,0.5244444444444444,215.0,0.1666666666666666,0.9105209715524776,0.5408282494013007,1.0,0.0022857142857142
18,4,4,5.0,0.1,0.97,0.05,200,100,0.4010123610496521,0.0498958333333333,0.792156862745098,0.5047169811320755,0.5760557053009884,2.754716981132076,500.0,0.5822222222222222,0.5822222222222222,318.3333333333333,0.5,0.9083242985209876,0.6158285974326642,1.0,0.0065714285714285
19,4,4,5.0,0.1,0.97,0.05,200,100,0.4010123610496521,0.0498958333333333,0.8927426316438525,0.6179245283018868,0.69866265809662,2.113207547169812,500.0,0.7111111111111111,0.7111111111111111,243.3333333333333,0.1666666666666666,0.9463069193177772,0.7374824064012878,0.6666666666666666,0.0034285714285714
0,4,4,5.0,1.0,0.9,0.05,200,100,0.3953678905963898,0.0498958333333333,0.8867924528301887,0.5094339622641509,0.6115453728661275,2.452830188679245,500.0,0.6422222222222221,0.6422222222222221,253.3333333333333,0.3333333333333333,0.9344295122819508,0.6560934603697048,0.6666666666666666,0.0071428571428571
1,4,4,5.0,1.0,0.9,0.05,200,100,0.3953678905963898,0.0498958333333333,0.8170266655283303,0.5518867924528302,0.6369906453147296,2.5849056603773586,500.0,0.5599999999999999,0.5599999999999999,258.3333333333333,0.1666666666666666,0.9190689828149778,0.6212809434263661,1.0,0.0034285714285714
2,4,4,5.0,1.0,0.9,0.05,200,100,0.3953678905963898,0.0498958333333333,0.6590711175616836,0.2924528301886792,0.3784472279477829,3.2641509433962264,500.0,0.2422222222222222,0.2422222222222222,231.66666666666663,0.1666666666666666,0.9252585035114405,0.6145601578216271,1.0,0.006
3,4,4,5.0,1.0,0.9,0.05,200,100,0.3953678905963898,0.0498958333333333,0.8610062893081761,0.5141509433962265,0.6165917939502845,2.490566037735849,500.0,0.66,0.66,266.6666666666667,0.5,0.9259522961908152,0.6405491092742323,1.0,0.008
4,4,4,5.0,1.0,0.9,0.05,200,100,0.3953678905963898,0.0498958333333333,0.8246524516918523,0.5471698113207547,0.6354782164438102,3.018867924528302,396.6666666666667,0.7666666666666666,0.7666666666666666,281.6666666666667,0.3333333333333333,0.9295588044920547,0.5432904784798862,1.0,0.0054285714285714
5,4,4,5.0,1.0,0.9,0.05,200,100,0.3953678905963898,0.0498958333333333,0.888507718696398,0.5094339622641509,0.6210916442048516,2.547169811320755,393.3333333333333,0.7622222222222222,0.7622222222222222,308.3333333333333,0.3333333333333333,0.9385336095019255,0.662516324085462,1.0,0.004
6,4,4,5.0,1.0,0.9,0.05,200,100,0.3953678905963898,0.0498958333333333,0.7900643905360886,0.4292452830188679,0.5131487589978155,3.2452830188679247,500.0,0.4044444444444444,0.4044444444444444,305.0,0.5,0.9043537007670152,0.4966157832908176,1.0,0.006
7,4,4,5.0,1.0,0.9,0.05,200,100,0.3953678905963898,0.0498958333333333,0.8018867924528302,0.4575471698113207,0.5681940700808625,2.981132075471698,500.0,0.6666666666666666,0.6666666666666666,338.3333333333333,0.5,0.9209561798116443,0.6221591785704367,0.3333333333333333,0.0017142857142857
8,4,4,5.0,1.0,0.9,0.05,200,100,0.3953678905963898,0.0498958333333333,0.8431319697690397,0.4764150943396226,0.5608010592519034,3.056603773584906,500.0,0.36,0.36,260.0,0.3333333333333333,0.9143439108061748,0.5231631822145496,1.0,0.0025714285714285
9,4,4,5.0,1.0,0.9,0.05,200,100,0.3953678905963898,0.0498958333333333,0.9295311606632362,0.5330188679245284,0.6451033243486072,2.2830188679245285,500.0,0.7177777777777777,0.7177777777777777,276.6666666666667,0.5,0.9184014854849673,0.6642654684507139,0.3333333333333333,0.0051428571428571
10,4,4,5.0,1.0,0.9,0.05,200,100,0.3953678905963898,0.0498958333333333,0.8337203676826318,0.5801886792452831,0.6547090534326936,2.452830188679245,500.0,0.4911111111111111,0.4911111111111111,325.0,0.1666666666666666,0.947433573902068,0.6702915878007469,0.6666666666666666,0.0062857142857142
11,4,4,5.0,1.0,0.9,0.05,200,100,0.3953678905963898,0.0498958333333333,0.8673318819545235,0.6273584905660378,0.707520744146715,2.2452830188679247,500.0,0.7600000000000001,0.7600000000000001,325.0,0.5,0.9323542024013722,0.6150523436701214,0.6666666666666666,0.0057142857142857
12,4,4,5.0,1.0,0.9,0.05,200,100,0.3953678905963898,0.0498958333333333,0.881047411707789,0.5141509433962265,0.6179166006025051,2.679245283018868,476.6666666666667,0.5711111111111111,0.5711111111111111,296.6666666666667,0.3333333333333333,0.9339703550276708,0.6495870513843195,1.0,0.0051428571428571
13,4,4,5.0,1.0,0.9,0.05,200,100,0.3953678905963898,0.0498958333333333,0.660377358490566,0.3679245283018867,0.4347898047004303,3.0943396226415096,443.3333333333333,0.36,0.36,256.6666666666667,0.1666666666666666,0.9331653127932944,0.6583840108259956,0.6666666666666666,0.006
14,4,4,5.0,1.0,0.9,0.05,200,100,0.3953678905963898,0.0498958333333333,0.9150943396226416,0.490566037735849,0.6194070080862534,2.679245283018868,500.0,0.5022222222222222,0.5022222222222222,216.66666666666663,0.1666666666666666,0.924346257160426,0.6140529748711666,1.0,0.002
15,4,4,5.0,1.0,0.9,0.05,200,100,0.3953678905963898,0.0498958333333333,0.8387379915681803,0.4433962264150943,0.5584000865851442,2.8679245283018866,500.0,0.491111111111111,0.491111111111111,265.0,0.5,0.920527363345092,0.5775557282133198,0.6666666666666666,0.0065714285714285
16,4,4,5.0,1.0,0.9,0.05,200,100,0.3953678905963898,0.0498958333333333,0.7133250397401341,0.4150943396226415,0.4942295957834249,2.9245283018867925,500.0,0.1666666666666666,0.1666666666666666,265.0,0.3333333333333333,0.9290389656623192,0.6124161496614066,0.6666666666666666,0.0011428571428571
17,4,4,5.0,1.0,0.9,0.05,200,100,0.3953678905963898,0.0498958333333333,0.7610961365678346,0.4056603773584906,0.4985025456723571,3.0754716981132075,500.0,0.5177777777777778,0.5177777777777778,211.66666666666663,0.1666666666666666,0.9129522800090618,0.5853450259489236,1.0,0.002
18,4,4,5.0,1.0,0.9,0.05,200,100,0.3953678905963898,0.0498958333333333,0.7893807450411223,0.4952830188679245,0.5699231894015468,2.5660377358490565,496.6666666666667,0.5711111111111111,0.5711111111111111,316.6666666666667,0.3333333333333333,0.9067890546619632,0.6468446685131539,1.0,0.0065714285714285
19,4,4,5.0,1.0,0.9,0.05,200,100,0.3953678905963898,0.0498958333333333,0.8942912433478472,0.5943396226415094,0.6819512710744673,2.056603773584906,500.0,0.6666666666666666,0.6666666666666666,236.66666666666663,0.1666666666666666,0.9474275057445224,0.7585678228614477,0.6666666666666666,0.0034285714285714
0,4,4,5.0,1.0,0.97,0.1,200,100,0.3953678905963898,0.0498958333333333,0.8779874213836477,0.5047169811320755,0.6081910751722073,2.509433962264151,500.0,0.6622222222222223,0.6622222222222223,268.3333333333333,0.3333333333333333,0.9370307291498108,0.6504403188182188,0.6666666666666666,0.0071428571428571
1,4,4,5.0,1.0,0.97,0.1,200,100,0.3953678905963898,0.0498958333333333,0.8185989925723554,0.5283018867924528,0.6169097827810369,2.660377358490566,500.0,0.611111111111111,0.611111111111111,316.6666666666667,0.3333333333333333,0.9228737175960388,0.601020904278335,1.0,0.0034285714285714
2,4,4,5.0,1.0,0.97,0.1,200,100,0.3953678905963898,0.0498958333333333,0.6244799225931302,0.2830188679245283,0.3604777760160667,3.358490566037736,500.0,0.2533333333333333,0.2533333333333333,251.66666666666663,0.3333333333333333,0.94006885336095,0.6163501280103706,1.0,0.006
3,4,4,5.0,1.0,0.97,0.1,200,100,0.3953678905963898,0.0498958333333333,0.8113207547169812,0.4528301886792453,0.5672955974842768,2.7358490566037736,500.0,0.6333333333333333,0.6333333333333333,271.6666666666667,0.5,0.93755461341791,0.6467599798484944,1.0,0.008
4,4,4,5.0,1.0,0.97,0.1,200,100,0.3953678905963898,0.0498958333333333,0.859872577478016,0.5424528301886793,0.6460202949104169,2.943396226415094,500.0,0.7844444444444445,0.7844444444444445,323.3333333333333,0.5,0.9300907796368816,0.547129778382476,1.0,0.0054285714285714
5,4,4,5.0,1.0,0.97,0.1,200,100,0.3953678905963898,0.0498958333333333,0.8539165237278443,0.4481132075471698,0.5618823000898473,2.7169811320754715,500.0,0.7244444444444444,0.7244444444444444,291.6666666666667,0.3333333333333333,0.9436409754360984,0.6723365318277943,1.0,0.004
6,4,4,5.0,1.0,0.97,0.1,200,100,0.3953678905963898,0.0498958333333333,0.7938379754417489,0.3773584905660377,0.4674464529181509,3.4339622641509435,500.0,0.3244444444444445,0.3244444444444445,311.6666666666667,0.5,0.908781433056086,0.4931209919333294,1.0,0.006
7,4,4,5.0,1.0,0.97,0.1,200,100,0.3953678905963898,0.0498958333333333,0.8050314465408804,0.5,0.6016172506738545,2.811320754716981,500.0,0.6955555555555556,0.6955555555555556,333.3333333333333,0.5,0.9216600860869284,0.6205798253020532,0.3333333333333333,0.0017142857142857
8,4,4,5.0,1.0,0.97,0.1,200,100,0.3953678905963898,0.0498958333333333,0.7374715924105493,0.4150943396226415,0.4862577828218344,3.339622641509434,500.0,0.2755555555555555,0.2755555555555555,325.0,0.5,0.9157679051101978,0.509108655106195,1.0,0.0025714285714285
9,4,4,5.0,1.0,0.97,0.1,200,100,0.3953678905963898,0.0498958333333333,0.9169525443110348,0.5141509433962265,0.6270440251572326,2.452830188679245,500.0,0.7066666666666667,0.7066666666666667,281.6666666666667,0.5,0.9247953008187968,0.6642613412604527,0.3333333333333333,0.0051428571428571
10,4,4,5.0,1.0,0.97,0.1,200,100,0.3953678905963898,0.0498958333333333,0.855732946298984,0.6084905660377359,0.6836398710427566,2.358490566037736,500.0,0.5288888888888889,0.5288888888888889,353.3333333333333,0.3333333333333333,0.9474800964432506,0.6681806695755962,0.6666666666666666,0.0062857142857142
11,4,4,5.0,1.0,0.97,0.1,200,100,0.3953678905963898,0.0498958333333333,0.8610425737784227,0.5943396226415094,0.6814650388457267,2.39622641509434,500.0,0.7133333333333334,0.7133333333333334,326.6666666666667,0.5,0.9299734619243342,0.6116949107961451,0.6666666666666666,0.0057142857142857
12,4,4,5.0,1.0,0.97,0.1,200,100,0.3953678905963898,0.0498958333333333,0.881047411707789,0.5,0.6071349294434755,2.7358490566037736,496.6666666666667,0.5266666666666667,0.5266666666666667,303.3333333333333,0.3333333333333333,0.9348846240978672,0.6447860083912998,1.0,0.0051428571428571
13,4,4,5.0,1.0,0.97,0.1,200,100,0.3953678905963898,0.0498958333333333,0.7232704402515723,0.3396226415094339,0.4276020239277439,3.1320754716981134,500.0,0.3666666666666667,0.3666666666666667,256.6666666666667,0.5,0.9392031295511182,0.6796127062042482,0.6666666666666666,0.006
14,4,4,5.0,1.0,0.97,0.1,200,100,0.3953678905963898,0.0498958333333333,0.8867924528301887,0.4622641509433962,0.5868823000898473,2.8679245283018866,500.0,0.4933333333333333,0.4933333333333333,240.0,0.1666666666666666,0.9237374186866888,0.5924147168719615,1.0,0.002
15,4,4,5.0,1.0,0.97,0.1,200,100,0.3953678905963898,0.0498958333333333,0.8670398783606331,0.4150943396226415,0.5362976607091333,2.962264150943396,500.0,0.5199999999999999,0.5199999999999999,256.6666666666667,0.5,0.924237030324606,0.5912595612928752,0.6666666666666666,0.0065714285714285
16,4,4,5.0,1.0,0.97,0.1,200,100,0.3953678905963898,0.0498958333333333,0.6755891906835303,0.3490566037735849,0.427383234597441,3.188679245283019,500.0,0.1155555555555555,0.1155555555555555,273.3333333333333,0.3333333333333333,0.9339420369591248,0.6077033185851117,0.6666666666666666,0.0011428571428571
17,4,4,5.0,1.0,0.97,0.1,200,100,0.3953678905963898,0.0498958333333333,0.7862533692722372,0.3632075471698113,0.4698412698412698,3.169811320754717,500.0,0.5022222222222222,0.5022222222222222,223.3333333333333,0.3333333333333333,0.9119146250687724,0.586790543156515,1.0,0.002
18,4,4,5.0,1.0,0.97,0.1,200,100,0.3953678905963898,0.0498958333333333,0.8082486695694242,0.490566037735849,0.5726186071913042,2.5660377358490565,500.0,0.5466666666666666,0.5466666666666666,303.3333333333333,0.5,0.9120804880416842,0.654128505283492,1.0,0.0065714285714285
19,4,4,5.0,1.0,0.97,0.1,200,100,0.3953678905963898,0.0498958333333333,0.9021528785679728,0.5660377358490566,0.659444532529993,2.150943396226415,500.0,0.7644444444444445,0.7644444444444445,291.6666666666667,0.3333333333333333,0.9535098223243472,0.7749356111622859,0.6666666666666666,0.0034285714285714
0,10,1,2.5,0.1,0.9,0.05,200,100,0.4062649309635163,0.0498958333333333,0.8613404186024362,0.6094339622641509,0.6822889562361356,9.0188679245283,500.0,0.6718518518518518,0.6718518518518518,316.6666666666667,0.3333333333333333,0.9027265040939836,0.419993057566909,0.6666666666666666,0.0034285714285714
1,10,1,2.5,0.1,0.9,0.05,200,100,0.4062649309635163,0.0498958333333333,0.8569241999192402,0.4849056603773585,0.5661232382001262,10.58490566037736,500.0,0.482962962962963,0.482962962962963,250.0,0.5,0.8836658953364187,0.3858213106776558,0.6666666666666666,0.006
2,10,1,2.5,0.1,0.9,0.05,200,100,0.4062649309635163,0.0498958333333333,0.8851782134547169,0.6584905660377359,0.722998326809401,7.264150943396227,500.0,0.6585185185185186,0.6585185185185186,243.3333333333333,0.1666666666666666,0.9179249733001068,0.4814000207001512,0.6666666666666666,0.0062857142857142
3,10,1,2.5,0.1,0.9,0.05,200,100,0.4062649309635163,0.0498958333333333,0.8738225952335877,0.520754716981132,0.6166377319085392,9.339622641509434,500.0,0.5511111111111111,0.5511111111111111,286.6666666666667,0.5,0.912057671769313,0.4470131032074291,0.6666666666666666,0.0062857142857142
4,10,1,2.5,0.1,0.9,0.05,200,100,0.4062649309635163,0.0498958333333333,0.9185146620163472,0.5471698113207546,0.65722166698742,6.79245283018868,500.0,0.5266666666666667,0.5266666666666667,235.0,0.3333333333333333,0.9313639195443218,0.578730342213616,0.6666666666666666,0.0062857142857142
5,10,1,2.5,0.1,0.9,0.05,200,100,0.4062649309635163,0.0498958333333333,0.8001579246972874,0.5660377358490566,0.5849059527028573,11.735849056603774,500.0,0.5881481481481482,0.5881481481481482,296.6666666666667,0.5,0.8687250800996796,0.3411332890522658,1.0,0.002
6,10,1,2.5,0.1,0.9,0.05,200,100,0.4062649309635163,0.0498958333333333,0.8973990111969374,0.4660377358490566,0.5822511598268262,8.867924528301886,500.0,0.5103703703703704,0.5103703703703704,293.3333333333333,0.3333333333333333,0.9142199181203275,0.4757695243721849,0.6666666666666666,0.004
7,10,1,2.5,0.1,0.9,0.05,200,100,0.4062649309635163,0.0498958333333333,0.8759006526293265,0.4377358490566038,0.5322315901376331,9.18867924528302,500.0,0.311111111111111,0.311111111111111,315.0,0.5,0.913436721253115,0.4733198278188495,0.3333333333333333,0.0028571428571428
8,10,1,2.5,0.1,0.9,0.05,200,100,0.4062649309635163,0.0498958333333333,0.8792565929537006,0.5283018867924528,0.6041903650309526,9.132075471698114,500.0,0.577037037037037,0.577037037037037,286.6666666666667,0.3333333333333333,0.9052834638661446,0.4434697572962812,0.6666666666666666,0.0042857142857142
9,10,1,2.5,0.1,0.9,0.05,200,100,0.4062649309635163,0.0498958333333333,0.9013070434737618,0.6056603773584905,0.6940390711031055,6.886792452830188,500.0,0.5940740740740741,0.5940740740740741,203.3333333333333,0.1666666666666666,0.9282017621929513,0.53944139700469,1.0,0.0054285714285714
10,10,1,2.5,0.1,0.9,0.05,200,100,0.4062649309635163,0.0498958333333333,0.8866865531383027,0.5792452830188678,0.6736484626215758,6.452830188679245,500.0,0.5725925925925927,0.5725925925925927,346.6666666666667,0.3333333333333333,0.9351530793876824,0.5997001244383057,0.6666666666666666,0.0054285714285714
11,10,1,2.5,0.1,0.9,0.05,200,100,0.4062649309635163,0.0498958333333333,0.8934264262070979,0.5245283018867924,0.6267074813017915,7.528301886792453,500.0,0.4288888888888889,0.4288888888888889,370.0,0.3333333333333333,0.924063723745105,0.5389173650185421,1.0,0.0042857142857142
12,10,1,2.5,0.1,0.9,0.05,200,100,0.4062649309635163,0.0498958333333333,0.8686947775825631,0.5169811320754717,0.6063640929387589,10.245283018867925,500.0,0.5274074074074074,0.5274074074074074,253.3333333333333,0.1666666666666666,0.8989587041651833,0.4056023117913329,1.0,0.0025714285714285
13,10,1,2.5,0.1,0.9,0.05,200,100,0.4062649309635163,0.0498958333333333,0.9012360212934456,0.5358490566037737,0.632051477522218,8.433962264150944,500.0,0.5911111111111111,0.5911111111111111,270.0,0.5,0.9178324136703452,0.4765576132018847,1.0,0.0045714285714285
14,10,1,2.5,0.1,0.9,0.05,200,100,0.4062649309635163,0.0498958333333333,0.7510922680157069,0.4471698113207546,0.5035233420108073,13.49056603773585,500.0,0.3933333333333333,0.3933333333333333,386.6666666666667,0.5,0.8479080633677465,0.3045931309184252,0.3333333333333333,0.0017142857142857
15,10,1,2.5,0.1,0.9,0.05,200,100,0.4062649309635163,0.0498958333333333,0.8913603725382908,0.5735849056603773,0.6689466836836626,7.886792452830188,500.0,0.5985185185185186,0.5985185185185186,231.66666666666663,0.1666666666666666,0.9254289782840868,0.4894972874469495,1.0,0.0045714285714285
16,10,1,2.5,0.1,0.9,0.05,200,100,0.4062649309635163,0.0498958333333333,0.8272371948414434,0.6811320754716983,0.7038639784357306,8.339622641509434,500.0,0.7548148148148148,0.7548148148148148,218.3333333333333,0.3333333333333333,0.9127968138127448,0.4489422843259958,0.6666666666666666,0.0037142857142857
17,10,1,2.5,0.1,0.9,0.05,200,100,0.4062649309635163,0.0498958333333333,0.8350829726442823,0.5603773584905661,0.6317281443196655,9.49056603773585,500.0,0.637037037037037,0.637037037037037,301.6666666666667,0.5,0.8946769312922749,0.4250317659090042,0.6666666666666666,0.0031428571428571
18,10,1,2.5,0.1,0.9,0.05,200,100,0.4062649309635163,0.0498958333333333,0.8373239474793305,0.4867924528301887,0.5629923371717799,9.943396226415096,500.0,0.4762962962962963,0.4762962962962963,230.0,0.3333333333333333,0.884443752224991,0.4011435395014986,1.0,0.0048571428571428
19,10,1,2.5,0.1,0.9,0.05,200,100,0.4062649309635163,0.0498958333333333,0.8623992628092016,0.411320754716981,0.5077069804039837,8.754716981132075,500.0,0.4244444444444444,0.4244444444444444,345.0,0.3333333333333333,0.9213341046635812,0.5104227779791791,1.0,0.0051428571428571
0,10,1,2.5,0.1,0.97,0.1,200,100,0.4062649309635163,0.0498958333333333,0.8551634195009088,0.6169811320754718,0.6859962409615873,9.037735849056604,500.0,0.6511111111111111,0.6511111111111111,330.0,0.5,0.9015401388394446,0.4176825340080082,0.6666666666666666,0.0034285714285714
1,10,1,2.5,0.1,0.97,0.1,200,100,0.4062649309635163,0.0498958333333333,0.8498820573912473,0.4943396226415095,0.570206458344448,11.41509433962264,500.0,0.52,0.52,250.0,0.5,0.8803564435742257,0.3652690279128456,0.6666666666666666,0.006
2,10,1,2.5,0.1,0.97,0.1,200,100,0.4062649309635163,0.0498958333333333,0.8552313260495537,0.6471698113207548,0.7023514496731773,8.20754716981132,500.0,0.674074074074074,0.674074074074074,305.0,0.3333333333333333,0.9050907796368814,0.4400621227804643,0.6666666666666666,0.0062857142857142
3,10,1,2.5,0.1,0.97,0.1,200,100,0.4062649309635163,0.0498958333333333,0.8566239919500789,0.5150943396226415,0.6055801336598083,9.679245283018869,500.0,0.5585185185185185,0.5585185185185185,323.3333333333333,0.5,0.9074254627981488,0.43351550439073,0.6666666666666666,0.0062857142857142
4,10,1,2.5,0.1,0.97,0.1,200,100,0.4062649309635163,0.0498958333333333,0.8963455113372077,0.5735849056603772,0.6686018006687979,7.20754716981132,500.0,0.5859259259259259,0.5859259259259259,246.66666666666663,0.3333333333333333,0.924309807760769,0.5389657527426907,0.6666666666666666,0.0062857142857142
5,10,1,2.5,0.1,0.97,0.1,200,100,0.4062649309635163,0.0498958333333333,0.8110069813010611,0.569811320754717,0.5890788165623266,11.641509433962264,500.0,0.582962962962963,0.582962962962963,301.6666666666667,0.5,0.8685960306158775,0.342035780275131,1.0,0.002
6,10,1,2.5,0.1,0.97,0.1,200,100,0.4062649309635163,0.0498958333333333,0.8547402810382073,0.4433962264150944,0.5502072727857092,9.773584905660377,500.0,0.4703703703703703,0.4703703703703703,293.3333333333333,0.3333333333333333,0.9031372374510502,0.4381899227331041,0.6666666666666666,0.004
7,10,1,2.5,0.1,0.97,0.1,200,100,0.4062649309635163,0.0498958333333333,0.8370201692796624,0.4603773584905661,0.5400909001174166,10.0188679245283,500.0,0.3814814814814815,0.3814814814814815,328.3333333333333,0.5,0.8950413848344606,0.4202994344450395,0.3333333333333333,0.0028571428571428
8,10,1,2.5,0.1,0.97,0.1,200,100,0.4062649309635163,0.0498958333333333,0.8584869014292921,0.5490566037735849,0.6272525769783213,9.264150943396226,500.0,0.5414814814814815,0.5414814814814815,291.6666666666667,0.5,0.8993672125311499,0.4310373565072563,0.6666666666666666,0.0042857142857142
9,10,1,2.5,0.1,0.97,0.1,200,100,0.4062649309635163,0.0498958333333333,0.9005947362964156,0.6113207547169811,0.6942080746046032,7.113207547169812,493.3333333333333,0.6362962962962962,0.6362962962962962,205.0,0.1666666666666666,0.9287357600569598,0.527131204781814,1.0,0.0054285714285714
10,10,1,2.5,0.1,0.97,0.1,200,100,0.4062649309635163,0.0498958333333333,0.8882251874599558,0.5622641509433962,0.6606481270600512,6.9245283018867925,500.0,0.5918518518518519,0.5918518518518519,393.3333333333333,0.5,0.93124911000356,0.5778964102376953,0.6666666666666666,0.0054285714285714
11,10,1,2.5,0.1,0.97,0.1,200,100,0.4062649309635163,0.0498958333333333,0.8553846161920658,0.5226415094339624,0.6089171064361691,8.716981132075471,500.0,0.4422222222222222,0.4422222222222222,380.0,0.6666666666666666,0.9172094161623352,0.474668228223192,1.0,0.0042857142857142
12,10,1,2.5,0.1,0.97,0.1,200,100,0.4062649309635163,0.0498958333333333,0.8553666018990619,0.5226415094339621,0.6030230174736614,10.90566037735849,500.0,0.5288888888888889,0.5288888888888889,283.3333333333333,0.3333333333333333,0.891687878248487,0.3762842491300783,1.0,0.0025714285714285
13,10,1,2.5,0.1,0.97,0.1,200,100,0.4062649309635163,0.0498958333333333,0.8762505554089784,0.5207547169811321,0.6071575418274179,9.20754716981132,500.0,0.5474074074074075,0.5474074074074075,275.0,0.5,0.9107858668565326,0.4482502483049851,1.0,0.0045714285714285
14,10,1,2.5,0.1,0.97,0.1,200,100,0.4062649309635163,0.0498958333333333,0.7510922680157069,0.4433962264150943,0.5010647388307835,13.528301886792454,500.0,0.3755555555555556,0.3755555555555556,383.3333333333333,0.5,0.8494869170523318,0.3058009414701308,0.3333333333333333,0.0017142857142857
15,10,1,2.5,0.1,0.97,0.1,200,100,0.4062649309635163,0.0498958333333333,0.8799001632136072,0.5849056603773586,0.669132249037939,8.50943396226415,500.0,0.6192592592592593,0.6192592592592593,241.66666666666663,0.1666666666666666,0.9110417408330368,0.4483055646492797,1.0,0.0045714285714285
16,10,1,2.5,0.1,0.97,0.1,200,100,0.4062649309635163,0.0498958333333333,0.8480143736374903,0.6905660377358492,0.7177179808112589,8.09433962264151,500.0,0.7762962962962963,0.7762962962962963,258.3333333333333,0.5,0.9147855108579566,0.4520525031525014,0.6666666666666666,0.0037142857142857
17,10,1,2.5,0.1,0.97,0.1,200,100,0.4062649309635163,0.0498958333333333,0.8312895052708745,0.5603773584905661,0.6323580950137212,9.62264150943396,500.0,0.668148148148148,0.668148148148148,291.6666666666667,0.5,0.8962379850480598,0.4236437792903174,0.6666666666666666,0.0031428571428571
18,10,1,2.5,0.1,0.97,0.1,200,100,0.4062649309635163,0.0498958333333333,0.8309410711513449,0.4792452830188679,0.5483068183419434,10.79245283018868,500.0,0.4859259259259259,0.4859259259259259,230.0,0.3333333333333333,0.8834095763616946,0.3830760817042909,1.0,0.0048571428571428
19,10,1,2.5,0.1,0.97,0.1,200,100,0.4062649309635163,0.0498958333333333,0.8361825811679917,0.3773584905660376,0.4675086809382038,10.132075471698114,500.0,0.3696296296296297,0.3696296296296297,373.3333333333333,0.3333333333333333,0.9066491634033464,0.4498038884747661,1.0,0.0051428571428571
0,10,1,2.5,1.0,0.9,0.1,200,100,0.4017177522182465,0.0498958333333333,0.864965914365046,0.5962264150943396,0.6798883978416049,7.90566037735849,500.0,0.6444444444444444,0.6444444444444444,330.0,0.5,0.9198620505517978,0.4808965185133698,0.6666666666666666,0.0034285714285714
1,10,1,2.5,1.0,0.9,0.1,200,100,0.4017177522182465,0.0498958333333333,0.8864731419168814,0.4509433962264152,0.5694445248324702,9.0188679245283,500.0,0.5081481481481481,0.5081481481481481,250.0,0.5,0.9068218227127092,0.4668728701312368,0.6666666666666666,0.0057142857142857
2,10,1,2.5,1.0,0.9,0.1,200,100,0.4017177522182465,0.0498958333333333,0.8800590937121794,0.6169811320754719,0.6982486641995367,6.735849056603773,500.0,0.6511111111111111,0.6511111111111111,291.6666666666667,0.3333333333333333,0.9343351726593092,0.5463875687672494,0.6666666666666666,0.0062857142857142
3,10,1,2.5,1.0,0.9,0.1,200,100,0.4017177522182465,0.0498958333333333,0.8818513302861924,0.5075471698113208,0.6121759056973564,8.264150943396226,500.0,0.5577777777777778,0.5577777777777778,323.3333333333333,0.5,0.9243276076895692,0.5110677968610832,0.6666666666666666,0.0062857142857142
4,10,1,2.5,1.0,0.9,0.1,200,100,0.4017177522182465,0.0498958333333333,0.9267859077632012,0.5584905660377358,0.6708271486222882,6.226415094339623,500.0,0.5733333333333334,0.5733333333333334,235.0,0.3333333333333333,0.9401931292274832,0.6323972309368366,0.6666666666666666,0.0068571428571428
5,10,1,2.5,1.0,0.9,0.1,200,100,0.4017177522182465,0.0498958333333333,0.8527442347496611,0.5094339622641509,0.5843123469297863,8.622641509433961,500.0,0.554074074074074,0.554074074074074,310.0,0.5,0.909130028479886,0.475239716079595,1.0,0.002
6,10,1,2.5,1.0,0.9,0.1,200,100,0.4017177522182465,0.0498958333333333,0.9105935933254238,0.4660377358490566,0.5838161158965002,7.849056603773585,500.0,0.4874074074074074,0.4874074074074074,293.3333333333333,0.3333333333333333,0.9270750266998932,0.5545929087405695,0.6666666666666666,0.004
7,10,1,2.5,1.0,0.9,0.1,200,100,0.4017177522182465,0.0498958333333333,0.891902829874528,0.4339622641509434,0.5545819429608062,7.886792452830188,500.0,0.3651851851851852,0.3651851851851852,330.0,0.5,0.9244152723389106,0.5527785205535364,0.3333333333333333,0.0028571428571428
8,10,1,2.5,1.0,0.9,0.1,200,100,0.4017177522182465,0.0498958333333333,0.8897549641856733,0.5113207547169811,0.6087458410765335,7.622641509433962,500.0,0.5496296296296296,0.5496296296296296,290.0,0.5,0.9238345496618012,0.538660079315308,0.6666666666666666,0.0042857142857142
9,10,1,2.5,1.0,0.9,0.1,200,100,0.4017177522182465,0.0498958333333333,0.9149671417836814,0.590566037735849,0.6886144997588327,6.39622641509434,500.0,0.6244444444444445,0.6244444444444445,203.3333333333333,0.1666666666666666,0.93687166251335,0.5944064404359614,1.0,0.006
10,10,1,2.5,1.0,0.9,0.1,200,100,0.4017177522182465,0.0498958333333333,0.898983557221017,0.5490566037735849,0.6548361492197312,6.39622641509434,500.0,0.5599999999999999,0.5599999999999999,391.6666666666667,0.5,0.9416456034175864,0.631295909038644,0.6666666666666666,0.0054285714285714
11,10,1,2.5,1.0,0.9,0.1,200,100,0.4017177522182465,0.0498958333333333,0.894743576278106,0.5226415094339624,0.6339032014474744,7.113207547169812,500.0,0.4362962962962963,0.4362962962962963,378.3333333333333,0.6666666666666666,0.9307600569597722,0.5746928027518765,1.0,0.0042857142857142
12,10,1,2.5,1.0,0.9,0.1,200,100,0.4017177522182465,0.0498958333333333,0.8852642959253827,0.4962264150943395,0.601518147132368,7.830188679245283,500.0,0.5125925925925926,0.5125925925925926,270.0,0.3333333333333333,0.9234487362050552,0.5361517469657924,1.0,0.0025714285714285
13,10,1,2.5,1.0,0.9,0.1,200,100,0.4017177522182465,0.0498958333333333,0.9124026040976244,0.5377358490566039,0.6418186518822098,7.490566037735849,500.0,0.5644444444444444,0.5644444444444444,271.6666666666667,0.5,0.9295843716625134,0.5393086944652171,1.0,0.0045714285714285
14,10,1,2.5,1.0,0.9,0.1,200,100,0.4017177522182465,0.0498958333333333,0.8393025213779931,0.4641509433962263,0.5668811401647933,9.169811320754716,500.0,0.4555555555555555,0.4555555555555555,376.6666666666667,0.5,0.9049692951228197,0.464554589360068,0.3333333333333333,0.0017142857142857
15,10,1,2.5,1.0,0.9,0.1,200,100,0.4017177522182465,0.0498958333333333,0.8918780719835103,0.5698113207547171,0.6747735244849538,7.132075471698113,500.0,0.6259259259259259,0.6259259259259259,236.66666666666663,0.1666666666666666,0.9336022605909576,0.5499143309508584,1.0,0.0045714285714285
16,10,1,2.5,1.0,0.9,0.1,200,100,0.4017177522182465,0.0498958333333333,0.859429204990136,0.6547169811320755,0.7139160861878963,7.245283018867925,500.0,0.7822222222222223,0.7822222222222223,251.66666666666663,0.5,0.9269424172303312,0.5092257918464843,0.6666666666666666,0.0037142857142857
17,10,1,2.5,1.0,0.9,0.1,200,100,0.4017177522182465,0.0498958333333333,0.8326488493544865,0.5584905660377358,0.6389769572563117,8.622641509433961,500.0,0.6548148148148148,0.6548148148148148,325.0,0.5,0.9120776966892132,0.4747081278383179,0.6666666666666666,0.0031428571428571
18,10,1,2.5,1.0,0.9,0.1,200,100,0.4017177522182465,0.0498958333333333,0.88031381340716,0.4377358490566038,0.5436877846315787,8.90566037735849,500.0,0.4762962962962963,0.4762962962962963,230.0,0.3333333333333333,0.910875756496974,0.4829427976759305,1.0,0.0045714285714285
19,10,1,2.5,1.0,0.9,0.1,200,100,0.4017177522182465,0.0498958333333333,0.8891284815813119,0.3773584905660376,0.4854919596373537,8.584905660377359,500.0,0.3977777777777778,0.3977777777777778,386.6666666666667,0.5,0.9330873976504094,0.5553724192979262,1.0,0.0051428571428571
0,10,1,2.5,1.0,0.97,0.05,200,100,0.4017177522182465,0.0498958333333333,0.8674591758205716,0.5943396226415095,0.6789916869559929,7.924528301886792,500.0,0.6577777777777778,0.6577777777777778,323.3333333333333,0.3333333333333333,0.9198580455678176,0.4812929808721157,0.6666666666666666,0.0034285714285714
1,10,1,2.5,1.0,0.97,0.05,200,100,0.4017177522182465,0.0498958333333333,0.8739319619228714,0.4358490566037736,0.5489536001707412,9.320754716981131,500.0,0.4533333333333333,0.4533333333333333,250.0,0.5,0.8988981844072623,0.4467185210126944,0.6666666666666666,0.0057142857142857
2,10,1,2.5,1.0,0.97,0.05,200,100,0.4017177522182465,0.0498958333333333,0.8781533860467895,0.6245283018867926,0.7039361751781035,6.716981132075472,500.0,0.6481481481481483,0.6481481481481483,238.3333333333333,0.1666666666666666,0.9285671057315772,0.533897273937116,0.6666666666666666,0.0062857142857142
3,10,1,2.5,1.0,0.97,0.05,200,100,0.4017177522182465,0.0498958333333333,0.887264627680622,0.520754716981132,0.6228009004817647,8.11320754716981,500.0,0.5377777777777778,0.5377777777777778,301.6666666666667,0.5,0.925756941972232,0.5146994480303462,0.6666666666666666,0.0062857142857142
4,10,1,2.5,1.0,0.97,0.05,200,100,0.4017177522182465,0.0498958333333333,0.921958345388469,0.5283018867924528,0.6459524039157144,6.584905660377358,500.0,0.5244444444444444,0.5244444444444444,236.66666666666663,0.3333333333333333,0.936000355998576,0.6229827646510315,0.6666666666666666,0.0068571428571428
5,10,1,2.5,1.0,0.97,0.05,200,100,0.4017177522182465,0.0498958333333333,0.8516211440039287,0.5056603773584906,0.5832117938621206,8.660377358490566,500.0,0.5385185185185185,0.5385185185185185,295.0,0.5,0.9089778390886436,0.4749003506269295,1.0,0.002
6,10,1,2.5,1.0,0.97,0.05,200,100,0.4017177522182465,0.0498958333333333,0.9007553183928094,0.4490566037735848,0.5654338137739096,8.09433962264151,500.0,0.5022222222222222,0.5022222222222222,291.6666666666667,0.3333333333333333,0.9249425952296192,0.541658294706168,0.6666666666666666,0.004
7,10,1,2.5,1.0,0.97,0.05,200,100,0.4017177522182465,0.0498958333333333,0.8819856244384546,0.3924528301886793,0.5077547153370953,8.528301886792454,500.0,0.3037037037037037,0.3037037037037037,315.0,0.5,0.9160884656461374,0.5256644778027288,0.3333333333333333,0.0028571428571428
8,10,1,2.5,1.0,0.97,0.05,200,100,0.4017177522182465,0.0498958333333333,0.8900694295944784,0.5132075471698112,0.6018234819680071,7.60377358490566,500.0,0.5659259259259259,0.5659259259259259,291.6666666666667,0.5,0.9204263082947668,0.5349968770999551,0.6666666666666666,0.0042857142857142
9,10,1,2.5,1.0,0.97,0.05,200,100,0.4017177522182465,0.0498958333333333,0.9112275531384324,0.6,0.6953038346526139,6.39622641509434,500.0,0.5955555555555555,0.5955555555555555,201.66666666666663,0.1666666666666666,0.933619170523318,0.5822455583913402,1.0,0.006
10,10,1,2.5,1.0,0.97,0.05,200,100,0.4017177522182465,0.0498958333333333,0.8865322244866654,0.5547169811320755,0.6560959562260772,6.547169811320755,500.0,0.5718518518518518,0.5718518518518518,368.3333333333333,0.3333333333333333,0.9346453364186544,0.6106200892333171,0.6666666666666666,0.0054285714285714
11,10,1,2.5,1.0,0.97,0.05,200,100,0.4017177522182465,0.0498958333333333,0.885388731556859,0.5037735849056604,0.6112831993125506,7.641509433962264,500.0,0.4385185185185185,0.4385185185185185,376.6666666666667,0.5,0.9230998576005696,0.536503499026502,1.0,0.0042857142857142
12,10,1,2.5,1.0,0.97,0.05,200,100,0.4017177522182465,0.0498958333333333,0.8751272631468405,0.4962264150943397,0.594750355069474,8.150943396226415,500.0,0.502962962962963,0.502962962962963,271.6666666666667,0.3333333333333333,0.9179868280526878,0.509389932204483,1.0,0.0025714285714285
13,10,1,2.5,1.0,0.97,0.05,200,100,0.4017177522182465,0.0498958333333333,0.9108082093056128,0.5358490566037736,0.6361163767056561,7.584905660377358,500.0,0.5822222222222222,0.5822222222222222,270.0,0.5,0.9275347098611606,0.5306370603789127,1.0,0.0045714285714285
14,10,1,2.5,1.0,0.97,0.05,200,100,0.4017177522182465,0.0498958333333333,0.8393025213779931,0.4603773584905659,0.5610475053078511,9.20754716981132,500.0,0.46,0.46,378.3333333333333,0.5,0.9037250800996796,0.4628318076019339,0.3333333333333333,0.0017142857142857
15,10,1,2.5,1.0,0.97,0.05,200,100,0.4017177522182465,0.0498958333333333,0.8876477635079189,0.5603773584905659,0.6652366892776838,7.452830188679245,500.0,0.6074074074074074,0.6074074074074074,231.66666666666663,0.1666666666666666,0.9273945354218583,0.5303234101304264,1.0,0.0045714285714285
16,10,1,2.5,1.0,0.97,0.05,200,100,0.4017177522182465,0.0498958333333333,0.859429204990136,0.6377358490566039,0.7015727509723139,7.415094339622642,500.0,0.7607407407407408,0.7607407407407408,251.66666666666663,0.5,0.9258272516909932,0.5074350991364212,0.6666666666666666,0.0037142857142857
17,10,1,2.5,1.0,0.97,0.05,200,100,0.4017177522182465,0.0498958333333333,0.8459283895208192,0.5490566037735849,0.6355461485571385,8.60377358490566,500.0,0.6348148148148148,0.6348148148148148,296.6666666666667,0.5,0.9106795122819508,0.4745831774928902,0.6666666666666666,0.0031428571428571
18,10,1,2.5,1.0,0.97,0.05,200,100,0.4017177522182465,0.0498958333333333,0.8569065076001812,0.4471698113207546,0.5481609734515863,9.09433962264151,500.0,0.4718518518518519,0.4718518518518519,230.0,0.3333333333333333,0.900869526521894,0.4592736553007218,1.0,0.0045714285714285
19,10,1,2.5,1.0,0.97,0.05,200,100,0.4017177522182465,0.0498958333333333,0.859247757073844,0.3981132075471698,0.4964276964087116,8.660377358490566,500.0,0.4259259259259259,0.4259259259259259,366.6666666666667,0.3333333333333333,0.9184598611605552,0.5209557051753415,1.0,0.0051428571428571
0,10,1,5.0,0.1,0.9,0.1,200,100,0.4062649309635163,0.0498958333333333,0.8586824371708699,0.6113207547169811,0.6835606333942548,9.037735849056604,500.0,0.6407407407407407,0.6407407407407407,330.0,0.5,0.9027211641153436,0.4203268387060656,0.6666666666666666,0.0034285714285714
1,10,1,5.0,0.1,0.9,0.1,200,100,0.4062649309635163,0.0498958333333333,0.854497894887218,0.4886792452830189,0.5727362912046468,10.830188679245284,500.0,0.5281481481481481,0.5281481481481481,250.0,0.5,0.8869059273762905,0.3852869307233423,0.6666666666666666,0.006
2,10,1,5.0,0.1,0.9,0.1,200,100,0.4062649309635163,0.0498958333333333,0.8709965925451915,0.6528301886792455,0.7143970972575894,7.547169811320755,500.0,0.6733333333333333,0.6733333333333333,293.3333333333333,0.3333333333333333,0.9171813812744748,0.4722522864281812,0.6666666666666666,0.0062857142857142
3,10,1,5.0,0.1,0.9,0.1,200,100,0.4062649309635163,0.0498958333333333,0.8700040866980983,0.5207547169811321,0.6161895808747815,9.41509433962264,500.0,0.5674074074074075,0.5674074074074075,323.3333333333333,0.5,0.9102122641509434,0.4425982282459406,0.6666666666666666,0.0062857142857142
4,10,1,5.0,0.1,0.9,0.1,200,100,0.4062649309635163,0.0498958333333333,0.9188023460304464,0.5886792452830188,0.6865689186034067,6.490566037735849,500.0,0.5896296296296296,0.5896296296296296,235.0,0.3333333333333333,0.9302985938056249,0.5755767474529838,0.6666666666666666,0.0062857142857142
5,10,1,5.0,0.1,0.9,0.1,200,100,0.4062649309635163,0.0498958333333333,0.8113439085247808,0.5735849056603773,0.5916685316936621,11.60377358490566,500.0,0.5918518518518519,0.5918518518518519,301.6666666666667,0.5,0.8686547703809184,0.3419557597731161,1.0,0.002
6,10,1,5.0,0.1,0.9,0.1,200,100,0.4062649309635163,0.0498958333333333,0.8919632519875934,0.4547169811320756,0.5698980886779726,9.09433962264151,500.0,0.4859259259259259,0.4859259259259259,293.3333333333333,0.3333333333333333,0.9156706123175508,0.478451720846885,0.6666666666666666,0.004
7,10,1,5.0,0.1,0.9,0.1,200,100,0.4062649309635163,0.0498958333333333,0.88365126230716,0.4679245283018868,0.5651294248165749,8.924528301886792,500.0,0.3785185185185185,0.3785185185185185,330.0,0.5,0.9105802776788892,0.4696396330251313,0.3333333333333333,0.0028571428571428
8,10,1,5.0,0.1,0.9,0.1,200,100,0.4062649309635163,0.0498958333333333,0.868999030809346,0.5358490566037736,0.6160020892090532,9.18867924528302,500.0,0.5562962962962963,0.5562962962962963,291.6666666666667,0.5,0.9046626913492346,0.4412663391353181,0.6666666666666666,0.0042857142857142
9,10,1,5.0,0.1,0.9,0.1,200,100,0.4062649309635163,0.0498958333333333,0.9074303750687917,0.6094339622641509,0.6963656397315274,6.886792452830188,500.0,0.6355555555555555,0.6355555555555555,205.0,0.1666666666666666,0.932128426486294,0.5415751234799793,1.0,0.0054285714285714
10,10,1,5.0,0.1,0.9,0.1,200,100,0.4062649309635163,0.0498958333333333,0.8974120697600456,0.5641509433962263,0.6666447107017809,6.6415094339622645,500.0,0.5837037037037037,0.5837037037037037,393.3333333333333,0.5,0.9366496084015664,0.6002827480101386,0.6666666666666666,0.0054285714285714
11,10,1,5.0,0.1,0.9,0.1,200,100,0.4062649309635163,0.0498958333333333,0.8860827875675591,0.5358490566037736,0.6353402212026728,7.584905660377358,500.0,0.4444444444444445,0.4444444444444445,378.3333333333333,0.6666666666666666,0.9237931648273406,0.5273607506577338,1.0,0.0042857142857142
12,10,1,5.0,0.1,0.9,0.1,200,100,0.4062649309635163,0.0498958333333333,0.8651517427409712,0.5188679245283019,0.6071862477392636,10.41509433962264,500.0,0.5303703703703704,0.5303703703703704,270.0,0.3333333333333333,0.8971693663225347,0.3968932044877557,1.0,0.0025714285714285
13,10,1,5.0,0.1,0.9,0.1,200,100,0.4062649309635163,0.0498958333333333,0.8930709888051972,0.5245283018867926,0.6210451656820374,8.660377358490566,500.0,0.5518518518518518,0.5518518518518518,273.3333333333333,0.5,0.9163554645781417,0.4717786374822306,1.0,0.0045714285714285
14,10,1,5.0,0.1,0.9,0.1,200,100,0.4062649309635163,0.0498958333333333,0.7510922680157069,0.4471698113207546,0.5047104641746221,13.49056603773585,500.0,0.3829629629629629,0.3829629629629629,383.3333333333333,0.5,0.8495759166963333,0.3060507392945317,0.3333333333333333,0.0017142857142857
15,10,1,5.0,0.1,0.9,0.1,200,100,0.4062649309635163,0.0498958333333333,0.8912637710265949,0.588679245283019,0.6774428003823995,7.849056603773585,500.0,0.6148148148148147,0.6148148148148147,236.66666666666663,0.1666666666666666,0.9231434674261304,0.4816918148429315,1.0,0.0045714285714285
16,10,1,5.0,0.1,0.9,0.1,200,100,0.4062649309635163,0.0498958333333333,0.8480143736374903,0.6924528301886793,0.718766198840609,8.075471698113208,500.0,0.7785185185185185,0.7785185185185185,258.3333333333333,0.5,0.9145745817016732,0.4518496729030938,0.6666666666666666,0.0037142857142857
17,10,1,5.0,0.1,0.9,0.1,200,100,0.4062649309635163,0.0498958333333333,0.8223361282936644,0.5679245283018868,0.6342706441239034,9.547169811320757,500.0,0.662962962962963,0.662962962962963,326.6666666666667,0.5,0.8966042185831257,0.4241759499829829,0.6666666666666666,0.0031428571428571
18,10,1,5.0,0.1,0.9,0.1,200,100,0.4062649309635163,0.0498958333333333,0.8500753470231829,0.4698113207547169,0.5499994092144898,10.18867924528302,500.0,0.5014814814814814,0.5014814814814814,230.0,0.3333333333333333,0.8907222321110716,0.4058075404236471,1.0,0.0048571428571428
19,10,1,5.0,0.1,0.9,0.1,200,100,0.4062649309635163,0.0498958333333333,0.8697218144713759,0.3962264150943395,0.4968010862514047,8.981132075471699,500.0,0.4096296296296296,0.4096296296296296,355.0,0.3333333333333333,0.9229814880740476,0.5064055512301803,1.0,0.0051428571428571
0,10,1,5.0,0.1,0.97,0.05,200,100,0.4062649309635163,0.0498958333333333,0.8524006162664074,0.6150943396226414,0.6832358063432755,9.037735849056604,500.0,0.6659259259259259,0.6659259259259259,323.3333333333333,0.3333333333333333,0.9026366144535422,0.4194923963768688,0.6666666666666666,0.0034285714285714
1,10,1,5.0,0.1,0.97,0.05,200,100,0.4062649309635163,0.0498958333333333,0.8499538726250817,0.4849056603773585,0.5610459303159955,11.39622641509434,500.0,0.4762962962962963,0.4762962962962963,250.0,0.5,0.8775284798860804,0.3640464820389086,0.6666666666666666,0.006
2,10,1,5.0,0.1,0.97,0.05,200,100,0.4062649309635163,0.0498958333333333,0.8649579577329716,0.6471698113207549,0.7073669188137426,7.943396226415095,500.0,0.6622222222222223,0.6622222222222223,238.3333333333333,0.1666666666666666,0.9082182271270914,0.4511071655608273,0.6666666666666666,0.0062857142857142
3,10,1,5.0,0.1,0.97,0.05,200,100,0.4062649309635163,0.0498958333333333,0.8702960902919885,0.5320754716981132,0.6230322327740956,9.339622641509434,500.0,0.5511111111111111,0.5511111111111111,305.0,0.5,0.9104427732289072,0.4414190735345299,0.6666666666666666,0.0062857142857142
4,10,1,5.0,0.1,0.97,0.05,200,100,0.4062649309635163,0.0498958333333333,0.906186869264026,0.5566037735849056,0.6583089867980882,7.056603773584905,500.0,0.5414814814814816,0.5414814814814816,235.0,0.3333333333333333,0.9254552331790672,0.5504243151161605,0.6666666666666666,0.0062857142857142
5,10,1,5.0,0.1,0.97,0.05,200,100,0.4062649309635163,0.0498958333333333,0.8102208177790485,0.5679245283018868,0.5873304343229695,11.660377358490566,500.0,0.5896296296296296,0.5896296296296296,296.6666666666667,0.5,0.8687682449270203,0.3417281943494606,1.0,0.002
6,10,1,5.0,0.1,0.97,0.05,200,100,0.4062649309635163,0.0498958333333333,0.861818708238283,0.4471698113207547,0.553088058317461,9.58490566037736,500.0,0.4851851851851851,0.4851851851851851,291.6666666666667,0.3333333333333333,0.904619971520114,0.4441313662722654,0.6666666666666666,0.004
7,10,1,5.0,0.1,0.97,0.05,200,100,0.4062649309635163,0.0498958333333333,0.8477637340540062,0.4339622641509434,0.5155109604715307,10.0188679245283,500.0,0.3155555555555555,0.3155555555555555,315.0,0.5,0.8947859558561766,0.4247176335021795,0.3333333333333333,0.0028571428571428
8,10,1,5.0,0.1,0.97,0.05,200,100,0.4062649309635163,0.0498958333333333,0.8708517902092753,0.5415094339622643,0.6198371574710739,9.150943396226417,500.0,0.56,0.56,291.6666666666667,0.5,0.9011632253470986,0.4359091134319509,0.6666666666666666,0.0042857142857142
9,10,1,5.0,0.1,0.97,0.05,200,100,0.4062649309635163,0.0498958333333333,0.903632730274428,0.6056603773584905,0.6937079787191144,7.037735849056604,500.0,0.6074074074074075,0.6074074074074075,201.66666666666663,0.1666666666666666,0.9276388394446422,0.529722210517777,1.0,0.0054285714285714
10,10,1,5.0,0.1,0.97,0.05,200,100,0.4062649309635163,0.0498958333333333,0.8841849007749066,0.5603773584905659,0.6573915060921154,6.90566037735849,500.0,0.5822222222222222,0.5822222222222222,365.0,0.3333333333333333,0.9304792630829476,0.5789632207254394,0.6666666666666666,0.0054285714285714
11,10,1,5.0,0.1,0.97,0.05,200,100,0.4062649309635163,0.0498958333333333,0.8722571222203462,0.5094339622641509,0.6019627261186348,8.528301886792454,500.0,0.44,0.44,378.3333333333333,0.5,0.9185292808828764,0.4856007472921179,1.0,0.0042857142857142
12,10,1,5.0,0.1,0.97,0.05,200,100,0.4062649309635163,0.0498958333333333,0.8613266473922117,0.5169811320754717,0.5967675578003863,10.830188679245284,500.0,0.5214814814814815,0.5214814814814815,271.6666666666667,0.3333333333333333,0.8933214667141331,0.3832305136247503,1.0,0.0025714285714285
13,10,1,5.0,0.1,0.97,0.05,200,100,0.4062649309635163,0.0498958333333333,0.8828474597137436,0.5339622641509434,0.6199364467889854,8.849056603773585,500.0,0.5896296296296296,0.5896296296296296,270.0,0.5,0.912813723745105,0.4560982562371203,1.0,0.0045714285714285
14,10,1,5.0,0.1,0.97,0.05,200,100,0.4062649309635163,0.0498958333333333,0.7510922680157069,0.4396226415094339,0.4960713045920661,13.566037735849056,500.0,0.3881481481481481,0.3881481481481481,385.0,0.5,0.8481592648629406,0.3047056941854172,0.3333333333333333,0.0017142857142857
15,10,1,5.0,0.1,0.97,0.05,200,100,0.4062649309635163,0.0498958333333333,0.8860913751260607,0.5792452830188679,0.6670244371903763,8.358490566037736,500.0,0.5918518518518519,0.5918518518518519,231.66666666666663,0.1666666666666666,0.9147855108579566,0.4565963515571161,1.0,0.0045714285714285
16,10,1,5.0,0.1,0.97,0.05,200,100,0.4062649309635163,0.0498958333333333,0.8448697195494399,0.6698113207547169,0.7017829573480503,8.320754716981131,500.0,0.7548148148148148,0.7548148148148148,258.3333333333333,0.5,0.9133650765396938,0.449935087390333,0.6666666666666666,0.0037142857142857
17,10,1,5.0,0.1,0.97,0.05,200,100,0.4062649309635163,0.0498958333333333,0.8328551690013843,0.5584905660377358,0.6295590697144088,9.547169811320757,500.0,0.6540740740740741,0.6540740740740741,300.0,0.5,0.8951406194375222,0.4238066860546924,0.6666666666666666,0.0031428571428571
18,10,1,5.0,0.1,0.97,0.05,200,100,0.4062649309635163,0.0498958333333333,0.8235006983397659,0.4830188679245282,0.5533108352054781,10.754716981132075,500.0,0.4785185185185185,0.4785185185185185,230.0,0.3333333333333333,0.8775440548237807,0.3781815552388668,1.0,0.0048571428571428
19,10,1,5.0,0.1,0.97,0.05,200,100,0.4062649309635163,0.0498958333333333,0.8454822597325115,0.4018867924528301,0.4912969191397749,9.641509433962264,500.0,0.4177777777777777,0.4177777777777777,355.0,0.3333333333333333,0.9064101993592024,0.4569509115022679,1.0,0.0051428571428571
0,10,1,5.0,1.0,0.9,0.05,200,100,0.4017177522182465,0.0498958333333333,0.8674591758205716,0.5981132075471698,0.6823456601242075,7.886792452830188,500.0,0.6659259259259259,0.6659259259259259,318.3333333333333,0.3333333333333333,0.9187936098255608,0.4793207052309252,0.6666666666666666,0.0034285714285714
1,10,1,5.0,1.0,0.9,0.05,200,100,0.4017177522182465,0.0498958333333333,0.8938106681223322,0.4377358490566038,0.5555957498118979,8.90566037735849,500.0,0.4511111111111111,0.4511111111111111,250.0,0.5,0.9020505517977928,0.4651888552986131,0.6666666666666666,0.0057142857142857
2,10,1,5.0,1.0,0.9,0.05,200,100,0.4017177522182465,0.0498958333333333,0.8916270193317436,0.6301886792452831,0.7122631481571793,6.415094339622642,500.0,0.6437037037037038,0.6437037037037038,236.66666666666663,0.1666666666666666,0.9350293698825204,0.5542345603210301,0.6666666666666666,0.0062857142857142
3,10,1,5.0,1.0,0.9,0.05,200,100,0.4017177522182465,0.0498958333333333,0.8839852027030838,0.5075471698113206,0.6111872613154063,8.245283018867925,500.0,0.5348148148148147,0.5348148148148147,286.6666666666667,0.5,0.925501957992168,0.5146949789464664,0.6666666666666666,0.0062857142857142
4,10,1,5.0,1.0,0.9,0.05,200,100,0.4017177522182465,0.0498958333333333,0.9248991153103712,0.5169811320754717,0.6362082423680647,6.622641509433962,500.0,0.5148148148148148,0.5148148148148148,235.0,0.3333333333333333,0.9394566571733712,0.6328829105497106,0.6666666666666666,0.0068571428571428
5,10,1,5.0,1.0,0.9,0.05,200,100,0.4017177522182465,0.0498958333333333,0.8453318358278281,0.5037735849056604,0.5810050190634889,8.716981132075471,500.0,0.5407407407407407,0.5407407407407407,296.6666666666667,0.5,0.9089640441438236,0.474152011912305,1.0,0.002
6,10,1,5.0,1.0,0.9,0.05,200,100,0.4017177522182465,0.0498958333333333,0.9058766121933484,0.479245283018868,0.5949743527761577,7.754716981132075,500.0,0.5096296296296297,0.5096296296296297,311.6666666666667,0.3333333333333333,0.9264587041651834,0.5486871821524061,0.6666666666666666,0.004
7,10,1,5.0,1.0,0.9,0.05,200,100,0.4017177522182465,0.0498958333333333,0.8824470682448533,0.3962264150943397,0.5134089353309378,8.20754716981132,500.0,0.3007407407407407,0.3007407407407407,313.3333333333333,0.5,0.925127269490922,0.5537687072838179,0.3333333333333333,0.0028571428571428
8,10,1,5.0,1.0,0.9,0.05,200,100,0.4017177522182465,0.0498958333333333,0.8932140836825286,0.5132075471698113,0.6044676961826985,7.566037735849057,500.0,0.5585185185185185,0.5585185185185185,288.3333333333333,0.3333333333333333,0.9191028835884656,0.5338435260035104,0.6666666666666666,0.0042857142857142
9,10,1,5.0,1.0,0.9,0.05,200,100,0.4017177522182465,0.0498958333333333,0.904859325072091,0.5981132075471697,0.692319659667626,6.245283018867925,500.0,0.5888888888888889,0.5888888888888889,203.3333333333333,0.1666666666666666,0.9320153969384124,0.5902600159147733,1.0,0.006
10,10,1,5.0,1.0,0.9,0.05,200,100,0.4017177522182465,0.0498958333333333,0.8888349008459454,0.5698113207547169,0.6695718451429963,6.132075471698113,500.0,0.5651851851851851,0.5651851851851851,348.3333333333333,0.3333333333333333,0.9392172481310076,0.6298843433697532,0.6666666666666666,0.0054285714285714
11,10,1,5.0,1.0,0.9,0.05,200,100,0.4017177522182465,0.0498958333333333,0.9063361233271858,0.5075471698113208,0.622474531191214,7.037735849056604,500.0,0.4185185185185185,0.4185185185185185,366.6666666666667,0.3333333333333333,0.932374510501958,0.5887578299623432,1.0,0.0042857142857142
12,10,1,5.0,1.0,0.9,0.05,200,100,0.4017177522182465,0.0498958333333333,0.8858845379805801,0.5075471698113208,0.6124988637951537,7.509433962264151,500.0,0.5303703703703704,0.5303703703703704,251.66666666666663,0.1666666666666666,0.9245216269134924,0.5522478442320893,1.0,0.0025714285714285
13,10,1,5.0,1.0,0.9,0.05,200,100,0.4017177522182465,0.0498958333333333,0.9208707083204456,0.5339622641509435,0.6416692113609601,7.39622641509434,500.0,0.5844444444444444,0.5844444444444444,270.0,0.5,0.929623086507654,0.5382732023805432,1.0,0.0045714285714285
14,10,1,5.0,1.0,0.9,0.05,200,100,0.4017177522182465,0.0498958333333333,0.8393025213779931,0.4584905660377358,0.5582829742414331,9.226415094339623,500.0,0.46,0.46,378.3333333333333,0.5,0.903491456034176,0.4627949304852977,0.3333333333333333,0.0017142857142857
15,10,1,5.0,1.0,0.9,0.05,200,100,0.4017177522182465,0.0498958333333333,0.9103510429328964,0.5528301886792453,0.6671514462175588,7.075471698113208,500.0,0.5985185185185186,0.5985185185185186,231.66666666666663,0.1666666666666666,0.934187878248487,0.5572183593847357,1.0,0.0045714285714285
16,10,1,5.0,1.0,0.9,0.05,200,100,0.4017177522182465,0.0498958333333333,0.8383150989703695,0.6396226415094339,0.6962700009414838,7.547169811320755,500.0,0.7600000000000001,0.7600000000000001,251.66666666666663,0.5,0.9252082591669634,0.5060517065661276,0.6666666666666666,0.0037142857142857
17,10,1,5.0,1.0,0.9,0.05,200,100,0.4017177522182465,0.0498958333333333,0.8537381897834497,0.5471698113207547,0.6365394471617869,8.528301886792454,500.0,0.6311111111111111,0.6311111111111111,300.0,0.5,0.9094277322890708,0.4744986299491797,0.6666666666666666,0.0031428571428571
18,10,1,5.0,1.0,0.9,0.05,200,100,0.4017177522182465,0.0498958333333333,0.8710817746195105,0.4547169811320753,0.5579085710876412,8.679245283018869,500.0,0.4637037037037037,0.4637037037037037,230.0,0.3333333333333333,0.9047209861160556,0.4757250884482094,1.0,0.0045714285714285
19,10,1,5.0,1.0,0.9,0.05,200,100,0.4017177522182465,0.0498958333333333,0.875306978137167,0.3943396226415094,0.4968285041347136,8.377358490566039,500.0,0.4266666666666667,0.4266666666666667,361.6666666666667,0.3333333333333333,0.9311623353506586,0.5561254435201269,1.0,0.0051428571428571
0,10,1,5.0,1.0,0.97,0.1,200,100,0.4017177522182465,0.0498958333333333,0.8678410266741206,0.590566037735849,0.6770705411391755,7.943396226415095,500.0,0.6414814814814815,0.6414814814814815,330.0,0.5,0.9202665539337844,0.481127927592083,0.6666666666666666,0.0034285714285714
1,10,1,5.0,1.0,0.97,0.1,200,100,0.4017177522182465,0.0498958333333333,0.872963780245516,0.4471698113207548,0.5606516009452067,9.30188679245283,500.0,0.497037037037037,0.497037037037037,250.0,0.5,0.9026570843716624,0.4484419872531239,0.6666666666666666,0.0057142857142857
2,10,1,5.0,1.0,0.97,0.1,200,100,0.4017177522182465,0.0498958333333333,0.8662577733481027,0.6132075471698114,0.6911064034253466,7.018867924528302,500.0,0.6422222222222222,0.6422222222222222,300.0,0.3333333333333333,0.9280962976148096,0.5244320321381138,0.6666666666666666,0.0062857142857142
3,10,1,5.0,1.0,0.97,0.1,200,100,0.4017177522182465,0.0498958333333333,0.8744838549941888,0.4981132075471698,0.6021817193435696,8.39622641509434,500.0,0.5518518518518518,0.5518518518518518,318.3333333333333,0.5,0.9239609291562834,0.508717625869483,0.6666666666666666,0.0062857142857142
4,10,1,5.0,1.0,0.97,0.1,200,100,0.4017177522182465,0.0498958333333333,0.9179808763166604,0.5490566037735848,0.6618150637129547,6.471698113207547,500.0,0.5770370370370371,0.5770370370370371,246.66666666666663,0.3333333333333333,0.935880651477394,0.6155748043440291,0.6666666666666666,0.0068571428571428
5,10,1,5.0,1.0,0.97,0.1,200,100,0.4017177522182465,0.0498958333333333,0.8522949984513681,0.5094339622641509,0.5856450412425028,8.622641509433961,500.0,0.5444444444444445,0.5444444444444445,308.3333333333333,0.5,0.9091736383054468,0.475303749826158,1.0,0.002
6,10,1,5.0,1.0,0.97,0.1,200,100,0.4017177522182465,0.0498958333333333,0.8936124612499521,0.4584905660377359,0.5727701880914159,8.075471698113208,500.0,0.4881481481481481,0.4881481481481481,293.3333333333333,0.3333333333333333,0.9258597365610538,0.5403122352481471,0.6666666666666666,0.004
7,10,1,5.0,1.0,0.97,0.1,200,100,0.4017177522182465,0.0498958333333333,0.8867997198879551,0.4320754716981132,0.5504129015686311,8.226415094339623,500.0,0.3674074074074074,0.3674074074074074,326.6666666666667,0.5,0.916498754004984,0.5241639898149728,0.3333333333333333,0.0028571428571428
8,10,1,5.0,1.0,0.97,0.1,200,100,0.4017177522182465,0.0498958333333333,0.8874488845211032,0.5320754716981132,0.6293358132802097,7.471698113207547,500.0,0.5466666666666667,0.5466666666666667,288.3333333333333,0.5,0.9236427554289784,0.5366168668209245,0.6666666666666666,0.0042857142857142
9,10,1,5.0,1.0,0.97,0.1,200,100,0.4017177522182465,0.0498958333333333,0.9075772046767632,0.6056603773584905,0.6983190005594839,6.39622641509434,493.3333333333333,0.6377777777777779,0.6377777777777779,205.0,0.1666666666666666,0.9359496262014952,0.5821328164532652,1.0,0.006
10,10,1,5.0,1.0,0.97,0.1,200,100,0.4017177522182465,0.0498958333333333,0.8907849947771715,0.5509433962264151,0.6537933413029821,6.6415094339622645,500.0,0.5792592592592593,0.5792592592592593,393.3333333333333,0.5,0.9358005517977928,0.6091489821145607,0.6666666666666666,0.0054285714285714
11,10,1,5.0,1.0,0.97,0.1,200,100,0.4017177522182465,0.0498958333333333,0.8757711357071043,0.5000000000000001,0.6051043766007196,7.90566037735849,500.0,0.4385185185185185,0.4385185185185185,378.3333333333333,0.6666666666666666,0.9224194553221788,0.5266643882670378,1.0,0.0042857142857142
12,10,1,5.0,1.0,0.97,0.1,200,100,0.4017177522182465,0.0498958333333333,0.876532569194649,0.4849056603773585,0.5870116905165085,8.377358490566039,500.0,0.5,0.5,285.0,0.3333333333333333,0.9177078141687434,0.5001867495635359,1.0,0.0025714285714285
13,10,1,5.0,1.0,0.97,0.1,200,100,0.4017177522182465,0.0498958333333333,0.9049330296469178,0.5339622641509435,0.6336926904748067,7.69811320754717,500.0,0.5533333333333333,0.5533333333333333,275.0,0.5,0.9279263082947669,0.5278998729160548,1.0,0.0045714285714285
14,10,1,5.0,1.0,0.97,0.1,200,100,0.4017177522182465,0.0498958333333333,0.8393025213779931,0.4622641509433962,0.56480774186498,9.18867924528302,500.0,0.4474074074074074,0.4474074074074074,376.6666666666667,0.5,0.904869170523318,0.4640623773035841,0.3333333333333333,0.0017142857142857
15,10,1,5.0,1.0,0.97,0.1,200,100,0.4017177522182465,0.0498958333333333,0.8843540446481624,0.5716981132075473,0.6722272600584875,7.528301886792453,500.0,0.6318518518518519,0.6318518518518519,243.3333333333333,0.1666666666666666,0.9258975614097544,0.5210038697872904,1.0,0.0045714285714285
16,10,1,5.0,1.0,0.97,0.1,200,100,0.4017177522182465,0.0498958333333333,0.859429204990136,0.6603773584905662,0.7184480876677336,7.188679245283019,500.0,0.7792592592592592,0.7792592592592592,251.66666666666663,0.5,0.9271978462086152,0.509824483981151,0.6666666666666666,0.0037142857142857
17,10,1,5.0,1.0,0.97,0.1,200,100,0.4017177522182465,0.0498958333333333,0.8430187205734144,0.5528301886792454,0.6396025304810437,8.60377358490566,500.0,0.6577777777777777,0.6577777777777777,288.3333333333333,0.5,0.9122837308650764,0.4755142530588136,0.6666666666666666,0.0031428571428571
18,10,1,5.0,1.0,0.97,0.1,200,100,0.4017177522182465,0.0498958333333333,0.8636171976539405,0.4320754716981132,0.5324512749722641,9.283018867924527,500.0,0.4688888888888889,0.4688888888888889,230.0,0.3333333333333333,0.9076397294410824,0.465758036652641,1.0,0.0045714285714285
19,10,1,5.0,1.0,0.97,0.1,200,100,0.4017177522182465,0.0498958333333333,0.8599265731015893,0.3698113207547169,0.4741824798706042,9.09433962264151,500.0,0.3896296296296296,0.3896296296296296,386.6666666666667,0.5,0.9189061943752224,0.5146734905240598,1.0,0.0051428571428571
0,10,2,2.5,0.1,0.9,0.05,200,100,0.4737088680267334,0.0498958333333333,0.8218477020094829,0.4886792452830189,0.5997389386672601,9.41509433962264,500.0,0.5274074074074074,0.5274074074074074,320.0,0.3333333333333333,0.9206818419785144,0.4344548798670737,0.6666666666666666,0.0031428571428571
1,10,2,2.5,0.1,0.9,0.05,200,100,0.4737088680267334,0.0498958333333333,0.8880603488261647,0.5433962264150943,0.6597719435349381,7.150943396226415,500.0,0.6577777777777777,0.6577777777777777,300.0,0.5,0.9273802693024522,0.524451621376072,0.3333333333333333,0.0074285714285714
2,10,2,2.5,0.1,0.9,0.05,200,100,0.4737088680267334,0.0498958333333333,0.8831531358530802,0.4867924528301887,0.6115669619749642,7.886792452830188,500.0,0.6088888888888889,0.6088888888888889,263.3333333333333,0.3333333333333333,0.94040060310347,0.5226529684095235,1.0,0.0071428571428571
3,10,2,2.5,0.1,0.9,0.05,200,100,0.4737088680267334,0.0498958333333333,0.8750211895354268,0.5245283018867924,0.6229269276400815,7.509433962264151,500.0,0.5518518518518518,0.5518518518518518,230.0,0.1666666666666666,0.9474927229702846,0.560597567964119,1.0,0.004
4,10,2,2.5,0.1,0.9,0.05,200,100,0.4737088680267334,0.0498958333333333,0.8610802811690713,0.4924528301886792,0.5993353625080585,6.943396226415095,500.0,0.5162962962962963,0.5162962962962963,223.3333333333333,0.1666666666666666,0.9429015978053736,0.5973571987819928,1.0,0.008
5,10,2,2.5,0.1,0.9,0.05,200,100,0.4737088680267334,0.0498958333333333,0.8769798728525144,0.5528301886792453,0.6593398694236942,7.264150943396227,500.0,0.6303703703703704,0.6303703703703704,313.3333333333333,0.3333333333333333,0.947082905786024,0.5548392900389705,0.3333333333333333,0.0028571428571428
6,10,2,2.5,0.1,0.9,0.05,200,100,0.4737088680267334,0.0498958333333333,0.7959685775560857,0.3735849056603774,0.4803533689084831,9.9811320754717,500.0,0.4674074074074075,0.4674074074074075,246.66666666666663,0.1666666666666666,0.907743597260905,0.4087828195881687,0.6666666666666666,0.0022857142857142
7,10,2,2.5,0.1,0.9,0.05,200,100,0.4737088680267334,0.0498958333333333,0.891684452730843,0.5358490566037735,0.6502460685540379,7.113207547169812,500.0,0.648888888888889,0.648888888888889,300.0,0.3333333333333333,0.9545563629510188,0.5631620294039582,0.6666666666666666,0.0034285714285714
8,10,2,2.5,0.1,0.9,0.05,200,100,0.4737088680267334,0.0498958333333333,0.888690758890664,0.4566037735849056,0.5796745609025498,7.30188679245283,500.0,0.4118518518518518,0.4118518518518518,240.0,0.3333333333333333,0.930272653027035,0.5648920737371267,1.0,0.0051428571428571
9,10,2,2.5,0.1,0.9,0.05,200,100,0.4737088680267334,0.0498958333333333,0.8883165567687472,0.5056603773584907,0.6216439153214843,7.566037735849057,500.0,0.5525925925925926,0.5525925925925926,223.3333333333333,0.1666666666666666,0.9365388561975164,0.5404131930493178,0.6666666666666666,0.0068571428571428
10,10,2,2.5,0.1,0.9,0.05,200,100,0.4737088680267334,0.0498958333333333,0.8905719101057614,0.4886792452830189,0.6164863538545559,7.679245283018868,500.0,0.5614814814814815,0.5614814814814815,378.3333333333333,0.5,0.94305865600067,0.5556944058704087,0.6666666666666666,0.0051428571428571
11,10,2,2.5,0.1,0.9,0.05,200,100,0.4737088680267334,0.0498958333333333,0.8716402454809874,0.511320754716981,0.6229467479551927,7.60377358490566,500.0,0.5318518518518518,0.5318518518518518,275.0,0.1666666666666666,0.9327973111636966,0.5099549951670453,0.6666666666666666,0.0051428571428571
12,10,2,2.5,0.1,0.9,0.05,200,100,0.4737088680267334,0.0498958333333333,0.873742995117256,0.5226415094339623,0.6341568223104771,8.09433962264151,500.0,0.5681481481481482,0.5681481481481482,315.0,0.3333333333333333,0.9418618725525096,0.5046332161990404,0.6666666666666666,0.004
13,10,2,2.5,0.1,0.9,0.05,200,100,0.4737088680267334,0.0498958333333333,0.8893444973332569,0.420754716981132,0.5407918845106819,8.679245283018869,500.0,0.4511111111111111,0.4511111111111111,271.6666666666667,0.5,0.933152890917848,0.4966575644508746,1.0,0.004
14,10,2,2.5,0.1,0.9,0.05,200,100,0.4737088680267334,0.0498958333333333,0.9091966173361524,0.4075471698113206,0.5434230805607815,7.415094339622642,500.0,0.4133333333333333,0.4133333333333333,318.3333333333333,0.3333333333333333,0.9434066969614474,0.5964508794291477,0.3333333333333333,0.0045714285714285
15,10,2,2.5,0.1,0.9,0.05,200,100,0.4737088680267334,0.0498958333333333,0.8394369571728062,0.5377358490566037,0.6374356576295798,8.075471698113208,500.0,0.5925925925925926,0.5925925925925926,251.66666666666663,0.1666666666666666,0.9465671266726696,0.505205596288937,1.0,0.0065714285714285
16,10,2,2.5,0.1,0.9,0.05,200,100,0.4737088680267334,0.0498958333333333,0.9012215771649734,0.5358490566037736,0.6581866453215491,7.0,500.0,0.7444444444444445,0.7444444444444445,248.3333333333333,0.3333333333333333,0.9513766674345068,0.5762138668212143,0.6666666666666666,0.0037142857142857
17,10,2,2.5,0.1,0.9,0.05,200,100,0.4737088680267334,0.0498958333333333,0.8766873924797869,0.6,0.6897971183623658,7.30188679245283,500.0,0.722962962962963,0.722962962962963,300.0,0.5,0.93731912131175,0.537963855292896,0.6666666666666666,0.002
18,10,2,2.5,0.1,0.9,0.05,200,100,0.4737088680267334,0.0498958333333333,0.886647510552815,0.4471698113207548,0.577351974510103,7.433962264150943,500.0,0.5251851851851853,0.5251851851851853,126.66666666666669,0.0,0.945476933386384,0.580255014829856,1.0,0.0034285714285714
19,10,2,2.5,0.1,0.9,0.05,200,100,0.4737088680267334,0.0498958333333333,0.8443983689266708,0.5037735849056604,0.6013431389504759,8.377358490566039,500.0,0.5014814814814814,0.5014814814814814,231.66666666666663,0.1666666666666666,0.9243008816200028,0.466244290007562,1.0,0.0042857142857142
0,10,2,2.5,0.1,0.97,0.1,200,100,0.4737088680267334,0.0498958333333333,0.844556596888189,0.4735849056603775,0.5931791115688503,9.433962264150944,500.0,0.5451851851851851,0.5451851851851851,325.0,0.5,0.9287692919816556,0.4330323876536211,0.6666666666666666,0.0031428571428571
1,10,2,2.5,0.1,0.97,0.1,200,100,0.4737088680267334,0.0498958333333333,0.8966161644411864,0.5056603773584907,0.633325967543136,7.792452830188679,500.0,0.6000000000000001,0.6000000000000001,293.3333333333333,0.5,0.9303461562624338,0.5065301647450763,0.3333333333333333,0.0074285714285714
2,10,2,2.5,0.1,0.97,0.1,200,100,0.4737088680267334,0.0498958333333333,0.8932772884300632,0.5415094339622643,0.6630289805918982,7.339622641509434,500.0,0.6881481481481483,0.6881481481481483,286.6666666666667,0.5,0.9446472472933638,0.5296976664458417,1.0,0.0071428571428571
3,10,2,2.5,0.1,0.97,0.1,200,100,0.4737088680267334,0.0498958333333333,0.8960005246657056,0.5283018867924529,0.6282233422872178,7.358490566037735,500.0,0.5681481481481482,0.5681481481481482,265.0,0.3333333333333333,0.951933072267711,0.5748847331961415,1.0,0.004
4,10,2,2.5,0.1,0.97,0.1,200,100,0.4737088680267334,0.0498958333333333,0.9013598703835358,0.4981132075471698,0.6128598099862573,6.943396226415095,500.0,0.4992592592592593,0.4992592592592593,230.0,0.1666666666666666,0.9521447867149708,0.6083309237050786,1.0,0.008
5,10,2,2.5,0.1,0.97,0.1,200,100,0.4737088680267334,0.0498958333333333,0.8811700223256828,0.5509433962264152,0.6569311115765346,7.283018867924528,500.0,0.66,0.66,321.6666666666667,0.3333333333333333,0.9466520428035936,0.5533854313517432,0.3333333333333333,0.0028571428571428
6,10,2,2.5,0.1,0.97,0.1,200,100,0.4737088680267334,0.0498958333333333,0.8461931957052322,0.3245283018867924,0.4399813706359065,10.18867924528302,500.0,0.3481481481481481,0.3481481481481481,283.3333333333333,0.3333333333333333,0.915338093941742,0.4236634361646736,0.6666666666666666,0.0022857142857142
7,10,2,2.5,0.1,0.97,0.1,200,100,0.4737088680267334,0.0498958333333333,0.8975540897325556,0.5283018867924527,0.6438782301230457,7.377358490566038,500.0,0.6340740740740741,0.6340740740740741,325.0,0.5,0.9568007245618076,0.5606170099791413,0.6666666666666666,0.0034285714285714
8,10,2,2.5,0.1,0.97,0.1,200,100,0.4737088680267334,0.0498958333333333,0.9029627500084302,0.4660377358490566,0.5882846070815834,7.622641509433962,500.0,0.4399999999999999,0.4399999999999999,276.6666666666667,0.5,0.9280152032333048,0.5360077977914205,1.0,0.0051428571428571
9,10,2,2.5,0.1,0.97,0.1,200,100,0.4737088680267334,0.0498958333333333,0.9088316810574568,0.4867924528301887,0.6107045638978756,7.60377358490566,500.0,0.5488888888888889,0.5488888888888889,248.3333333333333,0.3333333333333333,0.941563043159592,0.555146759963355,0.6666666666666666,0.0068571428571428
10,10,2,2.5,0.1,0.97,0.1,200,100,0.4737088680267334,0.0498958333333333,0.8783976064220237,0.4716981132075471,0.6001178906492447,7.849056603773585,500.0,0.497037037037037,0.497037037037037,375.0,0.5,0.9394195129101836,0.5423447440019109,0.6666666666666666,0.0051428571428571
11,10,2,2.5,0.1,0.97,0.1,200,100,0.4737088680267334,0.0498958333333333,0.895719311069487,0.5037735849056603,0.6209060768246214,7.528301886792453,500.0,0.5237037037037037,0.5237037037037037,335.0,0.3333333333333333,0.9449605260402488,0.53107950023184,0.6666666666666666,0.0051428571428571
12,10,2,2.5,0.1,0.97,0.1,200,100,0.4737088680267334,0.0498958333333333,0.8759292784356147,0.5264150943396226,0.639598399802116,8.056603773584905,500.0,0.5792592592592593,0.5792592592592593,331.6666666666667,0.3333333333333333,0.945382698469206,0.5084012428734026,0.6666666666666666,0.004
13,10,2,2.5,0.1,0.97,0.1,200,100,0.4737088680267334,0.0498958333333333,0.8926265925964842,0.3886792452830189,0.509518799046601,9.0188679245283,500.0,0.42,0.42,261.6666666666667,0.5,0.935597763491299,0.5016252600626232,1.0,0.004
14,10,2,2.5,0.1,0.97,0.1,200,100,0.4737088680267334,0.0498958333333333,0.8997626550720014,0.3943396226415094,0.5242696941765405,7.716981132075472,500.0,0.4044444444444444,0.4044444444444444,306.6666666666667,0.3333333333333333,0.9476305153602916,0.5885937724571072,0.3333333333333333,0.0045714285714285
15,10,2,2.5,0.1,0.97,0.1,200,100,0.4737088680267334,0.0498958333333333,0.8887368471248701,0.5471698113207547,0.6534706540028279,8.0,500.0,0.6377777777777779,0.6377777777777779,253.3333333333333,0.1666666666666666,0.9494406634138168,0.5096998155039466,1.0,0.0065714285714285
16,10,2,2.5,0.1,0.97,0.1,200,100,0.4737088680267334,0.0498958333333333,0.9079306930583292,0.5226415094339621,0.643904420578725,7.30188679245283,500.0,0.7488888888888888,0.7488888888888888,256.6666666666667,0.5,0.9484893095721736,0.558415661855493,0.6666666666666666,0.0037142857142857
17,10,2,2.5,0.1,0.97,0.1,200,100,0.4737088680267334,0.0498958333333333,0.8881728671728089,0.5924528301886793,0.6874208484237382,7.283018867924528,500.0,0.674074074074074,0.674074074074074,295.0,0.5,0.9416731933072268,0.5409985124586252,0.6666666666666666,0.002
18,10,2,2.5,0.1,0.97,0.1,200,100,0.4737088680267334,0.0498958333333333,0.8745150385891611,0.4188679245283019,0.54632243525028,8.226415094339623,500.0,0.522962962962963,0.522962962962963,270.0,0.3333333333333333,0.9439285489916864,0.5348919735829182,1.0,0.0034285714285714
19,10,2,2.5,0.1,0.97,0.1,200,100,0.4737088680267334,0.0498958333333333,0.8584594650632386,0.4886792452830189,0.5877729770991644,8.754716981132075,500.0,0.4807407407407407,0.4807407407407407,296.6666666666667,0.5,0.9336716017841812,0.4718070349043641,1.0,0.0042857142857142
0,10,2,2.5,1.0,0.9,0.1,200,100,0.4668253064155579,0.0498958333333333,0.8342091891819248,0.4566037735849057,0.5767177707332107,9.0,500.0,0.5281481481481481,0.5281481481481481,330.0,0.5,0.9267233472242582,0.4631033246076664,0.6666666666666666,0.0031428571428571
1,10,2,2.5,1.0,0.9,0.1,200,100,0.4668253064155579,0.0498958333333333,0.908844308937102,0.4981132075471698,0.6289172657931238,7.150943396226415,500.0,0.6022222222222222,0.6022222222222222,293.3333333333333,0.5,0.9326199401084748,0.5553883521328024,0.3333333333333333,0.0074285714285714
2,10,2,2.5,1.0,0.9,0.1,200,100,0.4668253064155579,0.0498958333333333,0.8938053377704881,0.5264150943396226,0.6515380917882941,7.09433962264151,500.0,0.6755555555555555,0.6755555555555555,288.3333333333333,0.5,0.945901199924612,0.5566106678602564,1.0,0.0068571428571428
3,10,2,2.5,1.0,0.9,0.1,200,100,0.4668253064155579,0.0498958333333333,0.8903616819582965,0.5000000000000001,0.6037493710922137,7.339622641509434,500.0,0.5570370370370371,0.5570370370370371,231.66666666666663,0.1666666666666666,0.9540213180323748,0.6099433297137159,1.0,0.004
4,10,2,2.5,1.0,0.9,0.1,200,100,0.4668253064155579,0.0498958333333333,0.9044923629829292,0.4849056603773585,0.6066354688364471,6.584905660377358,500.0,0.4955555555555556,0.4955555555555556,215.0,0.1666666666666666,0.953095512323833,0.6567575604747352,1.0,0.0077142857142857
5,10,2,2.5,1.0,0.9,0.1,200,100,0.4668253064155579,0.0498958333333333,0.9005127626798823,0.5584905660377358,0.6708333306586708,6.773584905660377,500.0,0.648888888888889,0.648888888888889,321.6666666666667,0.5,0.9496111239084456,0.5898691269410206,0.3333333333333333,0.0028571428571428
6,10,2,2.5,1.0,0.9,0.1,200,100,0.4668253064155579,0.0498958333333333,0.8346052336028751,0.3301886792452829,0.4458016828254575,9.69811320754717,500.0,0.3637037037037037,0.3637037037037037,281.6666666666667,0.3333333333333333,0.9164301719263712,0.4541472759606446,0.6666666666666666,0.0022857142857142
7,10,2,2.5,1.0,0.9,0.1,200,100,0.4668253064155579,0.0498958333333333,0.8977434760252906,0.5320754716981132,0.6485095186969786,6.962264150943396,500.0,0.6251851851851852,0.6251851851851852,311.6666666666667,0.3333333333333333,0.9584602014533118,0.5925047162169889,0.6666666666666666,0.0034285714285714
8,10,2,2.5,1.0,0.9,0.1,200,100,0.4668253064155579,0.0498958333333333,0.9067289179822874,0.4735849056603773,0.5983471551847556,6.9245283018867925,500.0,0.4259259259259259,0.4259259259259259,260.0,0.3333333333333333,0.9338217494188846,0.5824246445789051,1.0,0.0057142857142857
9,10,2,2.5,1.0,0.9,0.1,200,100,0.4668253064155579,0.0498958333333333,0.9072169619339432,0.4773584905660378,0.6062221502050265,7.377358490566038,500.0,0.5385185185185185,0.5385185185185185,226.66666666666663,0.1666666666666666,0.9423625740791156,0.5798800698657447,0.6666666666666666,0.0068571428571428
10,10,2,2.5,1.0,0.9,0.1,200,100,0.4668253064155579,0.0498958333333333,0.8935472842096506,0.4735849056603773,0.6070317205782629,7.358490566037735,500.0,0.5037037037037037,0.5037037037037037,375.0,0.5,0.942570519129688,0.5786238210920556,0.6666666666666666,0.0051428571428571
11,10,2,2.5,1.0,0.9,0.1,200,100,0.4668253064155579,0.0498958333333333,0.8855813595149117,0.4943396226415094,0.6126612692157554,7.471698113207547,500.0,0.5059259259259259,0.5059259259259259,318.3333333333333,0.1666666666666666,0.9452055368249116,0.5527795117521058,0.6666666666666666,0.0051428571428571
12,10,2,2.5,1.0,0.9,0.1,200,100,0.4668253064155579,0.0498958333333333,0.8808211334848405,0.5207547169811321,0.6369057636997473,7.60377358490566,500.0,0.565925925925926,0.565925925925926,321.6666666666667,0.3333333333333333,0.9473482294306116,0.535696906964357,0.6666666666666666,0.0042857142857142
13,10,2,2.5,1.0,0.9,0.1,200,100,0.4668253064155579,0.0498958333333333,0.904757412398922,0.3849056603773585,0.5080719607190196,8.50943396226415,500.0,0.4081481481481481,0.4081481481481481,266.6666666666667,0.5,0.9378223357694804,0.5378405772225295,1.0,0.004
14,10,2,2.5,1.0,0.9,0.1,200,100,0.4668253064155579,0.0498958333333333,0.9065381159720785,0.3924528301886792,0.5246117134455489,7.471698113207547,500.0,0.3985185185185185,0.3985185185185185,305.0,0.3333333333333333,0.9502958976399388,0.6273392550711361,0.3333333333333333,0.0045714285714285
15,10,2,2.5,1.0,0.9,0.1,200,100,0.4668253064155579,0.0498958333333333,0.8937407107773225,0.5377358490566038,0.6529654721663599,7.377358490566038,500.0,0.6237037037037038,0.6237037037037038,251.66666666666663,0.1666666666666666,0.9527799300567504,0.5502518570728707,1.0,0.0062857142857142
16,10,2,2.5,1.0,0.9,0.1,200,100,0.4668253064155579,0.0498958333333333,0.9122322612487206,0.5301886792452829,0.6553320964267864,6.849056603773585,500.0,0.7474074074074074,0.7474074074074074,248.3333333333333,0.3333333333333333,0.9522909555420602,0.6018006237152229,1.0,0.0037142857142857
17,10,2,2.5,1.0,0.9,0.1,200,100,0.4668253064155579,0.0498958333333333,0.8954502144741037,0.5811320754716981,0.6824290093858991,6.90566037735849,500.0,0.674074074074074,0.674074074074074,296.6666666666667,0.5,0.9432814692270642,0.5805711383171377,0.6666666666666666,0.002
18,10,2,2.5,1.0,0.9,0.1,200,100,0.4668253064155579,0.0498958333333333,0.8866253844195021,0.4301886792452831,0.5614146341398394,7.584905660377358,500.0,0.5177777777777778,0.5177777777777778,223.3333333333333,0.1666666666666666,0.9487010240194332,0.6028182501238535,1.0,0.0034285714285714
19,10,2,2.5,1.0,0.9,0.1,200,100,0.4668253064155579,0.0498958333333333,0.8865334493175177,0.4905660377358491,0.5965754929041337,8.0,500.0,0.4785185185185185,0.4785185185185185,261.6666666666667,0.3333333333333333,0.9341942914581284,0.5134766490151573,1.0,0.0042857142857142
0,10,2,2.5,1.0,0.97,0.05,200,100,0.4668253064155579,0.0498958333333333,0.839577562946525,0.4716981132075472,0.590265545660155,8.830188679245284,500.0,0.5251851851851851,0.5251851851851851,325.0,0.3333333333333333,0.9231229451552782,0.4673338920086834,0.6666666666666666,0.0031428571428571
1,10,2,2.5,1.0,0.97,0.05,200,100,0.4668253064155579,0.0498958333333333,0.9031362494802836,0.5226415094339624,0.6469522858021554,7.09433962264151,500.0,0.6392592592592593,0.6392592592592593,298.3333333333333,0.5,0.9284028228592968,0.5415845427259871,0.3333333333333333,0.0074285714285714
2,10,2,2.5,1.0,0.97,0.05,200,100,0.4668253064155579,0.0498958333333333,0.893940108659976,0.4830188679245282,0.6114999967499074,7.509433962264151,500.0,0.6177777777777779,0.6177777777777779,275.0,0.5,0.9446725860155384,0.5519272809500365,1.0,0.0068571428571428
3,10,2,2.5,1.0,0.97,0.05,200,100,0.4668253064155579,0.0498958333333333,0.8899124456600035,0.5056603773584906,0.6107733466234033,7.283018867924528,500.0,0.5474074074074075,0.5474074074074075,228.3333333333333,0.1666666666666666,0.9524961782505812,0.6043459737658032,1.0,0.004
4,10,2,2.5,1.0,0.97,0.05,200,100,0.4668253064155579,0.0498958333333333,0.8858967028778348,0.4716981132075471,0.5880922988844012,6.9245283018867925,500.0,0.4962962962962963,0.4962962962962963,226.66666666666663,0.1666666666666666,0.9469742215148786,0.6159475403752541,1.0,0.0077142857142857
5,10,2,2.5,1.0,0.97,0.05,200,100,0.4668253064155579,0.0498958333333333,0.8944256108380135,0.5471698113207547,0.6611543550529471,6.90566037735849,500.0,0.6229629629629629,0.6229629629629629,311.6666666666667,0.3333333333333333,0.9491830879735303,0.5894203398967397,0.3333333333333333,0.0028571428571428
6,10,2,2.5,1.0,0.97,0.05,200,100,0.4668253064155579,0.0498958333333333,0.8299331761006289,0.3528301886792453,0.4689572348173902,9.49056603773585,500.0,0.442962962962963,0.442962962962963,268.3333333333333,0.1666666666666666,0.9126193118756936,0.4473546585066298,0.6666666666666666,0.0022857142857142
7,10,2,2.5,1.0,0.97,0.05,200,100,0.4668253064155579,0.0498958333333333,0.8983845016663162,0.5283018867924528,0.6445932962157623,7.09433962264151,500.0,0.6340740740740741,0.6340740740740741,300.0,0.3333333333333333,0.9568670031202228,0.583462086660717,0.6666666666666666,0.0034285714285714
8,10,2,2.5,1.0,0.97,0.05,200,100,0.4668253064155579,0.0498958333333333,0.8950854224510063,0.450943396226415,0.5746852772410451,7.377358490566038,500.0,0.42,0.42,265.0,0.3333333333333333,0.92753083575901,0.5633511587470975,1.0,0.0057142857142857
9,10,2,2.5,1.0,0.97,0.05,200,100,0.4668253064155579,0.0498958333333333,0.8953720982022868,0.4905660377358491,0.6153397587487112,7.30188679245283,500.0,0.5355555555555555,0.5355555555555555,250.0,0.1666666666666666,0.9394706091763868,0.5753661031616342,0.6666666666666666,0.0068571428571428
10,10,2,2.5,1.0,0.97,0.05,200,100,0.4668253064155579,0.0498958333333333,0.8872579760335499,0.4641509433962265,0.5969921701669035,7.490566037735849,500.0,0.5325925925925926,0.5325925925925926,380.0,0.5,0.9429744728079912,0.580265823713779,0.6666666666666666,0.0051428571428571
11,10,2,2.5,1.0,0.97,0.05,200,100,0.4668253064155579,0.0498958333333333,0.8860530576281191,0.4981132075471698,0.6176070017419543,7.415094339622642,500.0,0.5170370370370371,0.5170370370370371,290.0,0.1666666666666666,0.9392429794986702,0.5426107277714829,0.6666666666666666,0.0051428571428571
12,10,2,2.5,1.0,0.97,0.05,200,100,0.4668253064155579,0.0498958333333333,0.8770475485791801,0.5113207547169811,0.626594469370695,7.716981132075472,500.0,0.5577777777777778,0.5577777777777778,316.6666666666667,0.3333333333333333,0.94507591146106,0.5356909116110997,0.6666666666666666,0.0042857142857142
13,10,2,2.5,1.0,0.97,0.05,200,100,0.4668253064155579,0.0498958333333333,0.8972701407607068,0.4094339622641509,0.532467090516042,8.358490566037736,500.0,0.4414814814814815,0.4414814814814815,268.3333333333333,0.5,0.9361684082675434,0.5315157054999713,1.0,0.004
14,10,2,2.5,1.0,0.97,0.05,200,100,0.4668253064155579,0.0498958333333333,0.8900661183680052,0.3999999999999999,0.5318129210235308,7.509433962264151,500.0,0.4074074074074074,0.4074074074074074,313.3333333333333,0.3333333333333333,0.945504156806902,0.6117733769107692,0.3333333333333333,0.0045714285714285
15,10,2,2.5,1.0,0.97,0.05,200,100,0.4668253064155579,0.0498958333333333,0.8663036038590836,0.5264150943396226,0.6370600925539881,7.716981132075472,500.0,0.5955555555555555,0.5955555555555555,253.3333333333333,0.1666666666666666,0.9490304274077022,0.5296766725656129,1.0,0.0062857142857142
16,10,2,2.5,1.0,0.97,0.05,200,100,0.4668253064155579,0.0498958333333333,0.894285271131919,0.520754716981132,0.6408842708524348,7.075471698113208,500.0,0.7362962962962962,0.7362962962962962,250.0,0.3333333333333333,0.9495964651435512,0.5881966552807323,1.0,0.0037142857142857
17,10,2,2.5,1.0,0.97,0.05,200,100,0.4668253064155579,0.0498958333333333,0.8849380850940497,0.5962264150943396,0.691055849473397,6.830188679245283,500.0,0.6985185185185184,0.6985185185185184,296.6666666666667,0.5,0.9419546415931984,0.5822309275228503,0.6666666666666666,0.002
18,10,2,2.5,1.0,0.97,0.05,200,100,0.4668253064155579,0.0498958333333333,0.8852120179117959,0.4301886792452831,0.561702021266411,7.641509433962264,500.0,0.5207407407407407,0.5207407407407407,171.66666666666666,0.0,0.942833120432224,0.5697447243973817,1.0,0.0034285714285714
19,10,2,2.5,1.0,0.97,0.05,200,100,0.4668253064155579,0.0498958333333333,0.8481686694433038,0.4905660377358491,0.5929898182702085,8.018867924528301,500.0,0.4881481481481481,0.4881481481481481,248.3333333333333,0.1666666666666666,0.9302330743618202,0.502065734004451,1.0,0.0042857142857142
0,10,2,5.0,0.1,0.9,0.1,200,100,0.4737088680267334,0.0498958333333333,0.8423553390265539,0.4735849056603773,0.592296189459513,9.452830188679243,500.0,0.5414814814814815,0.5414814814814815,333.3333333333333,0.5,0.9243128180428456,0.4320790214738885,0.6666666666666666,0.0031428571428571
1,10,2,5.0,0.1,0.9,0.1,200,100,0.4737088680267334,0.0498958333333333,0.9045057648247088,0.5037735849056604,0.6326090960390166,7.584905660377358,500.0,0.6059259259259259,0.6059259259259259,293.3333333333333,0.5,0.9315599019956862,0.5245195362917343,0.3333333333333333,0.0074285714285714
2,10,2,5.0,0.1,0.9,0.1,200,100,0.4737088680267334,0.0498958333333333,0.89456373782972,0.5415094339622643,0.6627494248768614,7.283018867924528,500.0,0.6881481481481483,0.6881481481481483,288.3333333333333,0.5,0.9441737691872762,0.5304005766231035,1.0,0.0071428571428571
3,10,2,5.0,0.1,0.9,0.1,200,100,0.4737088680267334,0.0498958333333333,0.8849942353575292,0.5245283018867926,0.6227928682107946,7.452830188679245,500.0,0.5644444444444444,0.5644444444444444,231.66666666666663,0.1666666666666666,0.9510411911293531,0.5720215113105972,1.0,0.004
4,10,2,5.0,0.1,0.9,0.1,200,100,0.4737088680267334,0.0498958333333333,0.8964004641307639,0.490566037735849,0.6072417347643607,6.811320754716981,500.0,0.4985185185185185,0.4985185185185185,216.66666666666663,0.1666666666666666,0.9516849203191422,0.6246462347245475,1.0,0.008
5,10,2,5.0,0.1,0.9,0.1,200,100,0.4737088680267334,0.0498958333333333,0.8798999087914182,0.5528301886792453,0.6577605971729459,7.245283018867925,500.0,0.657037037037037,0.657037037037037,321.6666666666667,0.3333333333333333,0.9469545368877348,0.5556738627895155,0.3333333333333333,0.0028571428571428
6,10,2,5.0,0.1,0.9,0.1,200,100,0.4737088680267334,0.0498958333333333,0.8313683978615664,0.3339622641509433,0.4461590116564122,10.18867924528302,500.0,0.3651851851851852,0.3651851851851852,283.3333333333333,0.3333333333333333,0.9134873201683664,0.4197659539108511,0.6666666666666666,0.0022857142857142
7,10,2,5.0,0.1,0.9,0.1,200,100,0.4737088680267334,0.0498958333333333,0.897903495742339,0.5377358490566038,0.6523048414741852,7.075471698113208,500.0,0.6377777777777777,0.6377777777777777,310.0,0.3333333333333333,0.9573203777773124,0.5704879767616755,0.6666666666666666,0.0034285714285714
8,10,2,5.0,0.1,0.9,0.1,200,100,0.4737088680267334,0.0498958333333333,0.900904777667439,0.4716981132075472,0.5951440219657954,7.226415094339623,500.0,0.4377777777777778,0.4377777777777778,251.66666666666663,0.3333333333333333,0.9315452432307918,0.5608978568226494,1.0,0.0051428571428571
9,10,2,5.0,0.1,0.9,0.1,200,100,0.4737088680267334,0.0498958333333333,0.9086519865381392,0.5018867924528302,0.623608215924724,7.452830188679245,500.0,0.5503703703703704,0.5503703703703704,228.3333333333333,0.1666666666666666,0.9410640169204028,0.5531591987663487,0.6666666666666666,0.0068571428571428
10,10,2,5.0,0.1,0.9,0.1,200,100,0.4737088680267334,0.0498958333333333,0.8867084779404424,0.4830188679245282,0.6115358105022367,7.69811320754717,500.0,0.5133333333333333,0.5133333333333333,376.6666666666667,0.5,0.9419133876405672,0.5525086197248295,0.6666666666666666,0.0051428571428571
11,10,2,5.0,0.1,0.9,0.1,200,100,0.4737088680267334,0.0498958333333333,0.8843536327226765,0.4924528301886792,0.6095311494951992,7.679245283018868,500.0,0.5081481481481481,0.5081481481481481,320.0,0.1666666666666666,0.9429949950788432,0.5281853499389345,0.6666666666666666,0.0051428571428571
12,10,2,5.0,0.1,0.9,0.1,200,100,0.4737088680267334,0.0498958333333333,0.875030805839029,0.5320754716981132,0.6441546248078415,8.018867924528301,500.0,0.5785185185185185,0.5785185185185185,321.6666666666667,0.3333333333333333,0.9452704542123008,0.5065570104668956,0.6666666666666666,0.004
13,10,2,5.0,0.1,0.9,0.1,200,100,0.4737088680267334,0.0498958333333333,0.8984211125419476,0.3981132075471699,0.5190759632387119,8.849056603773585,500.0,0.4207407407407407,0.4207407407407407,268.3333333333333,0.5,0.935153393504073,0.5040580329243842,1.0,0.004
14,10,2,5.0,0.1,0.9,0.1,200,100,0.4737088680267334,0.0498958333333333,0.9044796362040768,0.3962264150943396,0.5288747795909605,7.60377358490566,500.0,0.4081481481481481,0.4081481481481481,306.6666666666667,0.3333333333333333,0.949282558163885,0.6048883371604057,0.3333333333333333,0.0045714285714285
15,10,2,5.0,0.1,0.9,0.1,200,100,0.4737088680267334,0.0498958333333333,0.8923554956573825,0.5490566037735849,0.6590764838477762,7.754716981132075,500.0,0.6303703703703704,0.6303703703703704,251.66666666666663,0.1666666666666666,0.9509132410529182,0.521877677939224,1.0,0.0065714285714285
16,10,2,5.0,0.1,0.9,0.1,200,100,0.4737088680267334,0.0498958333333333,0.9088606362191268,0.539622641509434,0.662343842791732,6.981132075471698,500.0,0.7496296296296295,0.7496296296296295,256.6666666666667,0.5,0.9512589784934978,0.5759398508991025,0.6666666666666666,0.0037142857142857
17,10,2,5.0,0.1,0.9,0.1,200,100,0.4737088680267334,0.0498958333333333,0.8885097943965284,0.5943396226415094,0.6897473767739829,7.264150943396227,500.0,0.6896296296296297,0.6896296296296297,296.6666666666667,0.5,0.9405758800494208,0.5393657165122755,0.6666666666666666,0.002
18,10,2,5.0,0.1,0.9,0.1,200,100,0.4737088680267334,0.0498958333333333,0.8842890199867772,0.4320754716981131,0.5638004760587857,7.69811320754717,500.0,0.5259259259259259,0.5259259259259259,223.3333333333333,0.1666666666666666,0.9473450882667056,0.5746743861071882,1.0,0.0034285714285714
19,10,2,5.0,0.1,0.9,0.1,200,100,0.4737088680267334,0.0498958333333333,0.8783157094477849,0.4981132075471698,0.6006169600012699,8.452830188679245,500.0,0.4844444444444444,0.4844444444444444,263.3333333333333,0.3333333333333333,0.9313714321613302,0.4775693621003709,1.0,0.0042857142857142
0,10,2,5.0,0.1,0.97,0.05,200,100,0.4737088680267334,0.0498958333333333,0.8371666597812708,0.479245283018868,0.5946618427714834,9.41509433962264,500.0,0.5303703703703704,0.5303703703703704,328.3333333333333,0.3333333333333333,0.9210388876091554,0.4356925072025518,0.6666666666666666,0.0031428571428571
1,10,2,5.0,0.1,0.97,0.05,200,100,0.4737088680267334,0.0498958333333333,0.9025977715711344,0.5245283018867926,0.6481012769997937,7.509433962264151,500.0,0.6474074074074073,0.6474074074074073,298.3333333333333,0.5,0.9264448306912656,0.5086457720562783,0.3333333333333333,0.0074285714285714
2,10,2,5.0,0.1,0.97,0.05,200,100,0.4737088680267334,0.0498958333333333,0.8889407968294205,0.5018867924528302,0.6266322797273547,7.735849056603773,500.0,0.6348148148148148,0.6348148148148148,275.0,0.5,0.9429175130358302,0.5247639654019285,1.0,0.0071428571428571
3,10,2,5.0,0.1,0.97,0.05,200,100,0.4737088680267334,0.0498958333333333,0.8851739298768465,0.5358490566037736,0.6344146044718206,7.339622641509434,500.0,0.5681481481481482,0.5681481481481482,228.3333333333333,0.1666666666666666,0.9493181580214856,0.566924634696114,1.0,0.004
4,10,2,5.0,0.1,0.97,0.05,200,100,0.4737088680267334,0.0498958333333333,0.8822236693928965,0.481132075471698,0.5927463853391992,7.150943396226415,500.0,0.5111111111111111,0.5111111111111111,226.66666666666663,0.1666666666666666,0.9450870102401944,0.5826209184488983,1.0,0.008
5,10,2,5.0,0.1,0.97,0.05,200,100,0.4737088680267334,0.0498958333333333,0.8773515137901929,0.549056603773585,0.6556075954084013,7.30188679245283,500.0,0.64,0.64,318.3333333333333,0.3333333333333333,0.9471531631520532,0.5546581376306414,0.3333333333333333,0.0028571428571428
6,10,2,5.0,0.1,0.97,0.05,200,100,0.4737088680267334,0.0498958333333333,0.8190143996585115,0.3584905660377358,0.4702469135190089,10.0,500.0,0.4481481481481482,0.4481481481481482,270.0,0.1666666666666666,0.9100684773731492,0.4128972190313933,0.6666666666666666,0.0022857142857142
7,10,2,5.0,0.1,0.97,0.05,200,100,0.4737088680267334,0.0498958333333333,0.8939440903678393,0.539622641509434,0.6514058810191761,7.20754716981132,500.0,0.6459259259259259,0.6459259259259259,300.0,0.3333333333333333,0.955540803719138,0.5595676923440591,0.6666666666666666,0.0034285714285714
8,10,2,5.0,0.1,0.97,0.05,200,100,0.4737088680267334,0.0498958333333333,0.889697012686089,0.4471698113207546,0.5694488120768957,7.716981132075472,500.0,0.4081481481481481,0.4081481481481481,263.3333333333333,0.3333333333333333,0.9248413712227505,0.5364905747187715,1.0,0.0051428571428571
9,10,2,5.0,0.1,0.97,0.05,200,100,0.4737088680267334,0.0498958333333333,0.8942913995360429,0.509433962264151,0.6276412894449171,7.452830188679245,500.0,0.5488888888888889,0.5488888888888889,256.6666666666667,0.1666666666666666,0.9384258580612737,0.5472425362751562,0.6666666666666666,0.0068571428571428
10,10,2,5.0,0.1,0.97,0.05,200,100,0.4737088680267334,0.0498958333333333,0.8882808049844676,0.4773584905660377,0.6064190564953607,7.773584905660377,500.0,0.5488888888888889,0.5488888888888889,380.0,0.5,0.9421098150901516,0.5534088389599547,0.6666666666666666,0.0051428571428571
11,10,2,5.0,0.1,0.97,0.05,200,100,0.4737088680267334,0.0498958333333333,0.881792985822407,0.5056603773584906,0.620975393375625,7.566037735849057,500.0,0.5214814814814815,0.5214814814814815,291.6666666666667,0.1666666666666666,0.9367708835047012,0.5167022720280088,0.6666666666666666,0.0051428571428571
12,10,2,5.0,0.1,0.97,0.05,200,100,0.4737088680267334,0.0498958333333333,0.8740424859827846,0.5226415094339623,0.6342081401665733,8.09433962264151,500.0,0.5711111111111111,0.5711111111111111,316.6666666666667,0.3333333333333333,0.9430395996063076,0.506909250524671,0.6666666666666666,0.004
13,10,2,5.0,0.1,0.97,0.05,200,100,0.4737088680267334,0.0498958333333333,0.8935169496189167,0.4132075471698113,0.5338736027223727,8.754716981132075,500.0,0.4503703703703703,0.4503703703703703,268.3333333333333,0.5,0.9333024103197703,0.4971234096171315,1.0,0.004
14,10,2,5.0,0.1,0.97,0.05,200,100,0.4737088680267334,0.0498958333333333,0.8860405281423271,0.4037735849056603,0.5329783366254716,7.660377358490566,500.0,0.4103703703703704,0.4103703703703704,315.0,0.3333333333333333,0.9439693841224636,0.5873757696467965,0.3333333333333333,0.0045714285714285
15,10,2,5.0,0.1,0.97,0.05,200,100,0.4737088680267334,0.0498958333333333,0.8634625096280604,0.5339622641509434,0.638408599368608,8.169811320754716,500.0,0.6022222222222222,0.6022222222222222,250.0,0.1666666666666666,0.9468760077900864,0.5002072164747934,1.0,0.0065714285714285
16,10,2,5.0,0.1,0.97,0.05,200,100,0.4737088680267334,0.0498958333333333,0.8939888727624575,0.5245283018867924,0.6435730587601268,7.264150943396227,500.0,0.742962962962963,0.742962962962963,251.66666666666663,0.3333333333333333,0.9484233451301488,0.5617451199252304,0.6666666666666666,0.0037142857142857
17,10,2,5.0,0.1,0.97,0.05,200,100,0.4737088680267334,0.0498958333333333,0.8811423191045249,0.5981132075471698,0.6896867796224342,7.283018867924528,500.0,0.7140740740740741,0.7140740740740741,300.0,0.5,0.9393254874039328,0.5402749713930698,0.6666666666666666,0.002
18,10,2,5.0,0.1,0.97,0.05,200,100,0.4737088680267334,0.0498958333333333,0.8781000276990057,0.4358490566037736,0.5641863691060237,7.867924528301887,500.0,0.5251851851851852,0.5251851851851852,156.66666666666666,0.0,0.9409507256088624,0.5378332608804394,1.0,0.0034285714285714
19,10,2,5.0,0.1,0.97,0.05,200,100,0.4737088680267334,0.0498958333333333,0.835662764908048,0.4962264150943396,0.5926283256501144,8.528301886792454,500.0,0.4918518518518519,0.4918518518518519,246.66666666666663,0.1666666666666666,0.9272422675015184,0.4631453390831268,1.0,0.0042857142857142
0,10,2,5.0,1.0,0.9,0.05,200,100,0.4668253064155579,0.0498958333333333,0.8171831334766239,0.4773584905660377,0.5903031317994409,8.90566037735849,500.0,0.5177777777777778,0.5177777777777778,318.3333333333333,0.3333333333333333,0.9226189977593032,0.4658937378065969,0.6666666666666666,0.0031428571428571
1,10,2,5.0,1.0,0.9,0.05,200,100,0.4668253064155579,0.0498958333333333,0.8888607809347062,0.5283018867924529,0.6483693464797977,6.943396226415095,500.0,0.6525925925925926,0.6525925925925926,300.0,0.5,0.9288463552028144,0.5540928761711809,0.3333333333333333,0.0074285714285714
2,10,2,5.0,1.0,0.9,0.05,200,100,0.4668253064155579,0.0498958333333333,0.8876283386689607,0.479245283018868,0.6066426885629654,7.584905660377358,500.0,0.5918518518518519,0.5918518518518519,263.3333333333333,0.3333333333333333,0.9421010198312147,0.5498911233397004,1.0,0.0068571428571428
3,10,2,5.0,1.0,0.9,0.05,200,100,0.4668253064155579,0.0498958333333333,0.878996003611486,0.4962264150943396,0.6006571617846881,7.433962264150943,500.0,0.5288888888888889,0.5288888888888889,230.0,0.1666666666666666,0.9513050488974516,0.5981045028571843,1.0,0.004
4,10,2,5.0,1.0,0.9,0.05,200,100,0.4668253064155579,0.0498958333333333,0.8742587601078167,0.479245283018868,0.5928525285943944,6.773584905660377,500.0,0.4992592592592593,0.4992592592592593,223.3333333333333,0.1666666666666666,0.9447720562058928,0.6285871748341284,1.0,0.0077142857142857
5,10,2,5.0,1.0,0.9,0.05,200,100,0.4668253064155579,0.0498958333333333,0.8891021607032427,0.5509433962264151,0.6624831255548586,6.90566037735849,500.0,0.6140740740740741,0.6140740740740741,306.6666666666667,0.3333333333333333,0.9485443846459908,0.5875301476210261,0.3333333333333333,0.0028571428571428
6,10,2,5.0,1.0,0.9,0.05,200,100,0.4668253064155579,0.0498958333333333,0.8032036163522013,0.3641509433962264,0.4756578606838552,9.528301886792454,500.0,0.4540740740740741,0.4540740740740741,246.66666666666663,0.1666666666666666,0.9103580926852765,0.4433153318454998,0.6666666666666666,0.0022857142857142
7,10,2,5.0,1.0,0.9,0.05,200,100,0.4668253064155579,0.0498958333333333,0.8917985823445478,0.5283018867924528,0.6434534813099055,7.037735849056604,500.0,0.6392592592592593,0.6392592592592593,300.0,0.3333333333333333,0.9560379452599836,0.5863372983592549,0.6666666666666666,0.0034285714285714
8,10,2,5.0,1.0,0.9,0.05,200,100,0.4668253064155579,0.0498958333333333,0.8898825567963035,0.4471698113207547,0.5716753310327124,7.150943396226415,500.0,0.3999999999999999,0.3999999999999999,240.0,0.3333333333333333,0.9334879484011476,0.5885931969393065,1.0,0.0057142857142857
9,10,2,5.0,1.0,0.9,0.05,200,100,0.4668253064155579,0.0498958333333333,0.8865670667557459,0.4943396226415095,0.6155433700992938,7.358490566037735,500.0,0.5385185185185185,0.5385185185185185,251.66666666666663,0.1666666666666666,0.9374470713881852,0.5682769232989263,0.6666666666666666,0.0068571428571428
10,10,2,5.0,1.0,0.9,0.05,200,100,0.4668253064155579,0.0498958333333333,0.8931878951710163,0.479245283018868,0.6105489765372505,7.339622641509434,500.0,0.5444444444444444,0.5444444444444444,378.3333333333333,0.5,0.9436866793709296,0.5827008379532278,0.6666666666666666,0.0051428571428571
11,10,2,5.0,1.0,0.9,0.05,200,100,0.4668253064155579,0.0498958333333333,0.8709587180054777,0.5056603773584906,0.6198492193837278,7.471698113207547,500.0,0.5281481481481481,0.5281481481481481,276.6666666666667,0.1666666666666666,0.9348585429187696,0.5352435837753141,0.6666666666666666,0.0051428571428571
12,10,2,5.0,1.0,0.9,0.05,200,100,0.4668253064155579,0.0498958333333333,0.8749511125204797,0.5150943396226415,0.6288960520362008,7.69811320754717,500.0,0.5614814814814815,0.5614814814814815,315.0,0.3333333333333333,0.943620714928905,0.5326057289321687,0.6666666666666666,0.0042857142857142
13,10,2,5.0,1.0,0.9,0.05,200,100,0.4668253064155579,0.0498958333333333,0.8992440578289635,0.4132075471698113,0.5365776454400206,8.30188679245283,500.0,0.4362962962962962,0.4362962962962962,271.6666666666667,0.5,0.9362423303247964,0.5291967853394496,1.0,0.004
14,10,2,5.0,1.0,0.9,0.05,200,100,0.4668253064155579,0.0498958333333333,0.909458151910982,0.4037735849056603,0.5397454882907555,7.320754716981132,500.0,0.4148148148148148,0.4148148148148148,313.3333333333333,0.3333333333333333,0.9443601449123616,0.6181344220570927,0.3333333333333333,0.0045714285714285
15,10,2,5.0,1.0,0.9,0.05,200,100,0.4668253064155579,0.0498958333333333,0.8428212669668117,0.5264150943396226,0.6320194312281646,7.754716981132075,500.0,0.5888888888888889,0.5888888888888889,251.66666666666663,0.1666666666666666,0.9482030448348796,0.5320504482992301,1.0,0.0062857142857142
16,10,2,5.0,1.0,0.9,0.05,200,100,0.4668253064155579,0.0498958333333333,0.8933622947372444,0.530188679245283,0.6513168522062149,6.90566037735849,500.0,0.7377777777777778,0.7377777777777778,248.3333333333333,0.3333333333333333,0.9517255460389924,0.5990827461639022,1.0,0.0037142857142857
17,10,2,5.0,1.0,0.9,0.05,200,100,0.4668253064155579,0.0498958333333333,0.8836278125573621,0.5924528301886792,0.6871957321063574,6.886792452830188,500.0,0.7133333333333334,0.7133333333333334,300.0,0.5,0.9399298473394342,0.5799178300745876,0.6666666666666666,0.002
18,10,2,5.0,1.0,0.9,0.05,200,100,0.4668253064155579,0.0498958333333333,0.8927179553705635,0.4433962264150943,0.5751471864912858,7.283018867924528,500.0,0.522962962962963,0.522962962962963,126.66666666666669,0.0,0.9471448914204345,0.608565535203921,1.0,0.0034285714285714
19,10,2,5.0,1.0,0.9,0.05,200,100,0.4668253064155579,0.0498958333333333,0.8478092804046695,0.4981132075471698,0.5997806577440318,7.90566037735849,500.0,0.5014814814814815,0.5014814814814815,231.66666666666663,0.1666666666666666,0.9285885703516008,0.5011810089233808,1.0,0.0042857142857142
0,10,2,5.0,1.0,0.97,0.1,200,100,0.4668253064155579,0.0498958333333333,0.8386117049051952,0.4566037735849057,0.5783367492389817,8.981132075471699,500.0,0.5296296296296297,0.5296296296296297,325.0,0.5,0.9311647435763198,0.4641454244401499,0.6666666666666666,0.0031428571428571
1,10,2,5.0,1.0,0.97,0.1,200,100,0.4668253064155579,0.0498958333333333,0.9003088192695369,0.4981132075471699,0.628069006728188,7.358490566037735,500.0,0.5962962962962964,0.5962962962962964,293.3333333333333,0.5,0.9324379620128578,0.5398253194975506,0.3333333333333333,0.0074285714285714
2,10,2,5.0,1.0,0.97,0.1,200,100,0.4668253064155579,0.0498958333333333,0.8947487339969032,0.5226415094339623,0.6488077643047685,7.169811320754717,500.0,0.674074074074074,0.674074074074074,285.0,0.5,0.9462563608569096,0.5563954230330287,1.0,0.0068571428571428
3,10,2,5.0,1.0,0.97,0.1,200,100,0.4668253064155579,0.0498958333333333,0.9013679712664724,0.5018867924528302,0.608632698395075,7.264150943396227,500.0,0.5585185185185185,0.5585185185185185,263.3333333333333,0.3333333333333333,0.9545936380960358,0.611885749569322,1.0,0.004
4,10,2,5.0,1.0,0.97,0.1,200,100,0.4668253064155579,0.0498958333333333,0.9072846748762398,0.4830188679245282,0.6053252080633936,6.79245283018868,500.0,0.494074074074074,0.494074074074074,228.3333333333333,0.1666666666666666,0.9535252235461646,0.6412764068983979,1.0,0.0077142857142857
5,10,2,5.0,1.0,0.97,0.1,200,100,0.4668253064155579,0.0498958333333333,0.8967391777742221,0.5566037735849056,0.6694220646525102,6.79245283018868,500.0,0.6503703703703704,0.6503703703703704,331.6666666666667,0.5,0.9496519590392226,0.5890061970784976,0.3333333333333333,0.0028571428571428
6,10,2,5.0,1.0,0.97,0.1,200,100,0.4668253064155579,0.0498958333333333,0.8501937331536389,0.320754716981132,0.4393238056001652,9.69811320754717,500.0,0.3429629629629629,0.3429629629629629,283.3333333333333,0.3333333333333333,0.9181345674617302,0.4587796763462439,0.6666666666666666,0.0022857142857142
7,10,2,5.0,1.0,0.97,0.1,200,100,0.4668253064155579,0.0498958333333333,0.8974186436249865,0.5226415094339623,0.6394446005275981,7.188679245283019,500.0,0.6229629629629629,0.6229629629629629,325.0,0.5,0.9577888300211505,0.5827795548069563,0.6666666666666666,0.0034285714285714
8,10,2,5.0,1.0,0.97,0.1,200,100,0.4668253064155579,0.0498958333333333,0.9046813193545,0.4660377358490566,0.5895130961620174,7.264150943396227,500.0,0.4274074074074074,0.4274074074074074,276.6666666666667,0.5,0.9298542499947648,0.5605384534532718,1.0,0.0057142857142857
9,10,2,5.0,1.0,0.97,0.1,200,100,0.4668253064155579,0.0498958333333333,0.9083400526796752,0.469811320754717,0.6007278141058068,7.433962264150943,500.0,0.5392592592592592,0.5392592592592592,246.66666666666663,0.3333333333333333,0.9429556258245556,0.5824837708621838,0.6666666666666666,0.0068571428571428
10,10,2,5.0,1.0,0.97,0.1,200,100,0.4668253064155579,0.0498958333333333,0.8858204198790126,0.460377358490566,0.592976214486131,7.528301886792453,500.0,0.488148148148148,0.488148148148148,375.0,0.5,0.9400825079052624,0.567453813409806,0.6666666666666666,0.0051428571428571
11,10,2,5.0,1.0,0.97,0.1,200,100,0.4668253064155579,0.0498958333333333,0.9014618626595656,0.4943396226415094,0.6163455828057294,7.377358490566038,500.0,0.5170370370370371,0.5170370370370371,333.3333333333333,0.3333333333333333,0.9474728289322136,0.5568918374395107,0.6666666666666666,0.0051428571428571
12,10,2,5.0,1.0,0.97,0.1,200,100,0.4668253064155579,0.0498958333333333,0.8817196060814263,0.5150943396226415,0.6324970819880689,7.660377358490566,500.0,0.562962962962963,0.562962962962963,335.0,0.3333333333333333,0.9476313530039996,0.5380115494499184,0.6666666666666666,0.0042857142857142
13,10,2,5.0,1.0,0.97,0.1,200,100,0.4668253064155579,0.0498958333333333,0.9013677203299844,0.3735849056603774,0.4960300964296525,8.679245283018869,500.0,0.4118518518518518,0.4118518518518518,261.6666666666667,0.5,0.9387690825707286,0.5369119456284698,1.0,0.004
14,10,2,5.0,1.0,0.97,0.1,200,100,0.4668253064155579,0.0498958333333333,0.9004530061133834,0.390566037735849,0.5189286709978006,7.60377358490566,500.0,0.3977777777777778,0.3977777777777778,303.3333333333333,0.3333333333333333,0.9492544970996588,0.6152399190782837,0.3333333333333333,0.0045714285714285
15,10,2,5.0,1.0,0.97,0.1,200,100,0.4668253064155579,0.0498958333333333,0.8908647654332119,0.5245283018867924,0.6390357038937159,7.754716981132075,500.0,0.6303703703703704,0.6303703703703704,253.3333333333333,0.1666666666666666,0.9517584235545412,0.5398801794711149,1.0,0.0062857142857142
16,10,2,5.0,1.0,0.97,0.1,200,100,0.4668253064155579,0.0498958333333333,0.909287721511728,0.5094339622641508,0.6340332411323707,7.188679245283019,500.0,0.7399999999999999,0.7399999999999999,256.6666666666667,0.5,0.9502008250790528,0.5865016421960352,1.0,0.0037142857142857
17,10,2,5.0,1.0,0.97,0.1,200,100,0.4668253064155579,0.0498958333333333,0.895113287250384,0.5773584905660377,0.678305535842483,6.943396226415095,500.0,0.662962962962963,0.662962962962963,295.0,0.5,0.9443913471404938,0.5824902177641488,0.6666666666666666,0.002
18,10,2,5.0,1.0,0.97,0.1,200,100,0.4668253064155579,0.0498958333333333,0.8798054218644245,0.4169811320754717,0.5453714325697164,7.924528301886792,500.0,0.5148148148148148,0.5148148148148148,270.0,0.3333333333333333,0.9462507067618788,0.5653798275427755,1.0,0.0034285714285714
19,10,2,5.0,1.0,0.97,0.1,200,100,0.4668253064155579,0.0498958333333333,0.8689233864244358,0.4811320754716981,0.5870513419961403,8.169811320754716,500.0,0.477037037037037,0.477037037037037,296.6666666666667,0.5,0.9367248131007476,0.5111930816479359,1.0,0.0042857142857142
0,10,4,2.5,0.1,0.9,0.05,200,100,0.607590675354004,0.0498958333333333,0.87151841868823,0.3849056603773585,0.5136709233546082,6.679245283018868,500.0,0.4814814814814814,0.4814814814814814,333.3333333333333,0.6666666666666666,0.9424375731068504,0.7059332984062671,0.6666666666666666,0.0025714285714285
1,10,4,2.5,0.1,0.9,0.05,200,100,0.607590675354004,0.0498958333333333,0.888611859838275,0.4867924528301886,0.6215804851209956,5.849056603773585,500.0,0.6096296296296296,0.6096296296296296,290.0,0.5,0.9361856278289172,0.7053105568937832,1.0,0.004
2,10,4,2.5,0.1,0.9,0.05,200,100,0.607590675354004,0.0498958333333333,0.8884546271338724,0.4773584905660378,0.6071222390618968,5.528301886792453,500.0,0.5111111111111111,0.5111111111111111,235.0,0.3333333333333333,0.945526115038397,0.8003485235928296,0.6666666666666666,0.0048571428571428
3,10,4,2.5,0.1,0.9,0.05,200,100,0.607590675354004,0.0498958333333333,0.8722705491573416,0.5716981132075472,0.6706319312052705,5.320754716981132,500.0,0.5844444444444444,0.5844444444444444,198.3333333333333,0.1666666666666666,0.9487538015562224,0.7622062195674394,1.0,0.0037142857142857
4,10,4,2.5,0.1,0.9,0.05,200,100,0.607590675354004,0.0498958333333333,0.7629380053908356,0.4188679245283018,0.5212047297420275,7.056603773584905,500.0,0.54,0.54,258.3333333333333,0.1666666666666666,0.94116309820475,0.6457626156877886,1.0,0.0054285714285714
5,10,4,2.5,0.1,0.9,0.05,200,100,0.607590675354004,0.0498958333333333,0.8363426405879237,0.5150943396226415,0.6228224501133829,5.849056603773585,500.0,0.5762962962962963,0.5762962962962963,286.6666666666667,0.3333333333333333,0.9444782078014544,0.7299663182210622,1.0,0.006
6,10,4,2.5,0.1,0.9,0.05,200,100,0.607590675354004,0.0498958333333333,0.8584231805929918,0.4169811320754716,0.5439984266565843,6.6415094339622645,500.0,0.4674074074074073,0.4674074074074073,271.6666666666667,0.3333333333333333,0.9362147179982708,0.6904680328340743,0.6666666666666666,0.0037142857142857
7,10,4,2.5,0.1,0.9,0.05,200,100,0.607590675354004,0.0498958333333333,0.7932614555256065,0.4528301886792454,0.5652641753363172,6.358490566037736,500.0,0.4977777777777777,0.4977777777777777,283.3333333333333,0.3333333333333333,0.950149112546407,0.729863431078556,1.0,0.0042857142857142
8,10,4,2.5,0.1,0.9,0.05,200,100,0.607590675354004,0.0498958333333333,0.8321203953279424,0.4226415094339622,0.5481714240870734,6.6415094339622645,500.0,0.4955555555555556,0.4955555555555556,280.0,0.5,0.938686365254539,0.6992884994697072,0.6666666666666666,0.0054285714285714
9,10,4,2.5,0.1,0.9,0.05,200,100,0.607590675354004,0.0498958333333333,0.7862345663954986,0.4433962264150943,0.541900349475774,6.849056603773585,500.0,0.4933333333333333,0.4933333333333333,268.3333333333333,0.1666666666666666,0.9414493210598586,0.6582083265355493,0.6666666666666666,0.006
10,10,4,2.5,0.1,0.9,0.05,200,100,0.607590675354004,0.0498958333333333,0.8092535870837756,0.4905660377358491,0.5909949406021022,6.509433962264151,500.0,0.5244444444444444,0.5244444444444444,345.0,0.1666666666666666,0.9385038396989268,0.6939326503952609,1.0,0.0051428571428571
11,10,4,2.5,0.1,0.9,0.05,200,100,0.607590675354004,0.0498958333333333,0.724403636196089,0.4320754716981132,0.5251846398749661,7.245283018867925,500.0,0.4874074074074073,0.4874074074074073,268.3333333333333,0.3333333333333333,0.9307370187662106,0.6320075790132664,1.0,0.0094285714285714
12,10,4,2.5,0.1,0.9,0.05,200,100,0.607590675354004,0.0498958333333333,0.8554207846660677,0.469811320754717,0.5922694785142942,6.132075471698113,500.0,0.5659259259259259,0.5659259259259259,306.6666666666667,0.5,0.9467054874637644,0.729037390304023,0.6666666666666666,0.004
13,10,4,2.5,0.1,0.9,0.05,200,100,0.607590675354004,0.0498958333333333,0.811184831939549,0.3867924528301887,0.504035820585256,7.358490566037735,500.0,0.4659259259259259,0.4659259259259259,286.6666666666667,0.5,0.941012561664039,0.6217762567465765,0.6666666666666666,0.0048571428571428
14,10,4,2.5,0.1,0.9,0.05,200,100,0.607590675354004,0.0498958333333333,0.875282474339078,0.4811320754716982,0.5896921332913506,5.886792452830188,500.0,0.5348148148148147,0.5348148148148147,333.3333333333333,0.1666666666666666,0.9432476224380816,0.7311417500876352,0.6666666666666666,0.0037142857142857
15,10,4,2.5,0.1,0.9,0.05,200,100,0.607590675354004,0.0498958333333333,0.8442979452413414,0.5849056603773585,0.6757970529430918,5.566037735849057,500.0,0.7022222222222222,0.7022222222222222,260.0,0.1666666666666666,0.9528093373340792,0.7369711820493473,1.0,0.0042857142857142
16,10,4,2.5,0.1,0.9,0.05,200,100,0.607590675354004,0.0498958333333333,0.8086142892746665,0.5528301886792453,0.6373113895129224,5.849056603773585,500.0,0.7148148148148148,0.7148148148148148,180.0,0.0,0.9403092101917306,0.7190408657752639,1.0,0.0088571428571428
17,10,4,2.5,0.1,0.9,0.05,200,100,0.607590675354004,0.0498958333333333,0.8422581611260856,0.4452830188679244,0.5674679900131153,6.39622641509434,500.0,0.6651851851851851,0.6651851851851851,291.6666666666667,0.5,0.9486089609927276,0.6930989909119691,0.3333333333333333,0.004
18,10,4,2.5,0.1,0.9,0.05,200,100,0.607590675354004,0.0498958333333333,0.8870694818808026,0.3867924528301886,0.5245980624317561,6.773584905660377,500.0,0.4659259259259259,0.4659259259259259,183.3333333333333,0.1666666666666666,0.9517554798352236,0.7081884927440159,1.0,0.0031428571428571
19,10,4,2.5,0.1,0.9,0.05,200,100,0.607590675354004,0.0498958333333333,0.8429469901168014,0.4679245283018868,0.586828093598349,6.09433962264151,500.0,0.5881481481481482,0.5881481481481482,228.3333333333333,0.3333333333333333,0.9342479784366576,0.7057717446507822,0.6666666666666666,0.0045714285714285
0,10,4,2.5,0.1,0.97,0.1,200,100,0.607590675354004,0.0498958333333333,0.8904312668463611,0.3301886792452831,0.4637411053615271,7.075471698113208,500.0,0.4348148148148148,0.4348148148148148,333.3333333333333,0.6666666666666666,0.9489343436911968,0.7591005877509583,0.6666666666666666,0.0025714285714285
1,10,4,2.5,0.1,0.97,0.1,200,100,0.607590675354004,0.0498958333333333,0.9164420485175202,0.4792452830188678,0.6203099527183877,5.716981132075472,500.0,0.6244444444444445,0.6244444444444445,286.6666666666667,0.5,0.944215328281544,0.7592763887216077,1.0,0.004
2,10,4,2.5,0.1,0.97,0.1,200,100,0.607590675354004,0.0498958333333333,0.911320754716981,0.4339622641509434,0.5695132393552279,5.811320754716981,500.0,0.4644444444444445,0.4644444444444445,261.6666666666667,0.5,0.9465102985302344,0.8337868348592342,0.6666666666666666,0.0048571428571428
3,10,4,2.5,0.1,0.97,0.1,200,100,0.607590675354004,0.0498958333333333,0.9369272237196766,0.5698113207547171,0.6969515507631049,4.679245283018868,500.0,0.5725925925925925,0.5725925925925925,215.0,0.1666666666666666,0.958296089101358,0.83888910370546,1.0,0.0037142857142857
4,10,4,2.5,0.1,0.97,0.1,200,100,0.607590675354004,0.0498958333333333,0.8792452830188678,0.4132075471698113,0.54347168399099,6.245283018867925,500.0,0.4748148148148148,0.4748148148148148,245.0,0.1666666666666666,0.954560240044754,0.7776432333756026,1.0,0.0054285714285714
5,10,4,2.5,0.1,0.97,0.1,200,100,0.607590675354004,0.0498958333333333,0.9019466906259358,0.4905660377358491,0.617834919816636,5.566037735849057,500.0,0.562962962962963,0.562962962962963,290.0,0.3333333333333333,0.9474392513858516,0.7931863662800365,1.0,0.006
6,10,4,2.5,0.1,0.97,0.1,200,100,0.607590675354004,0.0498958333333333,0.9184785864031147,0.3811320754716981,0.521229710278428,6.584905660377358,500.0,0.4340740740740741,0.4340740740740741,273.3333333333333,0.3333333333333333,0.9442172608452424,0.7696324682885308,0.6666666666666666,0.0037142857142857
7,10,4,2.5,0.1,0.97,0.1,200,100,0.607590675354004,0.0498958333333333,0.9235175202156334,0.479245283018868,0.6067338137260444,5.39622641509434,500.0,0.5851851851851851,0.5851851851851851,310.0,0.5,0.9557893505568836,0.828968370387113,1.0,0.0042857142857142
8,10,4,2.5,0.1,0.97,0.1,200,100,0.607590675354004,0.0498958333333333,0.8993710691823901,0.4566037735849058,0.5959502330201554,5.60377358490566,500.0,0.5511111111111111,0.5511111111111111,278.3333333333333,0.5,0.9511601485022632,0.8164849760144626,0.6666666666666666,0.0054285714285714
9,10,4,2.5,0.1,0.97,0.1,200,100,0.607590675354004,0.0498958333333333,0.8029424977538184,0.4377358490566038,0.5489071497979728,6.150943396226415,500.0,0.5303703703703704,0.5303703703703704,303.3333333333333,0.3333333333333333,0.9513534048720949,0.7702020559135926,0.6666666666666666,0.006
10,10,4,2.5,0.1,0.97,0.1,200,100,0.607590675354004,0.0498958333333333,0.8886406570368836,0.4773584905660377,0.5972132041767991,6.075471698113208,500.0,0.5311111111111112,0.5311111111111112,365.0,0.5,0.9418911661496212,0.7320997918064334,1.0,0.0051428571428571
11,10,4,2.5,0.1,0.97,0.1,200,100,0.607590675354004,0.0498958333333333,0.842377957472297,0.409433962264151,0.5316121013489434,6.30188679245283,500.0,0.4674074074074073,0.4674074074074073,280.0,0.3333333333333333,0.9504421502313992,0.7774631704426681,1.0,0.0094285714285714
12,10,4,2.5,0.1,0.97,0.1,200,100,0.607590675354004,0.0498958333333333,0.8922282120395328,0.4698113207547169,0.6047528875833683,5.867924528301887,500.0,0.545925925925926,0.545925925925926,330.0,0.5,0.9557439861669124,0.7829680168196084,0.6666666666666666,0.004
13,10,4,2.5,0.1,0.97,0.1,200,100,0.607590675354004,0.0498958333333333,0.8793339783905821,0.3849056603773584,0.5204734709851705,6.773584905660377,500.0,0.4451851851851852,0.4451851851851852,278.3333333333333,0.5,0.953686009255963,0.7377736035984795,0.6666666666666666,0.0048571428571428
14,10,4,2.5,0.1,0.97,0.1,200,100,0.607590675354004,0.0498958333333333,0.9152066486972148,0.4754716981132076,0.5968573755754667,5.6415094339622645,500.0,0.5362962962962963,0.5362962962962963,330.0,0.3333333333333333,0.9487665666480192,0.7910133746102281,0.6666666666666666,0.0037142857142857
15,10,4,2.5,0.1,0.97,0.1,200,100,0.607590675354004,0.0498958333333333,0.897559149445942,0.5792452830188678,0.6930652435880542,5.132075471698113,500.0,0.6985185185185184,0.6985185185185184,293.3333333333333,0.1666666666666666,0.9607841122921222,0.7912273141770729,1.0,0.0042857142857142
16,10,4,2.5,0.1,0.97,0.1,200,100,0.607590675354004,0.0498958333333333,0.919182389937107,0.5471698113207548,0.6709615967691788,4.943396226415095,500.0,0.7044444444444444,0.7044444444444444,260.0,0.5,0.9506029598738748,0.8277532954014223,1.0,0.0088571428571428
17,10,4,2.5,0.1,0.97,0.1,200,100,0.607590675354004,0.0498958333333333,0.8936433063791553,0.4207547169811321,0.5583003135722338,6.264150943396227,500.0,0.6059259259259259,0.6059259259259259,291.6666666666667,0.5,0.9548120836088084,0.7687684406120707,0.3333333333333333,0.004
18,10,4,2.5,0.1,0.97,0.1,200,100,0.607590675354004,0.0498958333333333,0.9206498951781972,0.341509433962264,0.4892254826713617,7.0,500.0,0.4325925925925926,0.4325925925925926,233.3333333333333,0.1666666666666666,0.956595026191324,0.7576905597370556,1.0,0.0031428571428571
19,10,4,2.5,0.1,0.97,0.1,200,100,0.607590675354004,0.0498958333333333,0.8594339622641509,0.4188679245283018,0.5443486529502068,6.2075471698113205,500.0,0.5733333333333334,0.5733333333333334,268.3333333333333,0.3333333333333333,0.9425034837003508,0.7664344866717966,0.6666666666666666,0.0045714285714285
0,10,4,2.5,1.0,0.9,0.1,200,100,0.5894896984100343,0.0498958333333333,0.8746630727762804,0.3283018867924528,0.4612455616895129,7.113207547169812,500.0,0.4274074074074074,0.4274074074074074,333.3333333333333,0.6666666666666666,0.9478638051162082,0.7557859377052665,0.6666666666666666,0.0025714285714285
1,10,4,2.5,1.0,0.9,0.1,200,100,0.5894896984100343,0.0498958333333333,0.9009433962264152,0.4830188679245282,0.6171767194388258,5.69811320754717,500.0,0.6407407407407407,0.6407407407407407,288.3333333333333,0.5,0.9432585058231197,0.7562450651525043,1.0,0.0042857142857142
2,10,4,2.5,1.0,0.9,0.1,200,100,0.5894896984100343,0.0498958333333333,0.8883647798742137,0.4415094339622643,0.5703669095733469,5.811320754716981,500.0,0.4703703703703703,0.4703703703703703,270.0,0.5,0.9462206174032448,0.8276120971218456,1.0,0.0048571428571428
3,10,4,2.5,1.0,0.9,0.1,200,100,0.5894896984100343,0.0498958333333333,0.9291704103024858,0.5641509433962264,0.6893699804164782,4.735849056603773,500.0,0.5696296296296296,0.5696296296296296,200.0,0.1666666666666666,0.9573168895895844,0.829271558776335,1.0,0.0037142857142857
4,10,4,2.5,1.0,0.9,0.1,200,100,0.5894896984100343,0.0498958333333333,0.8407906558849954,0.4056603773584906,0.5268531317453566,6.490566037735849,500.0,0.4725925925925926,0.4725925925925926,248.3333333333333,0.1666666666666666,0.9508769770635204,0.7383401034469418,1.0,0.0054285714285714
5,10,4,2.5,1.0,0.9,0.1,200,100,0.5894896984100343,0.0498958333333333,0.8851527403414196,0.4981132075471698,0.6218640179779849,5.566037735849057,500.0,0.5525925925925926,0.5525925925925926,290.0,0.3333333333333333,0.9470295478818084,0.7868201811124984,1.0,0.006
6,10,4,2.5,1.0,0.9,0.1,200,100,0.5894896984100343,0.0498958333333333,0.910062893081761,0.3849056603773585,0.5240684953226573,6.452830188679245,500.0,0.4325925925925926,0.4325925925925926,270.0,0.3333333333333333,0.9425501703707472,0.7598716761737345,0.3333333333333333,0.004
7,10,4,2.5,1.0,0.9,0.1,200,100,0.5894896984100343,0.0498958333333333,0.8900269541778976,0.4622641509433962,0.588259727077707,5.660377358490566,500.0,0.5525925925925926,0.5525925925925926,305.0,0.5,0.9551028835884656,0.8110050681593792,1.0,0.0045714285714285
8,10,4,2.5,1.0,0.9,0.1,200,100,0.5894896984100343,0.0498958333333333,0.8679245283018868,0.4452830188679245,0.5820261099117925,5.773584905660377,500.0,0.5422222222222222,0.5422222222222222,280.0,0.5,0.9503329095255048,0.7997130749788568,0.6666666666666666,0.0054285714285714
9,10,4,2.5,1.0,0.9,0.1,200,100,0.5894896984100343,0.0498958333333333,0.7892407906558849,0.4283018867924529,0.535854868564139,6.264150943396227,500.0,0.5118518518518519,0.5118518518518519,296.6666666666667,0.3333333333333333,0.9484585261658952,0.7473180006018617,0.6666666666666666,0.0054285714285714
10,10,4,2.5,1.0,0.9,0.1,200,100,0.5894896984100343,0.0498958333333333,0.8787361485474691,0.4811320754716981,0.5997615893462613,5.886792452830188,500.0,0.5170370370370371,0.5170370370370371,351.6666666666667,0.3333333333333333,0.9440109850989168,0.742488536197524,0.6666666666666666,0.0054285714285714
11,10,4,2.5,1.0,0.9,0.1,200,100,0.5894896984100343,0.0498958333333333,0.7980607966457024,0.4113207547169811,0.5264040710021783,6.60377358490566,500.0,0.4666666666666666,0.4666666666666666,273.3333333333333,0.3333333333333333,0.945992778314601,0.7297654520688831,0.6666666666666666,0.0097142857142857
12,10,4,2.5,1.0,0.9,0.1,200,100,0.5894896984100343,0.0498958333333333,0.8780323450134772,0.4452830188679245,0.5762514870231443,6.169811320754717,500.0,0.5244444444444445,0.5244444444444445,331.6666666666667,0.5,0.9541657936225398,0.7780523714537996,1.0,0.0037142857142857
13,10,4,2.5,1.0,0.9,0.1,200,100,0.5894896984100343,0.0498958333333333,0.8712570448419504,0.3660377358490565,0.500400062386744,6.886792452830188,500.0,0.4118518518518518,0.4118518518518518,270.0,0.5,0.9521099527030464,0.7236719305075734,0.6666666666666666,0.0045714285714285
14,10,4,2.5,1.0,0.9,0.1,200,100,0.5894896984100343,0.0498958333333333,0.8973644803833484,0.4622641509433963,0.5778940831221923,5.773584905660377,500.0,0.5103703703703704,0.5103703703703704,330.0,0.3333333333333333,0.9453368255098408,0.7833271576963059,1.0,0.0034285714285714
15,10,4,2.5,1.0,0.9,0.1,200,100,0.5894896984100343,0.0498958333333333,0.8946139290478914,0.569811320754717,0.6823288763472183,5.169811320754717,500.0,0.6918518518518519,0.6918518518518519,290.0,0.1666666666666666,0.9593571682856126,0.7933659240806257,1.0,0.0045714285714285
16,10,4,2.5,1.0,0.9,0.1,200,100,0.5894896984100343,0.0498958333333333,0.8687181790955376,0.5433962264150943,0.6553360816737764,5.283018867924528,500.0,0.6918518518518519,0.6918518518518519,256.6666666666667,0.3333333333333333,0.9481082235671058,0.7932694597740618,1.0,0.0091428571428571
17,10,4,2.5,1.0,0.9,0.1,200,100,0.5894896984100343,0.0498958333333333,0.8678870919436958,0.4113207547169811,0.5421364557193169,6.415094339622642,500.0,0.6096296296296296,0.6096296296296296,291.6666666666667,0.5,0.9531434674261304,0.7570969548254706,0.3333333333333333,0.0042857142857142
18,10,4,2.5,1.0,0.9,0.1,200,100,0.5894896984100343,0.0498958333333333,0.9068733153638816,0.3528301886792451,0.4998845740521658,6.90566037735849,500.0,0.4222222222222223,0.4222222222222223,228.3333333333333,0.1666666666666666,0.9590141890861008,0.7673478957105165,1.0,0.0031428571428571
19,10,4,2.5,1.0,0.9,0.1,200,100,0.5894896984100343,0.0498958333333333,0.8971698113207547,0.4169811320754716,0.5464530967860601,6.132075471698113,500.0,0.5696296296296296,0.5696296296296296,271.6666666666667,0.5,0.9398340029497024,0.7699358465918097,0.6666666666666666,0.0045714285714285
0,10,4,2.5,1.0,0.97,0.05,200,100,0.5894896984100343,0.0498958333333333,0.8716531895777178,0.3547169811320755,0.4829247149446928,6.90566037735849,500.0,0.4711111111111111,0.4711111111111111,333.3333333333333,0.6666666666666666,0.9459485327772976,0.7394592862089062,0.6666666666666666,0.0025714285714285
1,10,4,2.5,1.0,0.97,0.05,200,100,0.5894896984100343,0.0498958333333333,0.904874213836478,0.481132075471698,0.6174258196645602,5.69811320754717,500.0,0.6237037037037038,0.6237037037037038,291.6666666666667,0.5,0.9399998982861212,0.7328205161067182,1.0,0.0042857142857142
2,10,4,2.5,1.0,0.97,0.05,200,100,0.5894896984100343,0.0498958333333333,0.8981132075471698,0.450943396226415,0.5839492946318696,5.679245283018868,500.0,0.4888888888888889,0.4888888888888889,253.3333333333333,0.3333333333333333,0.9440075268270356,0.8114256290275615,1.0,0.0048571428571428
3,10,4,2.5,1.0,0.97,0.05,200,100,0.5894896984100343,0.0498958333333333,0.908084211386098,0.5547169811320756,0.6695588789840788,5.056603773584905,500.0,0.5614814814814815,0.5614814814814815,203.3333333333333,0.1666666666666666,0.9526596145043992,0.7991495297540707,1.0,0.0037142857142857
4,10,4,2.5,1.0,0.97,0.05,200,100,0.5894896984100343,0.0498958333333333,0.8212039532794249,0.4037735849056603,0.525406806264333,6.584905660377358,500.0,0.5125925925925926,0.5125925925925926,255.0,0.1666666666666666,0.946008645679703,0.7062027722508692,1.0,0.0054285714285714
5,10,4,2.5,1.0,0.97,0.05,200,100,0.5894896984100343,0.0498958333333333,0.8657008086253369,0.5056603773584906,0.623434326543445,5.566037735849057,500.0,0.5992592592592593,0.5992592592592593,293.3333333333333,0.3333333333333333,0.9440384478462086,0.7691284347403166,1.0,0.006
6,10,4,2.5,1.0,0.97,0.05,200,100,0.5894896984100343,0.0498958333333333,0.901602276130578,0.4018867924528302,0.5387213605173182,6.358490566037736,500.0,0.4503703703703703,0.4503703703703703,268.3333333333333,0.3333333333333333,0.9382877485632914,0.7351587709424835,0.3333333333333333,0.004
7,10,4,2.5,1.0,0.97,0.05,200,100,0.5894896984100343,0.0498958333333333,0.8641284815813117,0.4245283018867926,0.5503927321907343,6.132075471698113,500.0,0.4896296296296296,0.4896296296296296,286.6666666666667,0.3333333333333333,0.9522112597263896,0.7713195355839361,1.0,0.0045714285714285
8,10,4,2.5,1.0,0.97,0.05,200,100,0.5894896984100343,0.0498958333333333,0.8290655884995507,0.4188679245283018,0.5506996702890156,6.264150943396227,500.0,0.4874074074074073,0.4874074074074073,280.0,0.5,0.943309973045822,0.7526516587383155,0.6666666666666666,0.0054285714285714
9,10,4,2.5,1.0,0.97,0.05,200,100,0.5894896984100343,0.0498958333333333,0.758183587900569,0.4150943396226414,0.5178649428859722,6.735849056603773,500.0,0.4844444444444444,0.4844444444444444,288.3333333333333,0.1666666666666666,0.9432794588821644,0.6971426333456275,0.6666666666666666,0.0054285714285714
10,10,4,2.5,1.0,0.97,0.05,200,100,0.5894896984100343,0.0498958333333333,0.8432083639630809,0.4754716981132075,0.5837056612539994,6.188679245283019,500.0,0.4962962962962963,0.4962962962962963,351.6666666666667,0.3333333333333333,0.9380428215429996,0.7056810267780541,0.6666666666666666,0.0054285714285714
11,10,4,2.5,1.0,0.97,0.05,200,100,0.5894896984100343,0.0498958333333333,0.7648846960167716,0.4075471698113208,0.5185917896254365,6.867924528301887,500.0,0.4651851851851852,0.4651851851851852,273.3333333333333,0.3333333333333333,0.9387211514011088,0.6958699535078591,0.6666666666666666,0.0097142857142857
12,10,4,2.5,1.0,0.97,0.05,200,100,0.5894896984100343,0.0498958333333333,0.8786313267445343,0.4584905660377358,0.5885201902419613,6.037735849056604,500.0,0.5666666666666667,0.5666666666666667,311.6666666666667,0.5,0.9508846056044348,0.7604961967116969,1.0,0.0037142857142857
13,10,4,2.5,1.0,0.97,0.05,200,100,0.5894896984100343,0.0498958333333333,0.8551069999183206,0.3735849056603773,0.5049055365648041,6.943396226415095,500.0,0.4548148148148148,0.4548148148148148,290.0,0.5,0.9462296699384632,0.689172173638893,0.6666666666666666,0.0045714285714285
14,10,4,2.5,1.0,0.97,0.05,200,100,0.5894896984100343,0.0498958333333333,0.8879080563042827,0.4754716981132076,0.5875074884873939,5.716981132075472,500.0,0.5074074074074074,0.5074074074074074,326.6666666666667,0.1666666666666666,0.9438281035447288,0.7612618646467166,1.0,0.0034285714285714
15,10,4,2.5,1.0,0.97,0.05,200,100,0.5894896984100343,0.0498958333333333,0.8786345729741957,0.5641509433962264,0.6726373641723861,5.339622641509434,500.0,0.6792592592592593,0.6792592592592593,260.0,0.1666666666666666,0.9560282764583228,0.7737352206759781,1.0,0.0045714285714285
16,10,4,2.5,1.0,0.97,0.05,200,100,0.5894896984100343,0.0498958333333333,0.856892373873506,0.5622641509433962,0.6607624387152979,5.283018867924528,500.0,0.7066666666666667,0.7066666666666667,185.0,0.3333333333333333,0.9433368255098408,0.766359558202623,1.0,0.0091428571428571
17,10,4,2.5,1.0,0.97,0.05,200,100,0.5894896984100343,0.0498958333333333,0.8567909553758609,0.4264150943396226,0.5559465357613613,6.377358490566038,500.0,0.6333333333333333,0.6333333333333333,290.0,0.5,0.949379850480598,0.7329136545203244,0.3333333333333333,0.0042857142857142
18,10,4,2.5,1.0,0.97,0.05,200,100,0.5894896984100343,0.0498958333333333,0.9223719676549864,0.360377358490566,0.507572070918353,6.716981132075472,500.0,0.437037037037037,0.437037037037037,170.0,0.1666666666666666,0.9525823119564664,0.746561207538038,1.0,0.0031428571428571
19,10,4,2.5,1.0,0.97,0.05,200,100,0.5894896984100343,0.0498958333333333,0.8740566037735851,0.4358490566037736,0.5629394148568748,6.075471698113208,500.0,0.571111111111111,0.571111111111111,268.3333333333333,0.3333333333333333,0.9369033209581448,0.7455066947410584,0.6666666666666666,0.0045714285714285
0,10,4,5.0,0.1,0.9,0.1,200,100,0.607590675354004,0.0498958333333333,0.87848158131177,0.3415094339622641,0.4750628579707381,7.037735849056604,500.0,0.437037037037037,0.437037037037037,333.3333333333333,0.6666666666666666,0.9470552814931598,0.745113717826774,0.6666666666666666,0.0025714285714285
1,10,4,5.0,0.1,0.9,0.1,200,100,0.607590675354004,0.0498958333333333,0.908917340521114,0.4830188679245282,0.6217147478246255,5.716981132075472,500.0,0.6340740740740741,0.6340740740740741,286.6666666666667,0.5,0.9422940548237808,0.7494386760453273,1.0,0.004
2,10,4,5.0,0.1,0.9,0.1,200,100,0.607590675354004,0.0498958333333333,0.8971698113207547,0.4471698113207547,0.5793547666773323,5.735849056603773,500.0,0.4777777777777777,0.4777777777777777,266.6666666666667,0.5,0.9472435538829274,0.8281754478585996,0.6666666666666666,0.0048571428571428
3,10,4,5.0,0.1,0.9,0.1,200,100,0.607590675354004,0.0498958333333333,0.918238993710692,0.5754716981132076,0.6940525127072236,4.79245283018868,500.0,0.582962962962963,0.582962962962963,196.66666666666663,0.1666666666666666,0.9568062859177134,0.819782390530148,1.0,0.0037142857142857
4,10,4,5.0,0.1,0.9,0.1,200,100,0.607590675354004,0.0498958333333333,0.830952380952381,0.420754716981132,0.5394356719083631,6.490566037735849,500.0,0.4874074074074073,0.4874074074074073,248.3333333333333,0.1666666666666666,0.9505576971977826,0.7295892596442063,1.0,0.0054285714285714
5,10,4,5.0,0.1,0.9,0.1,200,100,0.607590675354004,0.0498958333333333,0.8744159928122192,0.4962264150943396,0.6190373126818012,5.679245283018868,500.0,0.5466666666666667,0.5466666666666667,291.6666666666667,0.3333333333333333,0.9476673956161318,0.7740577817897331,1.0,0.006
6,10,4,5.0,0.1,0.9,0.1,200,100,0.607590675354004,0.0498958333333333,0.9009433962264152,0.3886792452830188,0.5263440499567026,6.60377358490566,500.0,0.4392592592592592,0.4392592592592592,271.6666666666667,0.3333333333333333,0.9429947617352388,0.7463848738895733,0.6666666666666666,0.0037142857142857
7,10,4,5.0,0.1,0.9,0.1,200,100,0.607590675354004,0.0498958333333333,0.8970275531596287,0.4773584905660377,0.6027978092161163,5.547169811320755,500.0,0.5622222222222223,0.5622222222222223,305.0,0.5,0.9550271067487158,0.8075833961172258,1.0,0.0042857142857142
8,10,4,5.0,0.1,0.9,0.1,200,100,0.607590675354004,0.0498958333333333,0.8613656783468103,0.4528301886792453,0.5858829356609602,5.849056603773585,500.0,0.5488888888888889,0.5488888888888889,280.0,0.5,0.949381986472054,0.7872521454194039,0.6666666666666666,0.0054285714285714
9,10,4,5.0,0.1,0.9,0.1,200,100,0.607590675354004,0.0498958333333333,0.8122416891284816,0.4490566037735849,0.5576985796946075,6.2075471698113205,500.0,0.5288888888888889,0.5288888888888889,300.0,0.3333333333333333,0.9498585159945074,0.7439830385927739,0.6666666666666666,0.006
10,10,4,5.0,0.1,0.9,0.1,200,100,0.607590675354004,0.0498958333333333,0.8752851969833101,0.4867924528301887,0.6034894714037772,6.037735849056604,500.0,0.5296296296296296,0.5296296296296296,351.6666666666667,0.3333333333333333,0.9429774703758328,0.7309924376542187,1.0,0.0051428571428571
11,10,4,5.0,0.1,0.9,0.1,200,100,0.607590675354004,0.0498958333333333,0.7902066486972147,0.4150943396226416,0.526710701433232,6.660377358490566,500.0,0.4755555555555555,0.4755555555555555,263.3333333333333,0.3333333333333333,0.9440708945735644,0.7185557724951264,1.0,0.0094285714285714
12,10,4,5.0,0.1,0.9,0.1,200,100,0.607590675354004,0.0498958333333333,0.8748876909254268,0.4471698113207547,0.578532225152939,6.188679245283019,500.0,0.522962962962963,0.522962962962963,331.6666666666667,0.5,0.9531757107257284,0.7668033754627127,0.6666666666666666,0.004
13,10,4,5.0,0.1,0.9,0.1,200,100,0.607590675354004,0.0498958333333333,0.8617688391273297,0.3773584905660376,0.5090288205560584,6.943396226415095,500.0,0.4318518518518519,0.4318518518518519,273.3333333333333,0.5,0.9513088541931548,0.7018775213980704,0.6666666666666666,0.0048571428571428
14,10,4,5.0,0.1,0.9,0.1,200,100,0.607590675354004,0.0498958333333333,0.902575621443546,0.4660377358490566,0.5834271306641188,5.811320754716981,500.0,0.5214814814814814,0.5214814814814814,328.3333333333333,0.3333333333333333,0.9469644509993388,0.7747718861255268,0.6666666666666666,0.0037142857142857
15,10,4,5.0,0.1,0.9,0.1,200,100,0.607590675354004,0.0498958333333333,0.8842229573361648,0.5811320754716981,0.6888017470907823,5.245283018867925,500.0,0.6992592592592594,0.6992592592592594,293.3333333333333,0.1666666666666666,0.9595013985658344,0.7789737189244768,1.0,0.0042857142857142
16,10,4,5.0,0.1,0.9,0.1,200,100,0.607590675354004,0.0498958333333333,0.8736073674752919,0.5584905660377358,0.6683536600544017,5.169811320754717,500.0,0.7066666666666667,0.7066666666666667,255.0,0.1666666666666666,0.9481538930987132,0.7892414669426668,1.0,0.0088571428571428
17,10,4,5.0,0.1,0.9,0.1,200,100,0.607590675354004,0.0498958333333333,0.8666292303084757,0.4245283018867924,0.5547634513651805,6.377358490566038,500.0,0.6229629629629629,0.6229629629629629,291.6666666666667,0.5,0.9534373188221532,0.74261584904733,0.3333333333333333,0.004
18,10,4,5.0,0.1,0.9,0.1,200,100,0.607590675354004,0.0498958333333333,0.9020515124288708,0.3641509433962263,0.5103957940470004,6.867924528301887,500.0,0.4362962962962963,0.4362962962962963,226.66666666666663,0.1666666666666666,0.9583384020749632,0.7494189658392295,1.0,0.0031428571428571
19,10,4,5.0,0.1,0.9,0.1,200,100,0.607590675354004,0.0498958333333333,0.8861635220125786,0.4283018867924527,0.5554053604553049,6.169811320754717,500.0,0.5792592592592593,0.5792592592592593,261.6666666666667,0.3333333333333333,0.9388773839190356,0.7556688544959652,0.6666666666666666,0.0045714285714285
0,10,4,5.0,0.1,0.97,0.05,200,100,0.607590675354004,0.0498958333333333,0.87277628032345,0.3698113207547169,0.4981787142441971,6.811320754716981,500.0,0.4807407407407407,0.4807407407407407,333.3333333333333,0.6666666666666666,0.945170319890149,0.7290579769441784,0.6666666666666666,0.0025714285714285
1,10,4,5.0,0.1,0.97,0.05,200,100,0.607590675354004,0.0498958333333333,0.903863432165319,0.4830188679245282,0.6217203378690614,5.754716981132075,500.0,0.6081481481481482,0.6081481481481482,290.0,0.5,0.9386816864161116,0.7268393380405936,1.0,0.004
2,10,4,5.0,0.1,0.97,0.05,200,100,0.607590675354004,0.0498958333333333,0.9044025157232704,0.4622641509433962,0.5955167986273775,5.566037735849057,500.0,0.4925925925925926,0.4925925925925926,240.0,0.3333333333333333,0.9452102934445406,0.8170384877211274,0.6666666666666666,0.0048571428571428
3,10,4,5.0,0.1,0.97,0.05,200,100,0.607590675354004,0.0498958333333333,0.902056957717335,0.5754716981132075,0.6868678916023968,4.981132075471698,500.0,0.5814814814814815,0.5814814814814815,200.0,0.1666666666666666,0.9518104053298072,0.7895687692632555,1.0,0.0037142857142857
4,10,4,5.0,0.1,0.97,0.05,200,100,0.607590675354004,0.0498958333333333,0.8181491464510332,0.4113207547169811,0.530582388579351,6.622641509433962,500.0,0.5222222222222223,0.5222222222222223,258.3333333333333,0.1666666666666666,0.9456400345827188,0.6987534154668585,1.0,0.0054285714285714
5,10,4,5.0,0.1,0.97,0.05,200,100,0.607590675354004,0.0498958333333333,0.855675351901767,0.5075471698113208,0.6244356426653874,5.679245283018868,500.0,0.5755555555555555,0.5755555555555555,286.6666666666667,0.3333333333333333,0.9444780552306362,0.7561378913240947,1.0,0.006
6,10,4,5.0,0.1,0.97,0.05,200,100,0.607590675354004,0.0498958333333333,0.8940101826894279,0.4169811320754716,0.5515668760820346,6.39622641509434,500.0,0.4666666666666666,0.4666666666666666,271.6666666666667,0.3333333333333333,0.9394265371509942,0.7232958065786133,0.6666666666666666,0.0037142857142857
7,10,4,5.0,0.1,0.97,0.05,200,100,0.607590675354004,0.0498958333333333,0.8635893980233603,0.4396226415094341,0.5657480360310548,6.037735849056604,500.0,0.4992592592592593,0.4992592592592593,286.6666666666667,0.3333333333333333,0.9522072928851142,0.7689603626263295,1.0,0.0042857142857142
8,10,4,5.0,0.1,0.97,0.05,200,100,0.607590675354004,0.0498958333333333,0.8260332434860735,0.4207547169811321,0.5513867375687577,6.377358490566038,500.0,0.4933333333333333,0.4933333333333333,280.0,0.5,0.9418017596501044,0.738228854086202,0.6666666666666666,0.0054285714285714
9,10,4,5.0,0.1,0.97,0.05,200,100,0.607590675354004,0.0498958333333333,0.768349941463149,0.4301886792452829,0.5323661992997235,6.716981132075472,500.0,0.4977777777777777,0.4977777777777777,290.0,0.1666666666666666,0.9436836189798098,0.6889244230370762,0.6666666666666666,0.006
10,10,4,5.0,0.1,0.97,0.05,200,100,0.607590675354004,0.0498958333333333,0.8475965858041329,0.4886792452830189,0.5967207414999341,6.2075471698113205,500.0,0.5251851851851851,0.5251851851851851,351.6666666666667,0.3333333333333333,0.9373883944464222,0.7040708332296817,1.0,0.0051428571428571
11,10,4,5.0,0.1,0.97,0.05,200,100,0.607590675354004,0.0498958333333333,0.7539736992567181,0.4113207547169811,0.5179380325913417,7.0,500.0,0.4718518518518519,0.4718518518518519,260.0,0.3333333333333333,0.9363634236891624,0.6785084461341512,1.0,0.0094285714285714
12,10,4,5.0,0.1,0.97,0.05,200,100,0.607590675354004,0.0498958333333333,0.8718927822701407,0.469811320754717,0.5966660350897163,6.0,500.0,0.562962962962963,0.562962962962963,310.0,0.5,0.9503179575853126,0.7541351907947106,0.6666666666666666,0.004
13,10,4,5.0,0.1,0.97,0.05,200,100,0.607590675354004,0.0498958333333333,0.8436870781210404,0.381132075471698,0.5096061196905163,7.056603773584905,500.0,0.4622222222222222,0.4622222222222222,291.6666666666667,0.5,0.9448609062706608,0.6707831949856883,0.6666666666666666,0.0048571428571428
14,10,4,5.0,0.1,0.97,0.05,200,100,0.607590675354004,0.0498958333333333,0.8864759454382097,0.4905660377358491,0.6007467733634566,5.716981132075472,500.0,0.5437037037037037,0.5437037037037037,336.6666666666667,0.3333333333333333,0.9458462086151656,0.7564691771524242,0.6666666666666666,0.0037142857142857
15,10,4,5.0,0.1,0.97,0.05,200,100,0.607590675354004,0.0498958333333333,0.8718136685117818,0.5811320754716981,0.6852827770572989,5.320754716981132,500.0,0.6992592592592591,0.6992592592592591,261.6666666666667,0.1666666666666666,0.955666480191222,0.7584748895294902,1.0,0.0042857142857142
16,10,4,5.0,0.1,0.97,0.05,200,100,0.607590675354004,0.0498958333333333,0.8549735903509488,0.5660377358490566,0.6652878837060154,5.30188679245283,500.0,0.7103703703703704,0.7103703703703704,181.66666666666663,0.1666666666666666,0.9435597823322992,0.7613988371153345,1.0,0.0088571428571428
17,10,4,5.0,0.1,0.97,0.05,200,100,0.607590675354004,0.0498958333333333,0.8542752321054209,0.4358490566037735,0.56394456806572,6.377358490566038,500.0,0.6451851851851852,0.6451851851851852,291.6666666666667,0.5,0.9498187458678736,0.7224337846051421,0.3333333333333333,0.004
18,10,4,5.0,0.1,0.97,0.05,200,100,0.607590675354004,0.0498958333333333,0.9175052410901468,0.3716981132075471,0.5167757625801321,6.69811320754717,500.0,0.442962962962963,0.442962962962963,170.0,0.1666666666666666,0.9508623302649648,0.7237474182823396,1.0,0.0031428571428571
19,10,4,5.0,0.1,0.97,0.05,200,100,0.607590675354004,0.0498958333333333,0.8620619946091644,0.4452830188679245,0.5695457293710696,6.150943396226415,500.0,0.5807407407407408,0.5807407407407408,246.66666666666663,0.3333333333333333,0.9356905863805116,0.7266275279863735,0.6666666666666666,0.0045714285714285
0,10,4,5.0,1.0,0.9,0.05,200,100,0.5894896984100343,0.0498958333333333,0.8699011680143754,0.3679245283018867,0.4955840527705123,6.79245283018868,500.0,0.4755555555555555,0.4755555555555555,333.3333333333333,0.6666666666666666,0.9432537252708132,0.7154921734213301,0.6666666666666666,0.0025714285714285
1,10,4,5.0,1.0,0.9,0.05,200,100,0.5894896984100343,0.0498958333333333,0.8844938604372566,0.4867924528301885,0.6178252163035152,5.79245283018868,500.0,0.617037037037037,0.617037037037037,291.6666666666667,0.5,0.9374789197986064,0.7111310073608375,1.0,0.0042857142857142
2,10,4,5.0,1.0,0.9,0.05,200,100,0.5894896984100343,0.0498958333333333,0.8818508535489669,0.4660377358490566,0.5964817954274115,5.6415094339622645,500.0,0.505925925925926,0.505925925925926,236.66666666666663,0.3333333333333333,0.944106240146468,0.7914807082308101,1.0,0.0048571428571428
3,10,4,5.0,1.0,0.9,0.05,200,100,0.5894896984100343,0.0498958333333333,0.8848940891393722,0.5566037735849058,0.6620758565252985,5.283018867924528,500.0,0.5748148148148148,0.5748148148148148,201.66666666666663,0.1666666666666666,0.949644916848904,0.7708794984847038,1.0,0.0037142857142857
4,10,4,5.0,1.0,0.9,0.05,200,100,0.5894896984100343,0.0498958333333333,0.7730008984725965,0.4132075471698113,0.518297485821874,6.981132075471698,500.0,0.5266666666666667,0.5266666666666667,260.0,0.1666666666666666,0.9414933631694044,0.6518350378654273,1.0,0.0054285714285714
5,10,4,5.0,1.0,0.9,0.05,200,100,0.5894896984100343,0.0498958333333333,0.8319401248646532,0.5132075471698114,0.6213054136906861,5.830188679245283,500.0,0.6059259259259259,0.6059259259259259,293.3333333333333,0.3333333333333333,0.9444938208818592,0.7418035614416799,1.0,0.006
6,10,4,5.0,1.0,0.9,0.05,200,100,0.5894896984100343,0.0498958333333333,0.8617250673854447,0.4113207547169811,0.5373491534978772,6.547169811320755,500.0,0.4577777777777778,0.4577777777777778,268.3333333333333,0.3333333333333333,0.9348913187204394,0.7004689404007635,0.3333333333333333,0.004
7,10,4,5.0,1.0,0.9,0.05,200,100,0.5894896984100343,0.0498958333333333,0.7895327942497754,0.4339622641509435,0.5496946480575781,6.452830188679245,500.0,0.4896296296296296,0.4896296296296296,283.3333333333333,0.3333333333333333,0.9498755022122768,0.7305626214936389,1.0,0.0045714285714285
8,10,4,5.0,1.0,0.9,0.05,200,100,0.5894896984100343,0.0498958333333333,0.8508984725965858,0.4226415094339622,0.553623614639153,6.358490566037736,500.0,0.4903703703703703,0.4903703703703703,281.6666666666667,0.5,0.9397677872145654,0.7133939918548424,0.6666666666666666,0.0054285714285714
9,10,4,5.0,1.0,0.9,0.05,200,100,0.5894896984100343,0.0498958333333333,0.7358121438310117,0.4150943396226415,0.5100929050422621,6.962264150943396,500.0,0.4814814814814814,0.4814814814814814,265.0,0.1666666666666666,0.9406629710624016,0.6595995851862819,0.6666666666666666,0.0054285714285714
10,10,4,5.0,1.0,0.9,0.05,200,100,0.5894896984100343,0.0498958333333333,0.8085739731966146,0.481132075471698,0.5799179872416577,6.566037735849057,500.0,0.4962962962962963,0.4962962962962963,345.0,0.1666666666666666,0.9381003915984336,0.69003941472992,0.6666666666666666,0.0054285714285714
11,10,4,5.0,1.0,0.9,0.05,200,100,0.5894896984100343,0.0498958333333333,0.7334231805929918,0.4245283018867924,0.5234294735711291,7.132075471698113,500.0,0.4688888888888889,0.4688888888888889,273.3333333333333,0.3333333333333333,0.9329461425011444,0.6482147478247627,0.6666666666666666,0.0097142857142857
12,10,4,5.0,1.0,0.9,0.05,200,100,0.5894896984100343,0.0498958333333333,0.8581162024558251,0.4679245283018868,0.5904020648821747,6.09433962264151,500.0,0.5622222222222222,0.5622222222222222,306.6666666666667,0.5,0.9473947007069116,0.7346165711689681,1.0,0.0037142857142857
13,10,4,5.0,1.0,0.9,0.05,200,100,0.5894896984100343,0.0498958333333333,0.8052417708078085,0.3773584905660377,0.4948025245195056,7.358490566037735,500.0,0.4607407407407407,0.4607407407407407,286.6666666666667,0.5,0.9425920764888368,0.6407181231440612,0.6666666666666666,0.0045714285714285
14,10,4,5.0,1.0,0.9,0.05,200,100,0.5894896984100343,0.0498958333333333,0.8613336872770835,0.4698113207547171,0.5750934565950047,5.962264150943396,500.0,0.5103703703703704,0.5103703703703704,330.0,0.1666666666666666,0.9403422672023598,0.7336257480383355,1.0,0.0034285714285714
15,10,4,5.0,1.0,0.9,0.05,200,100,0.5894896984100343,0.0498958333333333,0.8489895848386415,0.5716981132075472,0.6668865177146083,5.528301886792453,500.0,0.688888888888889,0.688888888888889,258.3333333333333,0.1666666666666666,0.9533804607638712,0.752384203079325,1.0,0.0045714285714285
16,10,4,5.0,1.0,0.9,0.05,200,100,0.5894896984100343,0.0498958333333333,0.8157076152359171,0.5528301886792454,0.6390612224130535,5.735849056603773,500.0,0.7096296296296297,0.7096296296296297,183.3333333333333,0.1666666666666666,0.940549458373595,0.7237342023185738,1.0,0.0091428571428571
17,10,4,5.0,1.0,0.9,0.05,200,100,0.5894896984100343,0.0498958333333333,0.8413596885294998,0.4358490566037735,0.5594037580310143,6.415094339622642,500.0,0.6525925925925926,0.6525925925925926,291.6666666666667,0.5,0.9480520266490362,0.702901838997843,0.3333333333333333,0.0042857142857142
18,10,4,5.0,1.0,0.9,0.05,200,100,0.5894896984100343,0.0498958333333333,0.8897574123989217,0.3716981132075471,0.5118877884971116,6.811320754716981,500.0,0.4540740740740741,0.4540740740740741,186.66666666666663,0.1666666666666666,0.9531655393378426,0.7303281377204799,1.0,0.0031428571428571
19,10,4,5.0,1.0,0.9,0.05,200,100,0.5894896984100343,0.0498958333333333,0.8530398322851153,0.4509433962264151,0.5756903909935629,6.075471698113208,500.0,0.5837037037037037,0.5837037037037037,263.3333333333333,0.3333333333333333,0.9355243859024563,0.7236052963147488,0.6666666666666666,0.0045714285714285
0,10,4,5.0,1.0,0.97,0.1,200,100,0.5894896984100343,0.0498958333333333,0.8897574123989218,0.3245283018867924,0.4567192703707687,7.075471698113208,500.0,0.4251851851851851,0.4251851851851851,333.3333333333333,0.6666666666666666,0.9497154045669532,0.7694980446616795,0.6666666666666666,0.0025714285714285
1,10,4,5.0,1.0,0.97,0.1,200,100,0.5894896984100343,0.0498958333333333,0.9127358490566038,0.4773584905660376,0.6144121081325358,5.679245283018868,500.0,0.6318518518518519,0.6318518518518519,288.3333333333333,0.5,0.9450051365508824,0.7670266068529739,1.0,0.0042857142857142
2,10,4,5.0,1.0,0.97,0.1,200,100,0.5894896984100343,0.0498958333333333,0.9160377358490566,0.4075471698113208,0.5411938351450006,6.018867924528302,500.0,0.4466666666666666,0.4466666666666666,261.6666666666667,0.5,0.9458150841682348,0.8359994729496798,1.0,0.0048571428571428
3,10,4,5.0,1.0,0.97,0.1,200,100,0.5894896984100343,0.0498958333333333,0.9440026954177898,0.5584905660377358,0.6902877890391761,4.660377358490566,500.0,0.5644444444444444,0.5644444444444444,216.66666666666663,0.1666666666666666,0.9587413924630016,0.8477885595206242,1.0,0.0037142857142857
4,10,4,5.0,1.0,0.97,0.1,200,100,0.5894896984100343,0.0498958333333333,0.8792452830188678,0.3981132075471698,0.5285187617128735,6.320754716981132,500.0,0.4607407407407407,0.4607407407407407,245.0,0.1666666666666666,0.9547949956771602,0.7864682183375836,1.0,0.0054285714285714
5,10,4,5.0,1.0,0.97,0.1,200,100,0.5894896984100343,0.0498958333333333,0.9006888289907158,0.4830188679245283,0.6111637607869865,5.584905660377358,500.0,0.5555555555555556,0.5555555555555556,291.6666666666667,0.3333333333333333,0.947173981589788,0.8060511159857924,1.0,0.006
6,10,4,5.0,1.0,0.97,0.1,200,100,0.5894896984100343,0.0498958333333333,0.9275980832584608,0.3773584905660378,0.5189541556443827,6.433962264150943,500.0,0.4266666666666667,0.4266666666666667,268.3333333333333,0.3333333333333333,0.9440253267558358,0.784870965154437,0.3333333333333333,0.004
7,10,4,5.0,1.0,0.97,0.1,200,100,0.5894896984100343,0.0498958333333333,0.8952156334231806,0.4603773584905661,0.58730491360902,5.566037735849057,500.0,0.5740740740740741,0.5740740740740741,310.0,0.5,0.9560846259472104,0.8346316606128344,1.0,0.0045714285714285
8,10,4,5.0,1.0,0.97,0.1,200,100,0.5894896984100343,0.0498958333333333,0.8993710691823901,0.4509433962264151,0.590784015589787,5.566037735849057,500.0,0.542962962962963,0.542962962962963,278.3333333333333,0.5,0.9523095153333672,0.8296387357934434,0.6666666666666666,0.0054285714285714
9,10,4,5.0,1.0,0.97,0.1,200,100,0.5894896984100343,0.0498958333333333,0.8029424977538184,0.4245283018867924,0.5365135130980099,6.2075471698113205,500.0,0.5125925925925926,0.5125925925925926,303.3333333333333,0.3333333333333333,0.9502182779840308,0.7790821761629089,0.6666666666666666,0.0054285714285714
10,10,4,5.0,1.0,0.97,0.1,200,100,0.5894896984100343,0.0498958333333333,0.8924303683737644,0.4716981132075472,0.5929366620294828,5.90566037735849,500.0,0.5185185185185185,0.5185185185185185,361.6666666666667,0.5,0.9432046991812032,0.7495903420717456,0.6666666666666666,0.0054285714285714
11,10,4,5.0,1.0,0.97,0.1,200,100,0.5894896984100343,0.0498958333333333,0.8565588499550764,0.4075471698113208,0.5313193496600822,6.264150943396227,500.0,0.4548148148148148,0.4548148148148148,293.3333333333333,0.3333333333333333,0.9522108528708744,0.7883517719943728,0.6666666666666666,0.0097142857142857
12,10,4,5.0,1.0,0.97,0.1,200,100,0.5894896984100343,0.0498958333333333,0.8953728661275832,0.4622641509433962,0.5983707507905768,5.90566037735849,500.0,0.5466666666666666,0.5466666666666666,330.0,0.5,0.9561227177948431,0.7941029000453202,1.0,0.0037142857142857
13,10,4,5.0,1.0,0.97,0.1,200,100,0.5894896984100343,0.0498958333333333,0.8800171526586621,0.3754716981132074,0.5111344722609985,6.735849056603773,500.0,0.4185185185185185,0.4185185185185185,275.0,0.5,0.9543388089304784,0.7596146026620917,0.6666666666666666,0.0045714285714285
14,10,4,5.0,1.0,0.97,0.1,200,100,0.5894896984100343,0.0498958333333333,0.9085804132973944,0.4622641509433962,0.5820016245931896,5.69811320754717,500.0,0.5207407407407407,0.5207407407407407,328.3333333333333,0.3333333333333333,0.9473924630015764,0.7999690102716146,1.0,0.0034285714285714
15,10,4,5.0,1.0,0.97,0.1,200,100,0.5894896984100343,0.0498958333333333,0.9046421084156934,0.5679245283018868,0.6849631905826775,5.09433962264151,500.0,0.6911111111111111,0.6911111111111111,290.0,0.1666666666666666,0.9606277780603164,0.8066769577432693,1.0,0.0045714285714285
16,10,4,5.0,1.0,0.97,0.1,200,100,0.5894896984100343,0.0498958333333333,0.9161425576519916,0.5283018867924528,0.6528767135403035,5.075471698113208,500.0,0.6940740740740741,0.6940740740740741,258.3333333333333,0.5,0.9502134974317246,0.8343247581987552,1.0,0.0091428571428571
17,10,4,5.0,1.0,0.97,0.1,200,100,0.5894896984100343,0.0498958333333333,0.8927448337825696,0.4094339622641509,0.5473865140901767,6.30188679245283,500.0,0.5948148148148148,0.5948148148148148,291.6666666666667,0.5,0.9545838885215888,0.7854497751761339,0.3333333333333333,0.0042857142857142
18,10,4,5.0,1.0,0.97,0.1,200,100,0.5894896984100343,0.0498958333333333,0.9216981132075472,0.3320754716981131,0.4799133780265857,7.037735849056604,500.0,0.4222222222222222,0.4222222222222222,236.66666666666663,0.1666666666666666,0.9575154350811168,0.7756357171131472,1.0,0.0031428571428571
19,10,4,5.0,1.0,0.97,0.1,200,100,0.5894896984100343,0.0498958333333333,0.8594339622641509,0.4018867924528301,0.5280480217772116,6.283018867924528,500.0,0.5644444444444445,0.5644444444444445,271.6666666666667,0.5,0.9435301835935512,0.7816105921295895,0.6666666666666666,0.0045714285714285
0,20,1,2.5,0.1,0.9,0.05,200,100,0.4984697103500367,0.0498958333333333,0.8763427955153528,0.5235849056603774,0.6264718537195143,16.09433962264151,500.0,0.5287719298245613,0.5287719298245613,338.3333333333333,0.3333333333333333,0.944061202088525,0.5120728020134482,0.6666666666666666,0.0057142857142857
1,20,1,2.5,0.1,0.9,0.05,200,100,0.4984697103500367,0.0498958333333333,0.889232410603069,0.5028301886792453,0.6256169536453877,16.660377358490567,500.0,0.5698245614035088,0.5698245614035088,253.3333333333333,0.5,0.9424231636406788,0.4896931995244637,1.0,0.0051428571428571
2,20,1,2.5,0.1,0.9,0.05,200,100,0.4984697103500367,0.0498958333333333,0.878744525965983,0.5113207547169812,0.6278930116483179,15.0,500.0,0.5403508771929825,0.5403508771929825,248.3333333333333,0.1666666666666666,0.9533782287093074,0.5587360052311786,0.6666666666666666,0.0045714285714285
3,20,1,2.5,0.1,0.9,0.05,200,100,0.4984697103500367,0.0498958333333333,0.9050698194283884,0.4547169811320755,0.581448119163655,16.037735849056602,500.0,0.4382456140350877,0.4382456140350877,295.0,0.3333333333333333,0.9404831691784344,0.5317703110599983,1.0,0.0031428571428571
4,20,1,2.5,0.1,0.9,0.05,200,100,0.4984697103500367,0.0498958333333333,0.8355898431934436,0.5433962264150942,0.6317551869680725,19.0,500.0,0.6161403508771929,0.6161403508771929,290.0,0.5,0.931854554804003,0.4072856039871826,1.0,0.0057142857142857
5,20,1,2.5,0.1,0.9,0.05,200,100,0.4984697103500367,0.0498958333333333,0.8675923993188221,0.4716981132075472,0.587993653769877,19.132075471698112,500.0,0.5028070175438596,0.5028070175438596,278.3333333333333,0.3333333333333333,0.9297639037221628,0.4213504728610175,0.3333333333333333,0.0045714285714285
6,20,1,2.5,0.1,0.9,0.05,200,100,0.4984697103500367,0.0498958333333333,0.846533891334579,0.5226415094339624,0.6276251490974698,17.37735849056604,500.0,0.5887719298245614,0.5887719298245614,306.6666666666667,0.5,0.9310813456746172,0.4544297297444029,1.0,0.0071428571428571
7,20,1,2.5,0.1,0.9,0.05,200,100,0.4984697103500367,0.0498958333333333,0.867682933372483,0.5594339622641509,0.6613055792757874,16.471698113207548,500.0,0.5915789473684211,0.5915789473684211,328.3333333333333,0.5,0.9396072643487204,0.4853684792520521,1.0,0.0048571428571428
8,20,1,2.5,0.1,0.9,0.05,200,100,0.4984697103500367,0.0498958333333333,0.8801809695040991,0.5443396226415094,0.6435230183299652,17.22641509433962,500.0,0.6129824561403509,0.6129824561403509,338.3333333333333,0.5,0.944249139670108,0.4619618979925356,1.0,0.0037142857142857
9,20,1,2.5,0.1,0.9,0.05,200,100,0.4984697103500367,0.0498958333333333,0.8789356784639804,0.5867924528301887,0.6784374240738069,15.339622641509434,500.0,0.567719298245614,0.567719298245614,226.66666666666663,0.1666666666666666,0.9475592342075077,0.5097851176119901,1.0,0.0048571428571428
10,20,1,2.5,0.1,0.9,0.05,200,100,0.4984697103500367,0.0498958333333333,0.8813455658905158,0.5509433962264152,0.6577807818299001,16.58490566037736,500.0,0.5568421052631579,0.5568421052631579,243.3333333333333,0.1666666666666666,0.9402592361852776,0.4798535618303141,0.6666666666666666,0.0051428571428571
11,20,1,2.5,0.1,0.9,0.05,200,100,0.4984697103500367,0.0498958333333333,0.9097114299901432,0.5877358490566038,0.6966136616967706,13.754716981132075,500.0,0.6989473684210527,0.6989473684210527,175.0,0.1666666666666666,0.9498509503184208,0.5560069513122713,1.0,0.0022857142857142
12,20,1,2.5,0.1,0.9,0.05,200,100,0.4984697103500367,0.0498958333333333,0.8966857539355488,0.5339622641509434,0.6418517015918237,15.641509433962264,500.0,0.5277192982456139,0.5277192982456139,285.0,0.5,0.9457447292433052,0.5109396580844506,0.6666666666666666,0.0057142857142857
13,20,1,2.5,0.1,0.9,0.05,200,100,0.4984697103500367,0.0498958333333333,0.8908909953413644,0.5566037735849056,0.6674688711904684,15.358490566037736,500.0,0.6259649122807018,0.6259649122807018,280.0,0.5,0.946771439025355,0.5099968281954632,1.0,0.0034285714285714
14,20,1,2.5,0.1,0.9,0.05,200,100,0.4984697103500367,0.0498958333333333,0.9002066867157688,0.5509433962264152,0.6726165367184092,13.150943396226417,500.0,0.5961403508771931,0.5961403508771931,278.3333333333333,0.1666666666666666,0.952794539377398,0.6181899671080311,0.6666666666666666,0.0048571428571428
15,20,1,2.5,0.1,0.9,0.05,200,100,0.4984697103500367,0.0498958333333333,0.8483919574927311,0.5216981132075472,0.6329052281142319,17.60377358490566,500.0,0.5687719298245614,0.5687719298245614,226.66666666666663,0.3333333333333333,0.9335820873383172,0.4572101315811899,1.0,0.0054285714285714
16,20,1,2.5,0.1,0.9,0.05,200,100,0.4984697103500367,0.0498958333333333,0.8961213498155399,0.5415094339622641,0.6634893017892817,14.09433962264151,500.0,0.584561403508772,0.584561403508772,278.3333333333333,0.0,0.949189509908627,0.5679555145885379,1.0,0.006
17,20,1,2.5,0.1,0.9,0.05,200,100,0.4984697103500367,0.0498958333333333,0.8790918863101533,0.5679245283018868,0.6754414189714635,15.58490566037736,500.0,0.6329824561403509,0.6329824561403509,313.3333333333333,0.3333333333333333,0.9385026798781694,0.4956290404839811,0.6666666666666666,0.006
18,20,1,2.5,0.1,0.9,0.05,200,100,0.4984697103500367,0.0498958333333333,0.8753590509161531,0.5632075471698114,0.6719090617995643,15.433962264150944,500.0,0.5761403508771931,0.5761403508771931,351.6666666666667,0.5,0.9408380305367668,0.4986065374282192,1.0,0.0065714285714285
19,20,1,2.5,0.1,0.9,0.05,200,100,0.4984697103500367,0.0498958333333333,0.9219189403230534,0.5849056603773585,0.7059954949839811,13.830188679245284,500.0,0.6652631578947369,0.6652631578947369,238.3333333333333,0.0,0.9531075214588032,0.5502048946274049,1.0,0.0048571428571428
0,20,1,2.5,0.1,0.97,0.1,200,100,0.4984697103500367,0.0498958333333333,0.8820633328396636,0.5273584905660377,0.6301221929532043,16.20754716981132,500.0,0.5210526315789473,0.5210526315789473,383.3333333333333,0.3333333333333333,0.9467439974684546,0.5153108519017422,0.6666666666666666,0.0057142857142857
1,20,1,2.5,0.1,0.97,0.1,200,100,0.4984697103500367,0.0498958333333333,0.8857739194087288,0.5160377358490567,0.6351337398244512,16.58490566037736,500.0,0.5778947368421052,0.5778947368421052,250.0,0.5,0.9469417744551244,0.497789205763741,1.0,0.0051428571428571
2,20,1,2.5,0.1,0.97,0.1,200,100,0.4984697103500367,0.0498958333333333,0.8919945708198015,0.489622641509434,0.6135691455385714,15.452830188679243,500.0,0.515438596491228,0.515438596491228,313.3333333333333,0.3333333333333333,0.9519267681262608,0.5513076379117113,0.6666666666666666,0.0045714285714285
3,20,1,2.5,0.1,0.97,0.1,200,100,0.4984697103500367,0.0498958333333333,0.8978821338833222,0.4641509433962264,0.5850015715915631,16.547169811320753,500.0,0.4312280701754385,0.4312280701754385,301.6666666666667,0.5,0.9477272457576836,0.5197546767247666,1.0,0.0031428571428571
4,20,1,2.5,0.1,0.97,0.1,200,100,0.4984697103500367,0.0498958333333333,0.8520054244675153,0.5509433962264151,0.6430716909939349,18.641509433962263,500.0,0.6263157894736842,0.6263157894736842,320.0,0.5,0.9380621316403625,0.4241002759226641,1.0,0.0057142857142857
5,20,1,2.5,0.1,0.97,0.1,200,100,0.4984697103500367,0.0498958333333333,0.8754171174352768,0.4584905660377358,0.5789112497700328,19.37735849056604,500.0,0.4715789473684211,0.4715789473684211,283.3333333333333,0.5,0.9324805684110596,0.4267992915424555,0.3333333333333333,0.0045714285714285
6,20,1,2.5,0.1,0.97,0.1,200,100,0.4984697103500367,0.0498958333333333,0.8732832734113753,0.510377358490566,0.6268927529057736,17.264150943396228,500.0,0.5575438596491228,0.5575438596491228,308.3333333333333,0.5,0.9421793540603616,0.4703404373291861,1.0,0.0071428571428571
7,20,1,2.5,0.1,0.97,0.1,200,100,0.4984697103500367,0.0498958333333333,0.8769602650554752,0.561320754716981,0.6657631693021615,16.339622641509433,500.0,0.5870175438596491,0.5870175438596491,331.6666666666667,0.5,0.9440083461888374,0.4915733564452304,1.0,0.0048571428571428
8,20,1,2.5,0.1,0.97,0.1,200,100,0.4984697103500367,0.0498958333333333,0.8877868971097347,0.539622641509434,0.6420695135760965,17.358490566037737,500.0,0.5943859649122807,0.5943859649122807,340.0,0.5,0.9417913156125152,0.4586891627283385,1.0,0.0037142857142857
9,20,1,2.5,0.1,0.97,0.1,200,100,0.4984697103500367,0.0498958333333333,0.8944675522505711,0.5962264150943396,0.6916703202862371,14.90566037735849,500.0,0.5814035087719298,0.5814035087719298,255.0,0.1666666666666666,0.9526904097939164,0.5204090133755208,1.0,0.0048571428571428
10,20,1,2.5,0.1,0.97,0.1,200,100,0.4984697103500367,0.0498958333333333,0.8875356382555986,0.5462264150943397,0.6554993068238087,16.60377358490566,500.0,0.5649122807017545,0.5649122807017545,291.6666666666667,0.3333333333333333,0.9454945907994146,0.4849730518843957,0.6666666666666666,0.0051428571428571
11,20,1,2.5,0.1,0.97,0.1,200,100,0.4984697103500367,0.0498958333333333,0.9063364420736736,0.5584905660377358,0.6724941786430013,15.075471698113208,500.0,0.6898245614035088,0.6898245614035088,248.3333333333333,0.3333333333333333,0.9464560341758632,0.5327696294410528,1.0,0.0022857142857142
12,20,1,2.5,0.1,0.97,0.1,200,100,0.4984697103500367,0.0498958333333333,0.9006471622539581,0.5273584905660377,0.6370950489978877,15.88679245283019,500.0,0.515438596491228,0.515438596491228,288.3333333333333,0.5,0.9506778806218108,0.5172076808120434,0.6666666666666666,0.0057142857142857
13,20,1,2.5,0.1,0.97,0.1,200,100,0.4984697103500367,0.0498958333333333,0.8949187114577887,0.5632075471698113,0.6759663281329368,15.81132075471698,500.0,0.6473684210526316,0.6473684210526316,250.0,0.5,0.9460389225109768,0.4908107696798641,1.0,0.0034285714285714
14,20,1,2.5,0.1,0.97,0.1,200,100,0.4984697103500367,0.0498958333333333,0.9047013963868068,0.5254716981132076,0.6510002230085463,14.433962264150944,500.0,0.5659649122807018,0.5659649122807018,291.6666666666667,0.3333333333333333,0.9532364720541118,0.5798381608552841,0.6666666666666666,0.0048571428571428
15,20,1,2.5,0.1,0.97,0.1,200,100,0.4984697103500367,0.0498958333333333,0.8681735385950669,0.5188679245283019,0.6357599598065145,17.39622641509434,500.0,0.5782456140350878,0.5782456140350878,280.0,0.5,0.941518976701871,0.4706094267156427,1.0,0.0054285714285714
16,20,1,2.5,0.1,0.97,0.1,200,100,0.4984697103500367,0.0498958333333333,0.8917080253454778,0.5330188679245282,0.6547947896083716,14.547169811320757,500.0,0.5943859649122807,0.5943859649122807,340.0,0.3333333333333333,0.9525831652228948,0.5643609046440995,1.0,0.006
17,20,1,2.5,0.1,0.97,0.1,200,100,0.4984697103500367,0.0498958333333333,0.8797172424532037,0.5745283018867925,0.679010800008394,16.49056603773585,500.0,0.6428070175438596,0.6428070175438596,320.0,0.5,0.9406888078003244,0.4787589271056068,0.6666666666666666,0.006
18,20,1,2.5,0.1,0.97,0.1,200,100,0.4984697103500367,0.0498958333333333,0.8841633019168766,0.5622641509433962,0.6716565918440732,16.037735849056602,500.0,0.5912280701754387,0.5912280701754387,375.0,0.5,0.9441306712550928,0.4910485752517577,1.0,0.0065714285714285
19,20,1,2.5,0.1,0.97,0.1,200,100,0.4984697103500367,0.0498958333333333,0.903234387266838,0.5877358490566038,0.7011849476581482,14.69811320754717,500.0,0.6670175438596492,0.6670175438596492,246.66666666666663,0.0,0.9520784383529132,0.5263749452626586,1.0,0.0048571428571428
0,20,1,2.5,1.0,0.9,0.1,200,100,0.4913343191146851,0.0498958333333333,0.8938204108958827,0.5169811320754717,0.6285913170981574,15.264150943396226,500.0,0.5122807017543859,0.5122807017543859,356.6666666666667,0.3333333333333333,0.9495023931015388,0.551745793652389,0.6666666666666666,0.0054285714285714
1,20,1,2.5,1.0,0.9,0.1,200,100,0.4913343191146851,0.0498958333333333,0.8905875384166413,0.5066037735849057,0.6302381120802806,15.88679245283019,500.0,0.5564912280701755,0.5564912280701755,250.0,0.5,0.9481691784343974,0.5255482700481166,1.0,0.0051428571428571
2,20,1,2.5,1.0,0.9,0.1,200,100,0.4913343191146851,0.0498958333333333,0.8949852029489421,0.4867924528301887,0.61317132902394,14.773584905660377,500.0,0.5171929824561403,0.5171929824561403,291.6666666666667,0.3333333333333333,0.9568825402476168,0.5906405774385914,0.6666666666666666,0.0045714285714285
3,20,1,2.5,1.0,0.9,0.1,200,100,0.4913343191146851,0.0498958333333333,0.9051062742458056,0.4547169811320755,0.5839795420681323,15.41509433962264,500.0,0.4270175438596491,0.4270175438596491,300.0,0.5,0.9457406748150784,0.5616744925552803,1.0,0.0031428571428571
4,20,1,2.5,1.0,0.9,0.1,200,100,0.4913343191146851,0.0498958333333333,0.8506605450441397,0.5433962264150943,0.6406000767907633,17.169811320754718,500.0,0.6196491228070176,0.6196491228070176,320.0,0.5,0.941936483920731,0.4685445153679505,1.0,0.0057142857142857
5,20,1,2.5,1.0,0.9,0.1,200,100,0.4913343191146851,0.0498958333333333,0.883595664379503,0.4509433962264151,0.5757479614472351,18.20754716981132,500.0,0.467719298245614,0.467719298245614,285.0,0.5,0.937105533800087,0.4653521660702238,0.3333333333333333,0.0045714285714285
6,20,1,2.5,1.0,0.9,0.1,200,100,0.4913343191146851,0.0498958333333333,0.8728231978973027,0.4971698113207546,0.6166331031201375,16.07547169811321,500.0,0.5424561403508772,0.5424561403508772,283.3333333333333,0.5,0.9422391815988292,0.5095077041309074,1.0,0.0071428571428571
7,20,1,2.5,1.0,0.9,0.1,200,100,0.4913343191146851,0.0498958333333333,0.871662887008696,0.5566037735849056,0.6633591214449631,15.471698113207546,500.0,0.5814035087719298,0.5814035087719298,330.0,0.5,0.9449749564890628,0.5220038207210062,1.0,0.0048571428571428
8,20,1,2.5,1.0,0.9,0.1,200,100,0.4913343191146851,0.0498958333333333,0.8982759291988215,0.529245283018868,0.6400259942122526,15.849056603773583,500.0,0.6028070175438597,0.6028070175438597,340.0,0.5,0.9493078794351488,0.5041919468419636,1.0,0.0037142857142857
9,20,1,2.5,1.0,0.9,0.1,200,100,0.4913343191146851,0.0498958333333333,0.8944853991289561,0.590566037735849,0.6907194337953605,14.150943396226417,500.0,0.5729824561403509,0.5729824561403509,240.0,0.1666666666666666,0.9539802618567303,0.555471196202134,1.0,0.0048571428571428
10,20,1,2.5,1.0,0.9,0.1,200,100,0.4913343191146851,0.0498958333333333,0.8953843029840459,0.5377358490566038,0.6549057300304325,15.566037735849056,500.0,0.56,0.56,288.3333333333333,0.3333333333333333,0.946962491594478,0.5172380549827816,1.0,0.0057142857142857
11,20,1,2.5,1.0,0.9,0.1,200,100,0.4913343191146851,0.0498958333333333,0.9151548503220746,0.5509433962264152,0.671804969154825,13.88679245283019,500.0,0.6733333333333333,0.6733333333333333,240.0,0.3333333333333333,0.9500558225544876,0.5730883733312558,1.0,0.0022857142857142
12,20,1,2.5,1.0,0.9,0.1,200,100,0.4913343191146851,0.0498958333333333,0.9054454091643764,0.5188679245283018,0.6334725440768626,15.226415094339623,500.0,0.4989473684210526,0.4989473684210526,288.3333333333333,0.5,0.9528347869941852,0.5469094553913515,0.6666666666666666,0.0057142857142857
13,20,1,2.5,1.0,0.9,0.1,200,100,0.4913343191146851,0.0498958333333333,0.901956774139124,0.5452830188679245,0.6660844270746848,14.849056603773583,500.0,0.6171929824561403,0.6171929824561403,250.0,0.5,0.9499740912147464,0.5403263518606483,1.0,0.0034285714285714
14,20,1,2.5,1.0,0.9,0.1,200,100,0.4913343191146851,0.0498958333333333,0.9123967308986828,0.5311320754716983,0.6597334003935674,13.169811320754716,500.0,0.5635087719298245,0.5635087719298245,283.3333333333333,0.3333333333333333,0.9580441339345752,0.637130978117284,0.6666666666666666,0.0045714285714285
15,20,1,2.5,1.0,0.9,0.1,200,100,0.4913343191146851,0.0498958333333333,0.8706269963418574,0.5132075471698114,0.6356336039126103,16.32075471698113,500.0,0.5698245614035088,0.5698245614035088,250.0,0.3333333333333333,0.942859360784779,0.5036143291126407,1.0,0.0048571428571428
16,20,1,2.5,1.0,0.9,0.1,200,100,0.4913343191146851,0.0498958333333333,0.907554129935542,0.5377358490566039,0.6630402560995483,13.69811320754717,500.0,0.5901754385964911,0.5901754385964911,271.6666666666667,0.1666666666666666,0.9539321031604764,0.5987758522508413,1.0,0.0057142857142857
17,20,1,2.5,1.0,0.9,0.1,200,100,0.4913343191146851,0.0498958333333333,0.8926406685646799,0.5669811320754716,0.6810778316859403,14.339622641509434,500.0,0.6308771929824561,0.6308771929824561,315.0,0.3333333333333333,0.9480968415015228,0.5513356957145257,1.0,0.006
18,20,1,2.5,1.0,0.9,0.1,200,100,0.4913343191146851,0.0498958333333333,0.8851366069090155,0.5462264150943396,0.6622388081760447,14.62264150943396,500.0,0.5877192982456141,0.5877192982456141,383.3333333333333,0.5,0.9485253747873896,0.5456514285931481,1.0,0.0065714285714285
19,20,1,2.5,1.0,0.9,0.1,200,100,0.4913343191146851,0.0498958333333333,0.91739413236816,0.5867924528301887,0.7059050117579282,13.150943396226417,500.0,0.6614035087719298,0.6614035087719298,241.66666666666663,0.0,0.9547007634191684,0.5865689304446509,1.0,0.0051428571428571
0,20,1,2.5,1.0,0.97,0.05,200,100,0.4913343191146851,0.0498958333333333,0.8804553305291616,0.5188679245283018,0.6267383764375931,15.39622641509434,500.0,0.5214035087719298,0.5214035087719298,355.0,0.3333333333333333,0.9461319765832048,0.5423601813880209,0.6666666666666666,0.0054285714285714
1,20,1,2.5,1.0,0.97,0.05,200,100,0.4913343191146851,0.0498958333333333,0.890322134340413,0.4981132075471698,0.6223731562211379,16.0188679245283,500.0,0.5768421052631579,0.5768421052631579,250.0,0.5,0.945790119061746,0.5198179735642071,1.0,0.0051428571428571
2,20,1,2.5,1.0,0.97,0.05,200,100,0.4913343191146851,0.0498958333333333,0.893398438563533,0.4830188679245283,0.6080876099458055,14.88679245283019,500.0,0.5217543859649123,0.5217543859649123,270.0,0.1666666666666666,0.9538359835449548,0.5799196948787038,0.6666666666666666,0.0045714285714285
3,20,1,2.5,1.0,0.97,0.05,200,100,0.4913343191146851,0.0498958333333333,0.9023435871931056,0.4452830188679246,0.5730926899955681,15.830188679245284,500.0,0.4249122807017544,0.4249122807017544,298.3333333333333,0.3333333333333333,0.944418337882204,0.5483782662554814,1.0,0.0031428571428571
4,20,1,2.5,1.0,0.97,0.05,200,100,0.4913343191146851,0.0498958333333333,0.8508854249860008,0.5349056603773584,0.6328034824172102,17.339622641509433,500.0,0.6119298245614035,0.6119298245614035,288.3333333333333,0.5,0.9389303726118428,0.4603299984121211,1.0,0.0057142857142857
5,20,1,2.5,1.0,0.97,0.05,200,100,0.4913343191146851,0.0498958333333333,0.8829497583711342,0.4603773584905661,0.583676287453163,18.0188679245283,500.0,0.4814035087719299,0.4814035087719299,278.3333333333333,0.5,0.9348925576519916,0.4620424426749304,0.3333333333333333,0.0045714285714285
6,20,1,2.5,1.0,0.97,0.05,200,100,0.4913343191146851,0.0498958333333333,0.8624605737166984,0.5160377358490567,0.6275250812403314,15.830188679245284,500.0,0.5743859649122807,0.5743859649122807,308.3333333333333,0.5,0.937366945532218,0.5058619434998444,1.0,0.0071428571428571
7,20,1,2.5,1.0,0.97,0.05,200,100,0.4913343191146851,0.0498958333333333,0.8730815940877804,0.5481132075471699,0.6569895443439407,15.60377358490566,500.0,0.5824561403508772,0.5824561403508772,328.3333333333333,0.5,0.942950239310154,0.5223521514063934,1.0,0.0048571428571428
8,20,1,2.5,1.0,0.97,0.05,200,100,0.4913343191146851,0.0498958333333333,0.8920600507992583,0.5235849056603773,0.6327959962742107,16.056603773584907,500.0,0.5943859649122807,0.5943859649122807,341.6666666666667,0.5,0.946075165143784,0.4968033139635694,1.0,0.0037142857142857
9,20,1,2.5,1.0,0.97,0.05,200,100,0.4913343191146851,0.0498958333333333,0.8900866578406478,0.5783018867924528,0.6800488089096539,14.452830188679243,500.0,0.5603508771929825,0.5603508771929825,233.3333333333333,0.1666666666666666,0.9516656283374868,0.5496364476149012,1.0,0.0048571428571428
10,20,1,2.5,1.0,0.97,0.05,200,100,0.4913343191146851,0.0498958333333333,0.8966635084252935,0.5339622641509434,0.6511402580358486,15.60377358490566,500.0,0.5224561403508772,0.5224561403508772,273.3333333333333,0.1666666666666666,0.9438339563308412,0.5140692625948032,1.0,0.0057142857142857
11,20,1,2.5,1.0,0.97,0.05,200,100,0.4913343191146851,0.0498958333333333,0.9116510274092616,0.5660377358490567,0.6809032328314124,13.773584905660377,500.0,0.6849122807017544,0.6849122807017544,236.66666666666663,0.3333333333333333,0.9487635477235868,0.571456061450121,1.0,0.0022857142857142
12,20,1,2.5,1.0,0.97,0.05,200,100,0.4913343191146851,0.0498958333333333,0.9007703174845676,0.5283018867924528,0.6394917829538735,15.20754716981132,500.0,0.5185964912280702,0.5185964912280702,285.0,0.5,0.9494471638780112,0.5389293077058441,0.6666666666666666,0.0057142857142857
13,20,1,2.5,1.0,0.97,0.05,200,100,0.4913343191146851,0.0498958333333333,0.9018540006777468,0.531132075471698,0.6543484017223399,15.283018867924527,500.0,0.6133333333333333,0.6133333333333333,278.3333333333333,0.5,0.948651111506665,0.5267888562425554,1.0,0.0034285714285714
14,20,1,2.5,1.0,0.97,0.05,200,100,0.4913343191146851,0.0498958333333333,0.9135948433118246,0.5320754716981133,0.6597939150518924,13.39622641509434,500.0,0.5789473684210527,0.5789473684210527,285.0,0.3333333333333333,0.9531464835251772,0.6205520656031408,0.6666666666666666,0.0045714285714285
15,20,1,2.5,1.0,0.97,0.05,200,100,0.4913343191146851,0.0498958333333333,0.86513890476886,0.5113207547169811,0.6316550277206732,16.433962264150942,500.0,0.5638596491228071,0.5638596491228071,240.0,0.3333333333333333,0.9393318598947826,0.49816444385968,1.0,0.0048571428571428
16,20,1,2.5,1.0,0.97,0.05,200,100,0.4913343191146851,0.0498958333333333,0.8957731658552003,0.530188679245283,0.6544622619347102,14.037735849056604,500.0,0.5729824561403509,0.5729824561403509,300.0,0.1666666666666666,0.9509585508880186,0.5866693606696722,1.0,0.0057142857142857
17,20,1,2.5,1.0,0.97,0.05,200,100,0.4913343191146851,0.0498958333333333,0.8873601345105611,0.5575471698113207,0.6701209528077783,14.773584905660377,500.0,0.6298245614035087,0.6298245614035087,318.3333333333333,0.5,0.9413091353190144,0.5312292219785546,1.0,0.006
18,20,1,2.5,1.0,0.97,0.05,200,100,0.4913343191146851,0.0498958333333333,0.8810191834519693,0.5471698113207546,0.6617891131004271,14.849056603773583,500.0,0.5796491228070176,0.5796491228070176,350.0,0.5,0.942965665915114,0.5283859027457469,1.0,0.0065714285714285
19,20,1,2.5,1.0,0.97,0.05,200,100,0.4913343191146851,0.0498958333333333,0.9152131341827224,0.5754716981132075,0.6963831762489016,13.528301886792454,500.0,0.6694736842105263,0.6694736842105263,240.0,0.0,0.9537948459317274,0.5805689861394606,1.0,0.0051428571428571
0,20,1,5.0,0.1,0.9,0.1,200,100,0.4984697103500367,0.0498958333333333,0.8858765439225751,0.5254716981132075,0.631364136933489,16.0188679245283,500.0,0.5196491228070176,0.5196491228070176,358.3333333333333,0.3333333333333333,0.947523931015387,0.5209919821087525,0.6666666666666666,0.0057142857142857
1,20,1,5.0,0.1,0.9,0.1,200,100,0.4984697103500367,0.0498958333333333,0.8894412950100667,0.5169811320754717,0.6371389741296739,16.452830188679247,500.0,0.5670175438596491,0.5670175438596491,250.0,0.5,0.946825432142716,0.4990815842613582,1.0,0.0051428571428571
2,20,1,5.0,0.1,0.9,0.1,200,100,0.4984697103500367,0.0498958333333333,0.8948794032491014,0.4952830188679245,0.6200646042410425,15.169811320754716,500.0,0.523859649122807,0.523859649122807,291.6666666666667,0.3333333333333333,0.955586260432736,0.5638040348716562,0.6666666666666666,0.0045714285714285
3,20,1,5.0,0.1,0.9,0.1,200,100,0.4984697103500367,0.0498958333333333,0.9017924241143672,0.4669811320754717,0.5915422774316251,16.037735849056602,500.0,0.4354385964912281,0.4354385964912281,300.0,0.5,0.9453261836952652,0.5345486432991763,1.0,0.0031428571428571
4,20,1,5.0,0.1,0.9,0.1,200,100,0.4984697103500367,0.0498958333333333,0.8437912068193355,0.5462264150943396,0.6373947419013766,18.83018867924528,500.0,0.6214035087719298,0.6214035087719298,321.6666666666667,0.5,0.9369854337249318,0.4202868879854359,1.0,0.0057142857142857
5,20,1,5.0,0.1,0.9,0.1,200,100,0.4984697103500367,0.0498958333333333,0.8809841641510472,0.4584905660377358,0.580309677498246,19.28301886792453,500.0,0.4736842105263157,0.4736842105263157,288.3333333333333,0.5,0.9325161682686602,0.4258253626391197,0.3333333333333333,0.0045714285714285
6,20,1,5.0,0.1,0.9,0.1,200,100,0.4984697103500367,0.0498958333333333,0.8695096885057148,0.5122641509433962,0.6268472647528928,17.28301886792453,500.0,0.5603508771929825,0.5603508771929825,306.6666666666667,0.5,0.9400735730390412,0.4659563686730121,1.0,0.0071428571428571
7,20,1,5.0,0.1,0.9,0.1,200,100,0.4984697103500367,0.0498958333333333,0.8686355708817244,0.5650943396226414,0.6662799092244903,16.37735849056604,500.0,0.587719298245614,0.587719298245614,330.0,0.5,0.9429495470907006,0.4886988723722663,1.0,0.0048571428571428
8,20,1,5.0,0.1,0.9,0.1,200,100,0.4984697103500367,0.0498958333333333,0.8905315719687269,0.5452830188679245,0.6479827771476103,17.07547169811321,500.0,0.6164912280701754,0.6164912280701754,340.0,0.5,0.9460098987381828,0.466844758958079,1.0,0.0037142857142857
9,20,1,5.0,0.1,0.9,0.1,200,100,0.4984697103500367,0.0498958333333333,0.8914927338761967,0.5981132075471698,0.691734026132944,14.924528301886792,500.0,0.5863157894736842,0.5863157894736842,240.0,0.1666666666666666,0.9517787073296152,0.519674693152417,1.0,0.0048571428571428
10,20,1,5.0,0.1,0.9,0.1,200,100,0.4984697103500367,0.0498958333333333,0.8909544857658065,0.5462264150943397,0.6575157734492147,16.547169811320753,500.0,0.5743859649122808,0.5743859649122808,268.3333333333333,0.1666666666666666,0.9451187403583718,0.4854647648985041,0.6666666666666666,0.0051428571428571
11,20,1,5.0,0.1,0.9,0.1,200,100,0.4984697103500367,0.0498958333333333,0.9103168148630087,0.5632075471698114,0.6790963326535309,14.49056603773585,500.0,0.6887719298245614,0.6887719298245614,240.0,0.3333333333333333,0.9487351667259998,0.5472384952906355,1.0,0.0022857142857142
12,20,1,5.0,0.1,0.9,0.1,200,100,0.4984697103500367,0.0498958333333333,0.903305975546059,0.5245283018867924,0.6354085677955831,15.81132075471698,500.0,0.5091228070175439,0.5091228070175439,288.3333333333333,0.5,0.9506975099877378,0.5207025110523517,0.6666666666666666,0.0057142857142857
13,20,1,5.0,0.1,0.9,0.1,200,100,0.4984697103500367,0.0498958333333333,0.8969877327856766,0.5660377358490566,0.6793786848103592,15.264150943396226,500.0,0.6378947368421053,0.6378947368421053,278.3333333333333,0.5,0.9472657331592896,0.5086307517314425,1.0,0.0034285714285714
14,20,1,5.0,0.1,0.9,0.1,200,100,0.4984697103500367,0.0498958333333333,0.9095378352811015,0.5415094339622643,0.6673819696213087,13.471698113207546,500.0,0.5740350877192982,0.5740350877192982,283.3333333333333,0.3333333333333333,0.9562765515604604,0.6099309886503189,0.6666666666666666,0.0048571428571428
15,20,1,5.0,0.1,0.9,0.1,200,100,0.4984697103500367,0.0498958333333333,0.864428462916029,0.5235849056603774,0.6392427487427423,17.358490566037737,500.0,0.5771929824561404,0.5771929824561404,250.0,0.3333333333333333,0.9401086290099284,0.4689411401840326,1.0,0.0054285714285714
16,20,1,5.0,0.1,0.9,0.1,200,100,0.4984697103500367,0.0498958333333333,0.9002609578952147,0.5452830188679245,0.6675708398488123,14.0188679245283,500.0,0.5978947368421053,0.5978947368421053,270.0,0.1666666666666666,0.953420355207468,0.5765575443899628,1.0,0.006
17,20,1,5.0,0.1,0.9,0.1,200,100,0.4984697103500367,0.0498958333333333,0.8841743476649138,0.5726415094339623,0.6812301204231698,15.716981132075473,500.0,0.6389473684210526,0.6389473684210526,316.6666666666667,0.3333333333333333,0.9434467584351884,0.4986333020953074,0.6666666666666666,0.006
18,20,1,5.0,0.1,0.9,0.1,200,100,0.4984697103500367,0.0498958333333333,0.884323523634692,0.5622641509433962,0.6726543272549061,15.49056603773585,500.0,0.5947368421052631,0.5947368421052631,385.0,0.5,0.9460355108579566,0.5048063490444906,1.0,0.0065714285714285
19,20,1,5.0,0.1,0.9,0.1,200,100,0.4984697103500367,0.0498958333333333,0.9140448830386187,0.5924528301886792,0.7087402672910613,13.943396226415096,500.0,0.6691228070175438,0.6691228070175438,240.0,0.0,0.9537139798663028,0.5452555872423779,1.0,0.0048571428571428
0,20,1,5.0,0.1,0.97,0.05,200,100,0.4984697103500367,0.0498958333333333,0.8764268454204827,0.5320754716981131,0.6341730525104472,16.056603773584907,500.0,0.5326315789473685,0.5326315789473685,353.3333333333333,0.3333333333333333,0.944299597523832,0.5116247470933475,0.6666666666666666,0.0057142857142857
1,20,1,5.0,0.1,0.97,0.05,200,100,0.4984697103500367,0.0498958333333333,0.888212441547584,0.5094339622641509,0.6301968828403489,16.62264150943396,500.0,0.5789473684210527,0.5789473684210527,250.0,0.5,0.9442407341481746,0.4929658223142717,1.0,0.0051428571428571
2,20,1,5.0,0.1,0.97,0.05,200,100,0.4984697103500367,0.0498958333333333,0.8890457551351367,0.4924528301886792,0.6147189944354066,15.37735849056604,500.0,0.5277192982456139,0.5277192982456139,268.3333333333333,0.1666666666666666,0.951828843795736,0.5518659272446943,0.6666666666666666,0.0045714285714285
3,20,1,5.0,0.1,0.97,0.05,200,100,0.4984697103500367,0.0498958333333333,0.8996373569593,0.4566037735849057,0.5797639909050287,16.49056603773585,500.0,0.4326315789473685,0.4326315789473685,300.0,0.3333333333333333,0.9435478224753768,0.5199423681813288,1.0,0.0031428571428571
4,20,1,5.0,0.1,0.97,0.05,200,100,0.4984697103500367,0.0498958333333333,0.8408412741524217,0.5424528301886793,0.6331382152151618,18.943396226415093,500.0,0.6203508771929824,0.6203508771929824,290.0,0.5,0.934050769352478,0.4130410872166707,1.0,0.0057142857142857
5,20,1,5.0,0.1,0.97,0.05,200,100,0.4984697103500367,0.0498958333333333,0.8777365208090642,0.4669811320754717,0.5863779273756704,19.150943396226417,500.0,0.4887719298245614,0.4887719298245614,280.0,0.5,0.9302996321348048,0.4229732574349487,0.3333333333333333,0.0045714285714285
6,20,1,5.0,0.1,0.97,0.05,200,100,0.4984697103500367,0.0498958333333333,0.8598334848228518,0.5273584905660378,0.6348392877269713,17.11320754716981,500.0,0.5856140350877193,0.5856140350877193,310.0,0.5,0.934877180491278,0.4618032852805056,1.0,0.0071428571428571
7,20,1,5.0,0.1,0.97,0.05,200,100,0.4984697103500367,0.0498958333333333,0.8690816133088989,0.5584905660377357,0.6613351653178716,16.471698113207548,500.0,0.5824561403508772,0.5824561403508772,330.0,0.5,0.941339642419208,0.4889667057330002,1.0,0.0048571428571428
8,20,1,5.0,0.1,0.97,0.05,200,100,0.4984697103500367,0.0498958333333333,0.8882608651197735,0.5377358490566038,0.6403658244119276,17.339622641509433,500.0,0.6010526315789474,0.6010526315789474,341.6666666666667,0.5,0.9420926288517067,0.4585735495813396,1.0,0.0037142857142857
9,20,1,5.0,0.1,0.97,0.05,200,100,0.4984697103500367,0.0498958333333333,0.8873060398237103,0.5867924528301887,0.6820787144579229,15.18867924528302,500.0,0.5659649122807018,0.5659649122807018,236.66666666666663,0.1666666666666666,0.9495132708358056,0.5144123696334094,1.0,0.0048571428571428
10,20,1,5.0,0.1,0.97,0.05,200,100,0.4984697103500367,0.0498958333333333,0.8877329583138918,0.560377358490566,0.6670260712406385,16.30188679245283,500.0,0.5585964912280702,0.5585964912280702,246.66666666666663,0.1666666666666666,0.9427137474783436,0.4829380896928602,0.6666666666666666,0.0051428571428571
11,20,1,5.0,0.1,0.97,0.05,200,100,0.4984697103500367,0.0498958333333333,0.9041485642580211,0.578301886792453,0.6868575765567994,14.39622641509434,500.0,0.6957894736842105,0.6957894736842105,238.3333333333333,0.3333333333333333,0.9470517384597128,0.542990147307433,1.0,0.0022857142857142
12,20,1,5.0,0.1,0.97,0.05,200,100,0.4984697103500367,0.0498958333333333,0.8989786828794211,0.5358490566037736,0.6433902205068589,15.716981132075473,500.0,0.5256140350877193,0.5256140350877193,285.0,0.5,0.9472593795735929,0.5120860042813605,0.6666666666666666,0.0057142857142857
13,20,1,5.0,0.1,0.97,0.05,200,100,0.4984697103500367,0.0498958333333333,0.8946466848723632,0.5556603773584905,0.6691537443958436,15.81132075471698,500.0,0.6463157894736843,0.6463157894736843,278.3333333333333,0.5,0.945793679047506,0.4938245073071929,1.0,0.0034285714285714
14,20,1,5.0,0.1,0.97,0.05,200,100,0.4984697103500367,0.0498958333333333,0.9085222476896856,0.5377358490566039,0.661870157556209,13.9811320754717,500.0,0.5859649122807018,0.5859649122807018,283.3333333333333,0.3333333333333333,0.9506715023139908,0.5901602861643319,0.6666666666666666,0.0048571428571428
15,20,1,5.0,0.1,0.97,0.05,200,100,0.4984697103500367,0.0498958333333333,0.8604340820348556,0.5207547169811321,0.6351649841834679,17.471698113207548,500.0,0.5694736842105264,0.5694736842105264,240.0,0.3333333333333333,0.9364335370436296,0.4636411191405232,1.0,0.0054285714285714
16,20,1,5.0,0.1,0.97,0.05,200,100,0.4984697103500367,0.0498958333333333,0.8895940720618472,0.5358490566037735,0.6574540774235009,14.39622641509434,500.0,0.5771929824561404,0.5771929824561404,298.3333333333333,0.0,0.9501823503817096,0.5632554847017643,1.0,0.006
17,20,1,5.0,0.1,0.97,0.05,200,100,0.4984697103500367,0.0498958333333333,0.8749264762050264,0.559433962264151,0.6654801155335768,16.528301886792452,500.0,0.6378947368421053,0.6378947368421053,325.0,0.5,0.936000207665836,0.4756807010070493,0.6666666666666666,0.006
18,20,1,5.0,0.1,0.97,0.05,200,100,0.4984697103500367,0.0498958333333333,0.8776917840881836,0.5594339622641509,0.6681479252643713,15.90566037735849,500.0,0.5852631578947368,0.5852631578947368,350.0,0.5,0.9401829189905464,0.4861394572363662,1.0,0.0065714285714285
19,20,1,5.0,0.1,0.97,0.05,200,100,0.4984697103500367,0.0498958333333333,0.9115320525776752,0.5867924528301887,0.7032184662985717,14.358490566037736,500.0,0.6740350877192983,0.6740350877192983,240.0,0.0,0.952327686800364,0.5361317934331105,1.0,0.0048571428571428
0,20,1,5.0,1.0,0.9,0.05,200,100,0.4913343191146851,0.0498958333333333,0.8773276186831301,0.5018867924528302,0.6075172608392121,15.735849056603774,500.0,0.52,0.52,335.0,0.3333333333333333,0.9460912839681974,0.5416813436408248,0.6666666666666666,0.0054285714285714
1,20,1,5.0,1.0,0.9,0.05,200,100,0.4913343191146851,0.0498958333333333,0.8877655962079066,0.4971698113207547,0.6212893413041269,16.0188679245283,500.0,0.5785964912280702,0.5785964912280702,251.66666666666663,0.5,0.9435680946165104,0.5151785517732107,1.0,0.0051428571428571
2,20,1,5.0,1.0,0.9,0.05,200,100,0.4913343191146851,0.0498958333333333,0.8834383620984035,0.5,0.6195738323363932,14.641509433962264,500.0,0.5340350877192982,0.5340350877192982,251.66666666666663,0.1666666666666666,0.954511391954432,0.5850992021412946,0.6666666666666666,0.0045714285714285
3,20,1,5.0,1.0,0.9,0.05,200,100,0.4913343191146851,0.0498958333333333,0.9075654581436686,0.4415094339622641,0.5730758136077464,15.547169811320757,500.0,0.4326315789473684,0.4326315789473684,296.6666666666667,0.3333333333333333,0.9411351904592382,0.5585651989285236,1.0,0.0031428571428571
4,20,1,5.0,1.0,0.9,0.05,200,100,0.4913343191146851,0.0498958333333333,0.8436542913397727,0.5349056603773584,0.6302839287600317,17.433962264150942,500.0,0.6101754385964911,0.6101754385964911,290.0,0.5,0.9367386574898144,0.453720745554623,1.0,0.0057142857142857
5,20,1,5.0,1.0,0.9,0.05,200,100,0.4913343191146851,0.0498958333333333,0.8718304793273266,0.4688679245283019,0.58800987751198,17.92452830188679,500.0,0.4929824561403508,0.4929824561403508,276.6666666666667,0.3333333333333333,0.9339668624658836,0.459231652284475,0.3333333333333333,0.0045714285714285
6,20,1,5.0,1.0,0.9,0.05,200,100,0.4913343191146851,0.0498958333333333,0.8527501583459056,0.5179245283018868,0.6258853842504858,15.924528301886792,500.0,0.5778947368421052,0.5778947368421052,305.0,0.5,0.932881882639136,0.4975139773859166,1.0,0.0071428571428571
7,20,1,5.0,1.0,0.9,0.05,200,100,0.4913343191146851,0.0498958333333333,0.8682501048223289,0.5490566037735849,0.6556601236443728,15.660377358490566,500.0,0.5859649122807017,0.5859649122807017,328.3333333333333,0.5,0.9408238400379731,0.5179551143934645,1.0,0.0048571428571428
8,20,1,5.0,1.0,0.9,0.05,200,100,0.4913343191146851,0.0498958333333333,0.883065747110463,0.5330188679245282,0.6385966640670278,15.9811320754717,500.0,0.6066666666666666,0.6066666666666666,336.6666666666667,0.5,0.9473279340215972,0.4978685409151093,1.0,0.0037142857142857
9,20,1,5.0,1.0,0.9,0.05,200,100,0.4913343191146851,0.0498958333333333,0.8842132120115969,0.5726415094339623,0.6729401250768655,14.660377358490566,500.0,0.5596491228070175,0.5596491228070175,225.0,0.1666666666666666,0.9497130750365887,0.5447871302482097,1.0,0.0048571428571428
10,20,1,5.0,1.0,0.9,0.05,200,100,0.4913343191146851,0.0498958333333333,0.8747714961337252,0.5245283018867926,0.6380290219648206,16.07547169811321,500.0,0.5070175438596491,0.5070175438596491,266.6666666666667,0.1666666666666666,0.9409379573592817,0.5089051169203953,1.0,0.0057142857142857
11,20,1,5.0,1.0,0.9,0.05,200,100,0.4913343191146851,0.0498958333333333,0.9135232457076732,0.5754716981132076,0.6905495526695504,13.320754716981131,500.0,0.6940350877192983,0.6940350877192983,173.33333333333334,0.1666666666666666,0.9512756615640204,0.5825220767426451,1.0,0.0022857142857142
12,20,1,5.0,1.0,0.9,0.05,200,100,0.4913343191146851,0.0498958333333333,0.9020318104603108,0.5254716981132076,0.6385858999344787,15.075471698113208,500.0,0.5196491228070176,0.5196491228070176,285.0,0.5,0.9477549592579408,0.536586049502978,0.6666666666666666,0.0057142857142857
13,20,1,5.0,1.0,0.9,0.05,200,100,0.4913343191146851,0.0498958333333333,0.8933768841875318,0.5339622641509434,0.6533606012246391,15.132075471698114,500.0,0.5957894736842105,0.5957894736842105,278.3333333333333,0.5,0.9490683220600452,0.5397253969331379,1.0,0.0034285714285714
14,20,1,5.0,1.0,0.9,0.05,200,100,0.4913343191146851,0.0498958333333333,0.9071591406497068,0.5405660377358491,0.6675435025725246,12.735849056603774,500.0,0.5915789473684211,0.5915789473684211,280.0,0.3333333333333333,0.9548643744313912,0.6450395086166045,0.6666666666666666,0.0045714285714285
15,20,1,5.0,1.0,0.9,0.05,200,100,0.4913343191146851,0.0498958333333333,0.855312331970589,0.5122641509433962,0.6298974292393597,16.547169811320753,500.0,0.56,0.56,226.66666666666663,0.3333333333333333,0.936490892369764,0.4915886510611439,1.0,0.0048571428571428
16,20,1,5.0,1.0,0.9,0.05,200,100,0.4913343191146851,0.0498958333333333,0.8993678347903121,0.5320754716981132,0.6564770572485552,13.867924528301886,500.0,0.5782456140350877,0.5782456140350877,278.3333333333333,0.0,0.9496941378901153,0.5898917436839016,1.0,0.0057142857142857
17,20,1,5.0,1.0,0.9,0.05,200,100,0.4913343191146851,0.0498958333333333,0.8887545713517236,0.5650943396226416,0.6778919422001254,14.226415094339623,500.0,0.6249122807017544,0.6249122807017544,310.0,0.3333333333333333,0.9416534650528064,0.5441518005714218,1.0,0.006
18,20,1,5.0,1.0,0.9,0.05,200,100,0.4913343191146851,0.0498958333333333,0.879216042497885,0.5509433962264151,0.6662956983517867,14.50943396226415,500.0,0.5694736842105264,0.5694736842105264,350.0,0.5,0.9430671255092756,0.5379658164746352,1.0,0.0065714285714285
19,20,1,5.0,1.0,0.9,0.05,200,100,0.4913343191146851,0.0498958333333333,0.9252108439584564,0.5820754716981132,0.705562349749636,12.9811320754717,500.0,0.6624561403508772,0.6624561403508772,238.3333333333333,0.0,0.9539498042007832,0.5918299934468225,1.0,0.0051428571428571
0,20,1,5.0,1.0,0.97,0.1,200,100,0.4913343191146851,0.0498958333333333,0.8871759372702769,0.5188679245283019,0.6271548342084905,15.41509433962264,500.0,0.5164912280701754,0.5164912280701754,383.3333333333333,0.3333333333333333,0.9485828290020172,0.5471134800319127,0.6666666666666666,0.0054285714285714
1,20,1,5.0,1.0,0.97,0.1,200,100,0.4913343191146851,0.0498958333333333,0.8873735982687387,0.5047169811320755,0.6276753985029767,16.0188679245283,500.0,0.5624561403508772,0.5624561403508772,250.0,0.5,0.9489054774336458,0.5258135587105488,1.0,0.0051428571428571
2,20,1,5.0,1.0,0.97,0.1,200,100,0.4913343191146851,0.0498958333333333,0.8932130838101542,0.4783018867924528,0.6051382982630417,15.075471698113208,500.0,0.5101754385964913,0.5101754385964913,313.3333333333333,0.3333333333333333,0.9541430323167596,0.5794014972604725,0.6666666666666666,0.0045714285714285
3,20,1,5.0,1.0,0.97,0.1,200,100,0.4913343191146851,0.0498958333333333,0.898122104350438,0.4462264150943397,0.5719188100171287,16.0188679245283,500.0,0.4203508771929824,0.4203508771929824,300.0,0.5,0.948663250069222,0.5484561960847014,1.0,0.0031428571428571
4,20,1,5.0,1.0,0.97,0.1,200,100,0.4913343191146851,0.0498958333333333,0.8609861732942963,0.5462264150943397,0.6448606937898683,17.0,500.0,0.619298245614035,0.619298245614035,316.6666666666667,0.5,0.9429995352240812,0.4729289887681799,1.0,0.0057142857142857
5,20,1,5.0,1.0,0.97,0.1,200,100,0.4913343191146851,0.0498958333333333,0.8832587371557831,0.4509433962264151,0.5758005090331747,18.20754716981132,500.0,0.4663157894736842,0.4663157894736842,280.0,0.5,0.9373887010007516,0.467004298650312,0.3333333333333333,0.0045714285714285
6,20,1,5.0,1.0,0.97,0.1,200,100,0.4913343191146851,0.0498958333333333,0.8751143030185963,0.5018867924528302,0.621487799068696,15.943396226415096,500.0,0.5473684210526316,0.5473684210526316,308.3333333333333,0.5,0.9450906560262649,0.5148671965855868,1.0,0.0071428571428571
7,20,1,5.0,1.0,0.97,0.1,200,100,0.4913343191146851,0.0498958333333333,0.8793724730201689,0.5537735849056603,0.6633215359096332,15.433962264150944,500.0,0.5792982456140351,0.5792982456140351,331.6666666666667,0.5,0.9462359083896996,0.5255813288402085,1.0,0.0048571428571428
8,20,1,5.0,1.0,0.97,0.1,200,100,0.4913343191146851,0.0498958333333333,0.8962663082241618,0.5264150943396226,0.6367194397943852,16.0188679245283,500.0,0.5838596491228071,0.5838596491228071,340.0,0.5,0.946103546141371,0.498305910848329,1.0,0.0037142857142857
9,20,1,5.0,1.0,0.97,0.1,200,100,0.4913343191146851,0.0498958333333333,0.8968381133157435,0.5849056603773585,0.6875067128787459,14.226415094339623,500.0,0.5691228070175439,0.5691228070175439,255.0,0.1666666666666666,0.9548957220837784,0.5558200044516021,1.0,0.0048571428571428
10,20,1,5.0,1.0,0.97,0.1,200,100,0.4913343191146851,0.0498958333333333,0.8892970125460341,0.5320754716981133,0.6484068220541462,15.754716981132075,500.0,0.5491228070175439,0.5491228070175439,300.0,0.3333333333333333,0.947676021518136,0.5179430007548017,1.0,0.0057142857142857
11,20,1,5.0,1.0,0.97,0.1,200,100,0.4913343191146851,0.0498958333333333,0.9109810367142988,0.5509433962264151,0.6687703569264855,14.39622641509434,500.0,0.6803508771929825,0.6803508771929825,248.3333333333333,0.3333333333333333,0.9477319429611172,0.5607109381352715,1.0,0.0022857142857142
12,20,1,5.0,1.0,0.97,0.1,200,100,0.4913343191146851,0.0498958333333333,0.9039248804268666,0.5226415094339623,0.6354842379269213,15.30188679245283,500.0,0.5101754385964913,0.5101754385964913,288.3333333333333,0.5,0.9529496459791938,0.5445705343931163,0.6666666666666666,0.0057142857142857
13,20,1,5.0,1.0,0.97,0.1,200,100,0.4913343191146851,0.0498958333333333,0.8977343991210148,0.5481132075471699,0.6662159225044461,15.245283018867925,500.0,0.6298245614035087,0.6298245614035087,250.0,0.5,0.9492671868201416,0.524992853923716,1.0,0.0034285714285714
14,20,1,5.0,1.0,0.97,0.1,200,100,0.4913343191146851,0.0498958333333333,0.9073471062788488,0.518867924528302,0.6462003392146747,13.88679245283019,500.0,0.5564912280701754,0.5564912280701754,290.0,0.3333333333333333,0.954915549226692,0.6086336800436071,0.6666666666666666,0.0045714285714285
15,20,1,5.0,1.0,0.97,0.1,200,100,0.4913343191146851,0.0498958333333333,0.8730718785037205,0.5056603773584906,0.6296986270711106,16.433962264150942,500.0,0.5712280701754385,0.5712280701754385,280.0,0.5,0.944191883232467,0.50465967885052,1.0,0.0048571428571428
16,20,1,5.0,1.0,0.97,0.1,200,100,0.4913343191146851,0.0498958333333333,0.8931430899334919,0.5245283018867924,0.6486417667274501,14.226415094339623,500.0,0.5852631578947368,0.5852631578947368,318.3333333333333,0.3333333333333333,0.9534448301095684,0.5882214217493738,1.0,0.0057142857142857
17,20,1,5.0,1.0,0.97,0.1,200,100,0.4913343191146851,0.0498958333333333,0.8922010812436401,0.5698113207547169,0.6815333201744975,14.754716981132075,500.0,0.634736842105263,0.634736842105263,316.6666666666667,0.5,0.9468303765673828,0.536671905491598,1.0,0.006
18,20,1,5.0,1.0,0.97,0.1,200,100,0.4913343191146851,0.0498958333333333,0.8895816466812331,0.5499999999999999,0.6657829928588779,14.849056603773583,500.0,0.5838596491228071,0.5838596491228071,375.0,0.5,0.9470984632728136,0.5340645753247114,1.0,0.0065714285714285
19,20,1,5.0,1.0,0.97,0.1,200,100,0.4913343191146851,0.0498958333333333,0.9084773677910182,0.5773584905660377,0.6960615636702829,13.754716981132075,500.0,0.6603508771929824,0.6603508771929824,246.66666666666663,0.0,0.9537074285036192,0.5699604239773888,1.0,0.0051428571428571
0,20,2,2.5,0.1,0.9,0.05,200,100,0.6280102729797364,0.0498958333333333,0.8660201065010101,0.4641509433962263,0.5894337517704198,12.90566037735849,500.0,0.5003508771929824,0.5003508771929824,290.0,0.3333333333333333,0.9463904149788808,0.6849831789504716,1.0,0.0042857142857142
1,20,2,2.5,0.1,0.9,0.05,200,100,0.6280102729797364,0.0498958333333333,0.8583366842800807,0.4292452830188679,0.5620746944307529,13.773584905660377,500.0,0.4519298245614034,0.4519298245614034,266.6666666666667,0.5,0.9496778212887148,0.6589903986076964,1.0,0.004
2,20,2,2.5,0.1,0.9,0.05,200,100,0.6280102729797364,0.0498958333333333,0.863334227286561,0.5028301886792452,0.629044099232132,12.075471698113208,500.0,0.5835087719298245,0.5835087719298245,230.0,0.1666666666666666,0.9460696073431922,0.7187101569934118,1.0,0.004
3,20,2,2.5,0.1,0.9,0.05,200,100,0.6280102729797364,0.0498958333333333,0.8187304696556112,0.479245283018868,0.5924526599559378,13.245283018867925,500.0,0.4768421052631579,0.4768421052631579,256.6666666666667,0.3333333333333333,0.9430615396457334,0.6568151438110099,0.6666666666666666,0.006
4,20,2,2.5,0.1,0.9,0.05,200,100,0.6280102729797364,0.0498958333333333,0.828777862370623,0.5216981132075472,0.6253004202697086,13.075471698113208,500.0,0.595438596491228,0.595438596491228,348.3333333333333,0.5,0.9472803512840002,0.6635949431530023,1.0,0.0057142857142857
5,20,2,2.5,0.1,0.9,0.05,200,100,0.6280102729797364,0.0498958333333333,0.8503153248110957,0.4075471698113208,0.5444544483962223,14.056603773584904,500.0,0.4950877192982456,0.4950877192982456,261.6666666666667,0.3333333333333333,0.9572597971770276,0.6809837409195519,1.0,0.0028571428571428
6,20,2,2.5,0.1,0.9,0.05,200,100,0.6280102729797364,0.0498958333333333,0.8590302646985696,0.5405660377358491,0.6567749582095394,11.81132075471698,500.0,0.5908771929824561,0.5908771929824561,323.3333333333333,0.3333333333333333,0.9570400642721754,0.7131052514238914,0.6666666666666666,0.0051428571428571
7,20,2,2.5,0.1,0.9,0.05,200,100,0.6280102729797364,0.0498958333333333,0.8546803647115316,0.5122641509433961,0.6351910666538951,12.18867924528302,500.0,0.6028070175438597,0.6028070175438597,316.6666666666667,0.5,0.9567365995400884,0.720028589907328,0.3333333333333333,0.0062857142857142
8,20,2,2.5,0.1,0.9,0.05,200,100,0.6280102729797364,0.0498958333333333,0.8946285872839701,0.5632075471698113,0.6814944337728133,10.547169811320757,500.0,0.6494736842105263,0.6494736842105263,310.0,0.3333333333333333,0.9553428170071104,0.7552494821991458,0.6666666666666666,0.0022857142857142
9,20,2,2.5,0.1,0.9,0.05,200,100,0.6280102729797364,0.0498958333333333,0.8830726380100589,0.4867924528301887,0.614058267808582,12.20754716981132,500.0,0.5024561403508772,0.5024561403508772,163.33333333333334,0.1666666666666666,0.9618029884637218,0.7444476542862797,1.0,0.0025714285714285
10,20,2,2.5,0.1,0.9,0.05,200,100,0.6280102729797364,0.0498958333333333,0.847224632093053,0.5141509433962265,0.6315894236364106,11.9811320754717,500.0,0.5628070175438596,0.5628070175438596,245.0,0.1666666666666666,0.9500959271838588,0.7225467007710911,1.0,0.0057142857142857
11,20,2,2.5,0.1,0.9,0.05,200,100,0.6280102729797364,0.0498958333333333,0.8692907291594995,0.5443396226415095,0.6599718738268526,11.245283018867925,500.0,0.6508771929824562,0.6508771929824562,298.3333333333333,0.5,0.954847161151896,0.7410998975292845,0.6666666666666666,0.0037142857142857
12,20,2,2.5,0.1,0.9,0.05,200,100,0.6280102729797364,0.0498958333333333,0.8544747071311123,0.5254716981132076,0.6389833346809226,11.735849056603774,500.0,0.5396491228070176,0.5396491228070176,323.3333333333333,0.3333333333333333,0.95477935304475,0.7215778322555844,0.6666666666666666,0.006
13,20,2,2.5,0.1,0.9,0.05,200,100,0.6280102729797364,0.0498958333333333,0.8857230368368577,0.6226415094339622,0.7258655102767426,9.90566037735849,500.0,0.6603508771929825,0.6603508771929825,421.6666666666667,0.5,0.9564342653440197,0.7729761110677714,0.6666666666666666,0.004
14,20,2,2.5,0.1,0.9,0.05,200,100,0.6280102729797364,0.0498958333333333,0.9112166875992512,0.5,0.6355153538063646,11.358490566037736,500.0,0.5908771929824562,0.5908771929824562,223.3333333333333,0.1666666666666666,0.9557591429093744,0.7599835308721976,1.0,0.002
15,20,2,2.5,0.1,0.9,0.05,200,100,0.6280102729797364,0.0498958333333333,0.8477701723400946,0.5594339622641511,0.6657833163090702,10.943396226415096,500.0,0.5775438596491228,0.5775438596491228,270.0,0.5,0.9464198329693168,0.7350974809277933,1.0,0.0085714285714285
16,20,2,2.5,0.1,0.9,0.05,200,100,0.6280102729797364,0.0498958333333333,0.8821332339506591,0.5330188679245284,0.6567644507750108,10.679245283018869,500.0,0.5807017543859649,0.5807017543859649,298.3333333333333,0.3333333333333333,0.947906644184234,0.7486742581052724,0.6666666666666666,0.0045714285714285
17,20,2,2.5,0.1,0.9,0.05,200,100,0.6280102729797364,0.0498958333333333,0.8724969770541893,0.5330188679245284,0.6519702016530383,11.60377358490566,500.0,0.648421052631579,0.648421052631579,211.66666666666663,0.3333333333333333,0.9567739072286954,0.7206082107535139,0.6666666666666666,0.0037142857142857
18,20,2,2.5,0.1,0.9,0.05,200,100,0.6280102729797364,0.0498958333333333,0.8155823794462024,0.4518867924528302,0.573659692114477,13.452830188679243,500.0,0.600701754385965,0.600701754385965,303.3333333333333,0.5,0.941559129439158,0.6421085279250134,0.3333333333333333,0.0068571428571428
19,20,2,2.5,0.1,0.9,0.05,200,100,0.6280102729797364,0.0498958333333333,0.8631124809953888,0.5207547169811321,0.6428874504903144,11.679245283018869,500.0,0.6343859649122806,0.6343859649122806,190.0,0.1666666666666666,0.9552203823617138,0.7108147956122937,0.6666666666666666,0.0077142857142857
0,20,2,2.5,0.1,0.97,0.1,200,100,0.6280102729797364,0.0498958333333333,0.9107428889596416,0.4518867924528302,0.5889707279514566,12.641509433962264,500.0,0.4859649122807017,0.4859649122807017,306.6666666666667,0.5,0.954217933668806,0.7301742145374815,1.0,0.0042857142857142
1,20,2,2.5,0.1,0.97,0.1,200,100,0.6280102729797364,0.0498958333333333,0.9096491558755708,0.4084905660377358,0.5503512702863566,13.528301886792454,500.0,0.4231578947368421,0.4231578947368421,261.6666666666667,0.5,0.957257055025834,0.7122489647620032,1.0,0.004
2,20,2,2.5,0.1,0.97,0.1,200,100,0.6280102729797364,0.0498958333333333,0.9074781336946184,0.480188679245283,0.6211165597981958,11.943396226415096,500.0,0.5617543859649122,0.5617543859649122,323.3333333333333,0.3333333333333333,0.955114484812331,0.7792426546202567,1.0,0.004
3,20,2,2.5,0.1,0.97,0.1,200,100,0.6280102729797364,0.0498958333333333,0.910624019586284,0.4698113207547169,0.6107048446641304,12.0,500.0,0.4996491228070175,0.4996491228070175,280.0,0.5,0.9583187486168976,0.7576609334763034,0.6666666666666666,0.006
4,20,2,2.5,0.1,0.97,0.1,200,100,0.6280102729797364,0.0498958333333333,0.8891634858382023,0.5141509433962265,0.6403226146868918,11.962264150943396,500.0,0.5782456140350877,0.5782456140350877,341.6666666666667,0.5,0.9556796205247612,0.7188001595063499,1.0,0.0057142857142857
5,20,2,2.5,0.1,0.97,0.1,200,100,0.6280102729797364,0.0498958333333333,0.8859779850020578,0.3830188679245283,0.5273747659543391,13.962264150943396,500.0,0.4757894736842105,0.4757894736842105,280.0,0.5,0.9620320783581732,0.739650874485975,1.0,0.0028571428571428
6,20,2,2.5,0.1,0.97,0.1,200,100,0.6280102729797364,0.0498958333333333,0.9101203603225166,0.5405660377358491,0.6710575632606515,11.075471698113208,500.0,0.62,0.62,326.6666666666667,0.5,0.962538077415258,0.7593387494693564,0.6666666666666666,0.0051428571428571
7,20,2,2.5,0.1,0.97,0.1,200,100,0.6280102729797364,0.0498958333333333,0.8962872240625641,0.4877358490566036,0.624667643392611,12.0188679245283,500.0,0.5715789473684211,0.5715789473684211,308.3333333333333,0.5,0.9585563055045078,0.7539342679783898,0.3333333333333333,0.0062857142857142
8,20,2,2.5,0.1,0.97,0.1,200,100,0.6280102729797364,0.0498958333333333,0.9087200221162486,0.5584905660377358,0.6810350988378955,10.433962264150944,500.0,0.6536842105263158,0.6536842105263158,298.3333333333333,0.5,0.9575565268009198,0.7745318242588369,0.6666666666666666,0.0022857142857142
9,20,2,2.5,0.1,0.97,0.1,200,100,0.6280102729797364,0.0498958333333333,0.927455849138553,0.4952830188679245,0.6323201423900446,11.433962264150944,500.0,0.4919298245614035,0.4919298245614035,183.3333333333333,0.1666666666666666,0.9664865466213812,0.7849811616584095,1.0,0.0025714285714285
10,20,2,2.5,0.1,0.97,0.1,200,100,0.6280102729797364,0.0498958333333333,0.8978108369617803,0.5066037735849057,0.6389542787595573,11.283018867924527,500.0,0.5421052631578948,0.5421052631578948,320.0,0.3333333333333333,0.9575914290937432,0.782936916430368,1.0,0.0057142857142857
11,20,2,2.5,0.1,0.97,0.1,200,100,0.6280102729797364,0.0498958333333333,0.919583341836394,0.5216981132075472,0.6515260027309084,10.924528301886792,500.0,0.6424561403508772,0.6424561403508772,308.3333333333333,0.5,0.9590953306457044,0.7944278529631646,0.6666666666666666,0.0037142857142857
12,20,2,2.5,0.1,0.97,0.1,200,100,0.6280102729797364,0.0498958333333333,0.9072447992259312,0.5283018867924528,0.6575397914438615,10.679245283018869,500.0,0.5821052631578948,0.5821052631578948,355.0,0.5,0.9635645560120464,0.8079067537110179,0.6666666666666666,0.006
13,20,2,2.5,0.1,0.97,0.1,200,100,0.6280102729797364,0.0498958333333333,0.9220010021425116,0.5839622641509434,0.7076918628400852,9.962264150943396,500.0,0.6487719298245614,0.6487719298245614,401.6666666666667,0.5,0.9596480905968268,0.8000641302442636,0.6666666666666666,0.004
14,20,2,2.5,0.1,0.97,0.1,200,100,0.6280102729797364,0.0498958333333333,0.9275448039273672,0.4773584905660378,0.6147861273168479,11.62264150943396,500.0,0.5578947368421052,0.5578947368421052,233.3333333333333,0.3333333333333333,0.9586949284635294,0.7803159279828554,1.0,0.002
15,20,2,2.5,0.1,0.97,0.1,200,100,0.6280102729797364,0.0498958333333333,0.9322363520476727,0.530188679245283,0.667306267922971,10.245283018867925,500.0,0.5775438596491228,0.5775438596491228,291.6666666666667,0.5,0.959583084775769,0.8190571186083704,1.0,0.0085714285714285
16,20,2,2.5,0.1,0.97,0.1,200,100,0.6280102729797364,0.0498958333333333,0.9264298594487276,0.5207547169811321,0.6534483590848105,10.39622641509434,500.0,0.5757894736842105,0.5757894736842105,313.3333333333333,0.5,0.9551871157380236,0.7969181443488363,0.6666666666666666,0.0045714285714285
17,20,2,2.5,0.1,0.97,0.1,200,100,0.6280102729797364,0.0498958333333333,0.928199593897206,0.5188679245283019,0.6561558879992606,11.150943396226417,500.0,0.6343859649122807,0.6343859649122807,250.0,0.5,0.9642360944069738,0.7770470719547451,0.6666666666666666,0.0037142857142857
18,20,2,2.5,0.1,0.97,0.1,200,100,0.6280102729797364,0.0498958333333333,0.8901396879657749,0.4377358490566038,0.5778231096791895,12.735849056603774,500.0,0.5628070175438596,0.5628070175438596,278.3333333333333,0.5,0.9513932292919476,0.720568496034662,0.3333333333333333,0.0068571428571428
19,20,2,2.5,0.1,0.97,0.1,200,100,0.6280102729797364,0.0498958333333333,0.9036959895450462,0.4858490566037736,0.6254468858227378,11.58490566037736,500.0,0.5985964912280702,0.5985964912280702,235.0,0.1666666666666666,0.965741631628068,0.788620193333453,0.6666666666666666,0.0077142857142857
0,20,2,2.5,1.0,0.9,0.1,200,100,0.6104977130889894,0.0498958333333333,0.9059568828685016,0.4481132075471698,0.5833719254519918,12.58490566037736,500.0,0.4764912280701754,0.4764912280701754,323.3333333333333,0.5,0.9527350552759952,0.7427141168963225,1.0,0.0042857142857142
1,20,2,2.5,1.0,0.9,0.1,200,100,0.6104977130889894,0.0498958333333333,0.8899270358663303,0.4056603773584905,0.5452030322029577,13.433962264150944,500.0,0.4242105263157894,0.4242105263157894,250.0,0.5,0.9562090481367804,0.7220213747603411,1.0,0.004
2,20,2,2.5,1.0,0.9,0.1,200,100,0.6104977130889894,0.0498958333333333,0.9005464137539608,0.4726415094339622,0.6136571257259492,11.943396226415096,500.0,0.5547368421052632,0.5547368421052632,315.0,0.3333333333333333,0.9528999932648918,0.7764558549209101,1.0,0.004
3,20,2,2.5,1.0,0.9,0.1,200,100,0.6104977130889894,0.0498958333333333,0.8932366812083793,0.4669811320754717,0.6031317176291991,12.0188679245283,500.0,0.5049122807017544,0.5049122807017544,276.6666666666667,0.3333333333333333,0.9560990253336284,0.7512236109346654,0.6666666666666666,0.0057142857142857
4,20,2,2.5,1.0,0.9,0.1,200,100,0.6104977130889894,0.0498958333333333,0.8775104455293136,0.5150943396226415,0.6401433869547773,11.754716981132075,500.0,0.5789473684210527,0.5789473684210527,345.0,0.5,0.953521186726064,0.728826551458206,1.0,0.0057142857142857
5,20,2,2.5,1.0,0.9,0.1,200,100,0.6104977130889894,0.0498958333333333,0.885645084254816,0.3792452830188679,0.522504344425347,13.830188679245284,500.0,0.4743859649122807,0.4743859649122807,275.0,0.5,0.962569010805038,0.7478944873908119,1.0,0.0025714285714285
6,20,2,2.5,1.0,0.9,0.1,200,100,0.6104977130889894,0.0498958333333333,0.9061035770247758,0.5283018867924529,0.6605239335064345,11.0188679245283,500.0,0.6140350877192983,0.6140350877192983,333.3333333333333,0.5,0.9609845284943184,0.7672882824915407,0.6666666666666666,0.0054285714285714
7,20,2,2.5,1.0,0.9,0.1,200,100,0.6104977130889894,0.0498958333333333,0.8910577368124538,0.5009433962264149,0.6361601030666305,11.50943396226415,500.0,0.5796491228070176,0.5796491228070176,306.6666666666667,0.5,0.9606956885685972,0.7719753015698401,0.6666666666666666,0.0062857142857142
8,20,2,2.5,1.0,0.9,0.1,200,100,0.6104977130889894,0.0498958333333333,0.9135081899232844,0.5509433962264151,0.6781591748627723,10.30188679245283,500.0,0.6378947368421053,0.6378947368421053,300.0,0.5,0.9581358182675376,0.7937604970731447,0.6666666666666666,0.0025714285714285
9,20,2,2.5,1.0,0.9,0.1,200,100,0.6104977130889894,0.0498958333333333,0.92283392707921,0.479245283018868,0.6176083871894853,11.50943396226415,500.0,0.4768421052631579,0.4768421052631579,171.66666666666666,0.1666666666666666,0.966209264622401,0.7967372636350424,1.0,0.0025714285714285
10,20,2,2.5,1.0,0.9,0.1,200,100,0.6104977130889894,0.0498958333333333,0.8865827045072329,0.5018867924528302,0.6314157334688794,11.30188679245283,500.0,0.531578947368421,0.531578947368421,305.0,0.1666666666666666,0.956630184830612,0.7838842207019137,1.0,0.0057142857142857
11,20,2,2.5,1.0,0.9,0.1,200,100,0.6104977130889894,0.0498958333333333,0.9051001332494116,0.5207547169811321,0.6495391505129505,10.79245283018868,500.0,0.6287719298245614,0.6287719298245614,310.0,0.5,0.9588438946244217,0.7996929719003221,0.6666666666666666,0.0037142857142857
12,20,2,2.5,1.0,0.9,0.1,200,100,0.6104977130889894,0.0498958333333333,0.8944205165903278,0.5216981132075471,0.6491696706630279,10.90566037735849,500.0,0.572280701754386,0.572280701754386,356.6666666666667,0.5,0.9618559191979448,0.7937210814372254,0.6666666666666666,0.0054285714285714
13,20,2,2.5,1.0,0.9,0.1,200,100,0.6104977130889894,0.0498958333333333,0.916602187121055,0.5905660377358491,0.7122368111369101,9.754716981132075,500.0,0.6407017543859649,0.6407017543859649,410.0,0.5,0.9586201447086105,0.8173827671654076,0.6666666666666666,0.0037142857142857
14,20,2,2.5,1.0,0.9,0.1,200,100,0.6104977130889894,0.0498958333333333,0.9237641079854284,0.4707547169811321,0.6101470984298382,11.471698113207546,500.0,0.5540350877192982,0.5540350877192982,233.3333333333333,0.3333333333333333,0.9574499196597808,0.7912453114681222,1.0,0.002
15,20,2,2.5,1.0,0.9,0.1,200,100,0.6104977130889894,0.0498958333333333,0.9283670731783936,0.5273584905660378,0.6650129460325862,10.169811320754716,500.0,0.5571929824561404,0.5571929824561404,283.3333333333333,0.5,0.9572652574254568,0.8151099955900895,1.0,0.0082857142857142
16,20,2,2.5,1.0,0.9,0.1,200,100,0.6104977130889894,0.0498958333333333,0.9183338489109856,0.5113207547169811,0.6442494486813741,10.547169811320757,500.0,0.567719298245614,0.567719298245614,311.6666666666667,0.5,0.9540122482753312,0.7986678818104438,0.6666666666666666,0.0045714285714285
17,20,2,2.5,1.0,0.9,0.1,200,100,0.6104977130889894,0.0498958333333333,0.9210251303758518,0.5141509433962264,0.6517189248295089,11.0188679245283,500.0,0.6171929824561403,0.6171929824561403,226.66666666666663,0.3333333333333333,0.9629174564382824,0.7849817242912691,1.0,0.0037142857142857
18,20,2,2.5,1.0,0.9,0.1,200,100,0.6104977130889894,0.0498958333333333,0.8763537631958686,0.4358490566037736,0.5740230823322569,12.69811320754717,500.0,0.56,0.56,278.3333333333333,0.5,0.9495011209144352,0.7165496539548959,0.6666666666666666,0.0068571428571428
19,20,2,2.5,1.0,0.9,0.1,200,100,0.6104977130889894,0.0498958333333333,0.9025037750509448,0.4849056603773585,0.6232863546589162,11.471698113207546,500.0,0.5887719298245614,0.5887719298245614,210.0,0.1666666666666666,0.9648889188227032,0.7879027817023042,0.6666666666666666,0.0077142857142857
0,20,2,2.5,1.0,0.97,0.05,200,100,0.6104977130889894,0.0498958333333333,0.9013563471358904,0.4594339622641509,0.593322626191511,12.433962264150944,500.0,0.4985964912280702,0.4985964912280702,291.6666666666667,0.3333333333333333,0.9495938489219016,0.7285009203766768,1.0,0.0042857142857142
1,20,2,2.5,1.0,0.97,0.05,200,100,0.6104977130889894,0.0498958333333333,0.8846489805882751,0.4132075471698113,0.5503465047951963,13.37735849056604,500.0,0.4340350877192982,0.4340350877192982,265.0,0.5,0.9522403615790942,0.6997554851684572,1.0,0.004
2,20,2,2.5,1.0,0.97,0.05,200,100,0.6104977130889894,0.0498958333333333,0.8933454909870003,0.4783018867924528,0.6159695557032899,11.924528301886792,500.0,0.5589473684210526,0.5589473684210526,291.6666666666667,0.3333333333333333,0.949855916792549,0.7552524425454432,1.0,0.004
3,20,2,2.5,1.0,0.97,0.05,200,100,0.6104977130889894,0.0498958333333333,0.8679254620292355,0.4632075471698113,0.5928151815789431,12.41509433962264,500.0,0.4628070175438596,0.4628070175438596,266.6666666666667,0.3333333333333333,0.9490279675367784,0.7074955540948056,0.6666666666666666,0.0057142857142857
4,20,2,2.5,1.0,0.97,0.05,200,100,0.6104977130889894,0.0498958333333333,0.8587878149039724,0.5084905660377359,0.6292244056571484,12.18867924528302,500.0,0.5835087719298245,0.5835087719298245,346.6666666666667,0.5,0.9499328894576312,0.7080838551079695,1.0,0.0057142857142857
5,20,2,2.5,1.0,0.97,0.05,200,100,0.6104977130889894,0.0498958333333333,0.8745743939388427,0.3820754716981131,0.5225590123086756,13.943396226415096,500.0,0.4796491228070175,0.4796491228070175,263.3333333333333,0.3333333333333333,0.9601085074038084,0.7206180603001221,1.0,0.0025714285714285
6,20,2,2.5,1.0,0.97,0.05,200,100,0.6104977130889894,0.0498958333333333,0.8944500729878089,0.5245283018867926,0.6549470979948859,11.264150943396226,500.0,0.5828070175438597,0.5828070175438597,333.3333333333333,0.5,0.9589107766541908,0.7472728059883186,0.6666666666666666,0.0054285714285714
7,20,2,2.5,1.0,0.97,0.05,200,100,0.6104977130889894,0.0498958333333333,0.8754272980688076,0.4971698113207546,0.6280691862182429,11.754716981132075,500.0,0.5852631578947368,0.5852631578947368,315.0,0.5,0.9559073393436156,0.7440002047218495,0.6666666666666666,0.0062857142857142
8,20,2,2.5,1.0,0.97,0.05,200,100,0.6104977130889894,0.0498958333333333,0.9104987779516082,0.5528301886792454,0.677898915969367,10.339622641509434,500.0,0.6340350877192983,0.6340350877192983,315.0,0.5,0.957542972395678,0.7902643054009546,0.6666666666666666,0.0025714285714285
9,20,2,2.5,1.0,0.97,0.05,200,100,0.6104977130889894,0.0498958333333333,0.914610860837276,0.4839622641509433,0.6192630615255921,11.528301886792454,500.0,0.5,0.5,171.66666666666666,0.1666666666666666,0.9640572652574254,0.7801750280008066,1.0,0.0025714285714285
10,20,2,2.5,1.0,0.97,0.05,200,100,0.6104977130889894,0.0498958333333333,0.8679164650862765,0.4971698113207547,0.6227925045282207,11.69811320754717,500.0,0.5466666666666667,0.5466666666666667,293.3333333333333,0.1666666666666666,0.9526964246197068,0.7578820767699773,1.0,0.0057142857142857
11,20,2,2.5,1.0,0.97,0.05,200,100,0.6104977130889894,0.0498958333333333,0.9081550109158322,0.5320754716981133,0.6600405438075393,10.60377358490566,500.0,0.6428070175438597,0.6428070175438597,298.3333333333333,0.5,0.9567791990994198,0.7931064855072233,0.6666666666666666,0.0037142857142857
12,20,2,2.5,1.0,0.97,0.05,200,100,0.6104977130889894,0.0498958333333333,0.8852562254615528,0.519811320754717,0.6443718559122131,11.075471698113208,500.0,0.5414035087719299,0.5414035087719299,336.6666666666667,0.3333333333333333,0.9573585266469744,0.760175583993738,0.6666666666666666,0.0054285714285714
13,20,2,2.5,1.0,0.97,0.05,200,100,0.6104977130889894,0.0498958333333333,0.900317766752722,0.5924528301886792,0.7094477561964326,9.88679245283019,500.0,0.6529824561403509,0.6529824561403509,415.0,0.5,0.9569803382948632,0.8044887167628205,0.6666666666666666,0.0037142857142857
14,20,2,2.5,1.0,0.97,0.05,200,100,0.6104977130889894,0.0498958333333333,0.9185010272506496,0.4716981132075472,0.6097662865446292,11.50943396226415,500.0,0.5705263157894737,0.5705263157894737,231.66666666666663,0.3333333333333333,0.9550702135029298,0.7826975962205489,1.0,0.002
15,20,2,2.5,1.0,0.97,0.05,200,100,0.6104977130889894,0.0498958333333333,0.8931206172049678,0.5358490566037737,0.6613626323850966,10.50943396226415,500.0,0.5743859649122807,0.5743859649122807,280.0,0.5,0.9505026555569454,0.7750248612449449,1.0,0.0082857142857142
16,20,2,2.5,1.0,0.97,0.05,200,100,0.6104977130889894,0.0498958333333333,0.914548640408796,0.5207547169811321,0.6522696146684578,10.41509433962264,500.0,0.5733333333333333,0.5733333333333333,296.6666666666667,0.3333333333333333,0.9501685581095514,0.7816948209806724,0.6666666666666666,0.0045714285714285
17,20,2,2.5,1.0,0.97,0.05,200,100,0.6104977130889894,0.0498958333333333,0.912731065949712,0.5179245283018867,0.6516855412142782,11.075471698113208,500.0,0.627719298245614,0.627719298245614,223.3333333333333,0.3333333333333333,0.9595604139205064,0.7685326493468045,1.0,0.0037142857142857
18,20,2,2.5,1.0,0.97,0.05,200,100,0.6104977130889894,0.0498958333333333,0.8653450653947178,0.4452830188679246,0.5777743953862632,12.660377358490566,500.0,0.588421052631579,0.588421052631579,296.6666666666667,0.5,0.944804176729239,0.6896768936799909,0.6666666666666666,0.0068571428571428
19,20,2,2.5,1.0,0.97,0.05,200,100,0.6104977130889894,0.0498958333333333,0.8867925316759944,0.4981132075471698,0.6315278722616678,11.433962264150944,500.0,0.6091228070175438,0.6091228070175438,200.0,0.1666666666666666,0.9596635813456746,0.754959987473353,0.6666666666666666,0.0077142857142857
0,20,2,5.0,0.1,0.9,0.1,200,100,0.6280102729797364,0.0498958333333333,0.9043616915407084,0.4566037735849056,0.5917964098058653,12.62264150943396,500.0,0.4887719298245613,0.4887719298245613,306.6666666666667,0.3333333333333333,0.951850254490874,0.7198490261233752,1.0,0.0042857142857142
1,20,2,5.0,0.1,0.9,0.1,200,100,0.6280102729797364,0.0498958333333333,0.8981905672943409,0.4150943396226415,0.5553225237719231,13.528301886792454,500.0,0.431578947368421,0.431578947368421,260.0,0.5,0.955920364561785,0.7005263189114983,1.0,0.004
2,20,2,5.0,0.1,0.9,0.1,200,100,0.6280102729797364,0.0498958333333333,0.8932214784002271,0.4905660377358491,0.6265368705640069,11.90566037735849,500.0,0.5663157894736842,0.5663157894736842,296.6666666666667,0.1666666666666666,0.9528041382429064,0.7643471497284384,1.0,0.004
3,20,2,5.0,0.1,0.9,0.1,200,100,0.6280102729797364,0.0498958333333333,0.8890815683268513,0.4764150943396226,0.6108177475346447,12.169811320754716,500.0,0.5157894736842106,0.5157894736842106,278.3333333333333,0.3333333333333333,0.9547064454985424,0.7344196995370507,0.6666666666666666,0.006
4,20,2,5.0,0.1,0.9,0.1,200,100,0.6280102729797364,0.0498958333333333,0.8804443378016292,0.519811320754717,0.6442409092047433,11.9811320754717,500.0,0.5887719298245614,0.5887719298245614,345.0,0.5,0.9536797023082176,0.7056230986187889,1.0,0.0057142857142857
5,20,2,5.0,0.1,0.9,0.1,200,100,0.6280102729797364,0.0498958333333333,0.8784457897340135,0.389622641509434,0.5320054510566636,13.962264150943396,500.0,0.4852631578947369,0.4852631578947369,276.6666666666667,0.5,0.9615363503410852,0.7274418516540179,1.0,0.0028571428571428
6,20,2,5.0,0.1,0.9,0.1,200,100,0.6280102729797364,0.0498958333333333,0.9051827248909856,0.5424528301886793,0.6717053085251802,11.11320754716981,500.0,0.6228070175438596,0.6228070175438596,333.3333333333333,0.5,0.9613618388769688,0.7501316649127951,0.6666666666666666,0.0051428571428571
7,20,2,5.0,0.1,0.9,0.1,200,100,0.6280102729797364,0.0498958333333333,0.8870336369787885,0.5075471698113206,0.6403072842126997,11.81132075471698,500.0,0.5856140350877194,0.5856140350877194,308.3333333333333,0.5,0.9603750733645714,0.752284970546403,0.3333333333333333,0.0062857142857142
8,20,2,5.0,0.1,0.9,0.1,200,100,0.6280102729797364,0.0498958333333333,0.9088409703504042,0.560377358490566,0.6829292193955113,10.39622641509434,500.0,0.6491228070175439,0.6491228070175439,300.0,0.5,0.9571603340613664,0.7698675152904914,0.6666666666666666,0.0022857142857142
9,20,2,5.0,0.1,0.9,0.1,200,100,0.6280102729797364,0.0498958333333333,0.920983102807316,0.4915094339622641,0.6278040458639579,11.58490566037736,500.0,0.4884210526315789,0.4884210526315789,170.0,0.1666666666666666,0.9655417432384324,0.7765487128296521,1.0,0.0025714285714285
10,20,2,5.0,0.1,0.9,0.1,200,100,0.6280102729797364,0.0498958333333333,0.8844465283144528,0.5122641509433963,0.6409390015837658,11.358490566037736,500.0,0.5459649122807018,0.5459649122807018,303.3333333333333,0.1666666666666666,0.9564361656066888,0.7698902523000786,1.0,0.0057142857142857
11,20,2,5.0,0.1,0.9,0.1,200,100,0.6280102729797364,0.0498958333333333,0.8976748200695278,0.5320754716981133,0.6567922116277595,10.9811320754717,500.0,0.6417543859649123,0.6417543859649123,310.0,0.5,0.9583175218650476,0.7771123807394208,0.6666666666666666,0.0037142857142857
12,20,2,5.0,0.1,0.9,0.1,200,100,0.6280102729797364,0.0498958333333333,0.8967634828483885,0.5283018867924529,0.6534202047952954,10.867924528301886,500.0,0.5796491228070176,0.5796491228070176,358.3333333333333,0.5,0.9620974329616196,0.7888335987530338,0.6666666666666666,0.006
13,20,2,5.0,0.1,0.9,0.1,200,100,0.6280102729797364,0.0498958333333333,0.9184438674533016,0.6037735849056605,0.7228377255191516,9.660377358490566,500.0,0.6480701754385966,0.6480701754385966,410.0,0.5,0.9594029326585396,0.7991659316555617,0.6666666666666666,0.004
14,20,2,5.0,0.1,0.9,0.1,200,100,0.6280102729797364,0.0498958333333333,0.9239647361963562,0.4849056603773585,0.6234334818121321,11.50943396226415,500.0,0.5631578947368421,0.5631578947368421,235.0,0.3333333333333333,0.9586773570473286,0.7768275536576346,1.0,0.002
15,20,2,5.0,0.1,0.9,0.1,200,100,0.6280102729797364,0.0498958333333333,0.9222919648280358,0.5443396226415095,0.676208122645904,10.09433962264151,500.0,0.5708771929824561,0.5708771929824561,285.0,0.5,0.9576822568385402,0.8046189718617217,1.0,0.0085714285714285
16,20,2,5.0,0.1,0.9,0.1,200,100,0.6280102729797364,0.0498958333333333,0.908584811415,0.5264150943396226,0.6571860422157336,10.433962264150944,500.0,0.5775438596491228,0.5775438596491228,313.3333333333333,0.5,0.954172399526618,0.7850157470531874,0.6666666666666666,0.0045714285714285
17,20,2,5.0,0.1,0.9,0.1,200,100,0.6280102729797364,0.0498958333333333,0.9156806662839386,0.5245283018867924,0.65888707861093,11.18867924528302,500.0,0.6350877192982455,0.6350877192982455,250.0,0.5,0.96305312076049,0.7620146808050898,0.6666666666666666,0.0037142857142857
18,20,2,5.0,0.1,0.9,0.1,200,100,0.6280102729797364,0.0498958333333333,0.8707006888097946,0.4443396226415095,0.580671130388127,12.81132075471698,500.0,0.5645614035087719,0.5645614035087719,280.0,0.5,0.9497540242271464,0.6990446258621529,0.3333333333333333,0.0068571428571428
19,20,2,5.0,0.1,0.9,0.1,200,100,0.6280102729797364,0.0498958333333333,0.8957748226616151,0.4915094339622641,0.6286205027309025,11.62264150943396,500.0,0.5989473684210527,0.5989473684210527,210.0,0.1666666666666666,0.9641496204285454,0.771920625225909,0.6666666666666666,0.0077142857142857
0,20,2,5.0,0.1,0.97,0.05,200,100,0.6280102729797364,0.0498958333333333,0.8877195810306735,0.4679245283018868,0.5992150716723105,12.566037735849056,500.0,0.5028070175438596,0.5028070175438596,281.6666666666667,0.3333333333333333,0.9486851505296682,0.7039130022363448,1.0,0.0042857142857142
1,20,2,5.0,0.1,0.97,0.05,200,100,0.6280102729797364,0.0498958333333333,0.8865688818519006,0.420754716981132,0.559901518828033,13.547169811320757,500.0,0.4424561403508771,0.4424561403508771,270.0,0.5,0.9522853665342096,0.6831775674691765,1.0,0.004
2,20,2,5.0,0.1,0.97,0.05,200,100,0.6280102729797364,0.0498958333333333,0.8798148116916736,0.4952830188679245,0.6276583091064485,11.9811320754717,500.0,0.5750877192982456,0.5750877192982456,288.3333333333333,0.1666666666666666,0.949543840743556,0.7426278725641204,1.0,0.004
3,20,2,5.0,0.1,0.97,0.05,200,100,0.6280102729797364,0.0498958333333333,0.8603397450373033,0.4764150943396227,0.6019366355418777,12.58490566037736,500.0,0.4722807017543859,0.4722807017543859,265.0,0.3333333333333333,0.9473084703607132,0.6917683761477342,0.6666666666666666,0.006
4,20,2,5.0,0.1,0.97,0.05,200,100,0.6280102729797364,0.0498958333333333,0.8610114666214305,0.5169811320754718,0.6359135179893063,12.358490566037736,500.0,0.5905263157894737,0.5905263157894737,346.6666666666667,0.5,0.9500840685826446,0.686601370052102,1.0,0.0057142857142857
5,20,2,5.0,0.1,0.97,0.05,200,100,0.6280102729797364,0.0498958333333333,0.8664977273142529,0.3952830188679246,0.5344796516194853,14.037735849056604,500.0,0.4884210526315789,0.4884210526315789,265.0,0.3333333333333333,0.9591021860236884,0.7036705716358622,1.0,0.0028571428571428
6,20,2,5.0,0.1,0.97,0.05,200,100,0.6280102729797364,0.0498958333333333,0.890223721322104,0.5330188679245284,0.6599685735685246,11.49056603773585,500.0,0.5933333333333334,0.5933333333333334,333.3333333333333,0.5,0.9596603821692822,0.7322106992282745,0.6666666666666666,0.0051428571428571
7,20,2,5.0,0.1,0.97,0.05,200,100,0.6280102729797364,0.0498958333333333,0.8736759255078693,0.4981132075471696,0.6283518624702132,12.132075471698114,500.0,0.5873684210526315,0.5873684210526315,315.0,0.5,0.9554559187168656,0.7275367282790848,0.3333333333333333,0.0062857142857142
8,20,2,5.0,0.1,0.97,0.05,200,100,0.6280102729797364,0.0498958333333333,0.9010444984168624,0.5603773584905661,0.6810614500331987,10.50943396226415,500.0,0.6442105263157895,0.6442105263157895,311.6666666666667,0.5,0.9562546905217784,0.7656954903330951,0.6666666666666666,0.0022857142857142
9,20,2,5.0,0.1,0.97,0.05,200,100,0.6280102729797364,0.0498958333333333,0.9077346374362092,0.4886792452830188,0.6212903284521407,11.830188679245284,500.0,0.5066666666666667,0.5066666666666667,173.33333333333334,0.1666666666666666,0.9634838068755832,0.7623329056944464,1.0,0.0025714285714285
10,20,2,5.0,0.1,0.97,0.05,200,100,0.6280102729797364,0.0498958333333333,0.8679089778146382,0.5066037735849057,0.6316413527468089,11.735849056603774,500.0,0.5631578947368422,0.5631578947368422,293.3333333333333,0.1666666666666666,0.9525027662051514,0.7456110356472686,1.0,0.0057142857142857
11,20,2,5.0,0.1,0.97,0.05,200,100,0.6280102729797364,0.0498958333333333,0.8969368054149583,0.5415094339622643,0.6639079324180543,10.90566037735849,500.0,0.6529824561403509,0.6529824561403509,295.0,0.5,0.9562234083496098,0.7692170723675344,0.6666666666666666,0.0037142857142857
12,20,2,5.0,0.1,0.97,0.05,200,100,0.6280102729797364,0.0498958333333333,0.8867325792963971,0.5273584905660377,0.6508648754939528,11.056603773584904,500.0,0.5484210526315789,0.5484210526315789,345.0,0.3333333333333333,0.9575689145892065,0.7546337898447327,0.6666666666666666,0.006
13,20,2,5.0,0.1,0.97,0.05,200,100,0.6280102729797364,0.0498958333333333,0.900844211266403,0.600943396226415,0.7154212679046568,9.924528301886792,500.0,0.66,0.66,415.0,0.5,0.9574960070429988,0.7871559837867447,0.6666666666666666,0.004
14,20,2,5.0,0.1,0.97,0.05,200,100,0.6280102729797364,0.0498958333333333,0.9221607749584328,0.4877358490566038,0.6247791110104008,11.471698113207546,500.0,0.5796491228070175,0.5796491228070175,231.66666666666663,0.3333333333333333,0.9563373519478896,0.7680771782323154,1.0,0.002
15,20,2,5.0,0.1,0.97,0.05,200,100,0.6280102729797364,0.0498958333333333,0.8900341021456447,0.5528301886792453,0.6737387823174219,10.41509433962264,500.0,0.5849122807017544,0.5849122807017544,280.0,0.5,0.9508254356171764,0.7655405682535878,1.0,0.0085714285714285
16,20,2,5.0,0.1,0.97,0.05,200,100,0.6280102729797364,0.0498958333333333,0.9083658479884896,0.5320754716981131,0.6615278799906744,10.339622641509434,500.0,0.5828070175438597,0.5828070175438597,300.0,0.3333333333333333,0.9502712805364996,0.7699213456398443,0.6666666666666666,0.0045714285714285
17,20,2,5.0,0.1,0.97,0.05,200,100,0.6280102729797364,0.0498958333333333,0.9022709627798956,0.530188679245283,0.657546997108944,11.283018867924527,500.0,0.643157894736842,0.643157894736842,221.66666666666663,0.3333333333333333,0.9598464395331608,0.7451186141531915,0.6666666666666666,0.0037142857142857
18,20,2,5.0,0.1,0.97,0.05,200,100,0.6280102729797364,0.0498958333333333,0.8583694665729121,0.4452830188679245,0.5769088169459371,12.962264150943396,500.0,0.5859649122807018,0.5859649122807018,301.6666666666667,0.5,0.9444221036629368,0.6726499918251919,0.3333333333333333,0.0068571428571428
19,20,2,5.0,0.1,0.97,0.05,200,100,0.6280102729797364,0.0498958333333333,0.874690755045916,0.5037735849056604,0.6337244697470819,11.69811320754717,500.0,0.6182456140350877,0.6182456140350877,193.3333333333333,0.1666666666666666,0.9588013431730056,0.7409169837478218,0.6666666666666666,0.0077142857142857
0,20,2,5.0,1.0,0.9,0.05,200,100,0.6104977130889894,0.0498958333333333,0.879262036834033,0.4575471698113208,0.5862791710857589,12.735849056603774,500.0,0.4926315789473685,0.4926315789473685,300.0,0.3333333333333333,0.9472989329664304,0.7094477029328515,1.0,0.0042857142857142
1,20,2,5.0,1.0,0.9,0.05,200,100,0.6104977130889894,0.0498958333333333,0.8714190763206349,0.4226415094339621,0.5560248366092696,13.433962264150944,500.0,0.4410526315789473,0.4410526315789473,261.6666666666667,0.5,0.9496302906680264,0.6741826456930106,1.0,0.004
2,20,2,5.0,1.0,0.9,0.05,200,100,0.6104977130889894,0.0498958333333333,0.8750467299995601,0.4896226415094339,0.6211786691092808,11.962264150943396,500.0,0.5680701754385965,0.5680701754385965,271.6666666666667,0.3333333333333333,0.9466162575890236,0.7310179724335266,1.0,0.004
3,20,2,5.0,1.0,0.9,0.05,200,100,0.6104977130889894,0.0498958333333333,0.8266251480874122,0.4707547169811321,0.5889588012486834,12.943396226415096,500.0,0.4712280701754386,0.4712280701754386,258.3333333333333,0.3333333333333333,0.944814159121742,0.668904228470646,0.6666666666666666,0.0057142857142857
4,20,2,5.0,1.0,0.9,0.05,200,100,0.6104977130889894,0.0498958333333333,0.8299838250445065,0.5141509433962265,0.6213605401163089,12.773584905660377,500.0,0.5863157894736842,0.5863157894736842,346.6666666666667,0.5,0.9471530817930782,0.6830225880727391,1.0,0.0057142857142857
5,20,2,5.0,1.0,0.9,0.05,200,100,0.6104977130889894,0.0498958333333333,0.8545225118586588,0.3952830188679245,0.5335137284373396,14.0,500.0,0.4863157894736842,0.4863157894736842,261.6666666666667,0.3333333333333333,0.958273912039487,0.6953236373473358,1.0,0.0025714285714285
6,20,2,5.0,1.0,0.9,0.05,200,100,0.6104977130889894,0.0498958333333333,0.8657278014804739,0.5273584905660379,0.6485370725586024,11.641509433962264,500.0,0.5796491228070175,0.5796491228070175,325.0,0.3333333333333333,0.9556054741997247,0.7241720386684674,0.6666666666666666,0.0054285714285714
7,20,2,5.0,1.0,0.9,0.05,200,100,0.6104977130889894,0.0498958333333333,0.8601024622805977,0.5066037735849055,0.6316427759364052,11.88679245283019,500.0,0.5933333333333334,0.5933333333333334,313.3333333333333,0.5,0.9566250853915504,0.7340309223211392,0.6666666666666666,0.0062857142857142
8,20,2,5.0,1.0,0.9,0.05,200,100,0.6104977130889894,0.0498958333333333,0.9017527838421292,0.560377358490566,0.6828693761906207,10.30188679245283,500.0,0.6407017543859649,0.6407017543859649,315.0,0.5,0.9567455355854252,0.7804437412218461,0.6666666666666666,0.0025714285714285
9,20,2,5.0,1.0,0.9,0.05,200,100,0.6104977130889894,0.0498958333333333,0.8926481414134023,0.480188679245283,0.6107622845124497,11.88679245283019,500.0,0.5,0.5,165.0,0.1666666666666666,0.962371094839945,0.7605008776560663,1.0,0.0025714285714285
10,20,2,5.0,1.0,0.9,0.05,200,100,0.6104977130889894,0.0498958333333333,0.8518203315497258,0.5056603773584906,0.6258845381213859,11.830188679245284,500.0,0.5519298245614035,0.5519298245614035,246.66666666666663,0.1666666666666666,0.9502699816227762,0.7334153381595205,1.0,0.0057142857142857
11,20,2,5.0,1.0,0.9,0.05,200,100,0.6104977130889894,0.0498958333333333,0.8794162864253116,0.530188679245283,0.6531749832960525,10.9811320754717,500.0,0.6371929824561403,0.6371929824561403,300.0,0.5,0.955332161103788,0.766436510474605,0.6666666666666666,0.0037142857142857
12,20,2,5.0,1.0,0.9,0.05,200,100,0.6104977130889894,0.0498958333333333,0.8569236950618749,0.519811320754717,0.6358336443002368,11.660377358490566,500.0,0.5350877192982456,0.5350877192982456,321.6666666666667,0.3333333333333333,0.9549712194394464,0.7265616549321102,0.6666666666666666,0.0054285714285714
13,20,2,5.0,1.0,0.9,0.05,200,100,0.6104977130889894,0.0498958333333333,0.8886879931311558,0.6122641509433963,0.7202059264107257,9.830188679245284,500.0,0.6519298245614035,0.6519298245614035,421.6666666666667,0.5,0.955897765868396,0.788292220373894,0.6666666666666666,0.0037142857142857
14,20,2,5.0,1.0,0.9,0.05,200,100,0.6104977130889894,0.0498958333333333,0.9067378428459556,0.4792452830188679,0.6135254362888511,11.49056603773585,500.0,0.5814035087719299,0.5814035087719299,223.3333333333333,0.1666666666666666,0.9534462105394822,0.7673259866487431,1.0,0.002
15,20,2,5.0,1.0,0.9,0.05,200,100,0.6104977130889894,0.0498958333333333,0.8525934312100267,0.5424528301886793,0.6555397691052333,10.9811320754717,500.0,0.5691228070175439,0.5691228070175439,270.0,0.5,0.9461936054958484,0.7435875551877227,1.0,0.0082857142857142
16,20,2,5.0,1.0,0.9,0.05,200,100,0.6104977130889894,0.0498958333333333,0.8830983297132021,0.5273584905660377,0.6519005999383323,10.660377358490566,500.0,0.5740350877192983,0.5740350877192983,288.3333333333333,0.3333333333333333,0.947799002722908,0.7601484977899546,0.6666666666666666,0.0045714285714285
17,20,2,5.0,1.0,0.9,0.05,200,100,0.6104977130889894,0.0498958333333333,0.8838575824841085,0.5254716981132075,0.6497389423982851,11.30188679245283,500.0,0.6298245614035088,0.6298245614035088,186.66666666666663,0.1666666666666666,0.9566140927328184,0.7445637976834109,1.0,0.0037142857142857
18,20,2,5.0,1.0,0.9,0.05,200,100,0.6104977130889894,0.0498958333333333,0.8251088864792937,0.45,0.5736142052564857,13.09433962264151,500.0,0.6080701754385965,0.6080701754385965,301.6666666666667,0.5,0.9418796123464156,0.6577709626464603,0.6666666666666666,0.0068571428571428
19,20,2,5.0,1.0,0.9,0.05,200,100,0.6104977130889894,0.0498958333333333,0.86718949936486,0.5150943396226415,0.6395569877078261,11.547169811320757,500.0,0.624561403508772,0.624561403508772,191.66666666666663,0.1666666666666666,0.956056425774297,0.7225305270390946,0.6666666666666666,0.0077142857142857
0,20,2,5.0,1.0,0.97,0.1,200,100,0.6104977130889894,0.0498958333333333,0.9124810191096188,0.4433962264150943,0.5812097848246185,12.60377358490566,500.0,0.4733333333333333,0.4733333333333333,315.0,0.5,0.955145718876584,0.7529660084106939,1.0,0.0042857142857142
1,20,2,5.0,1.0,0.97,0.1,200,100,0.6104977130889894,0.0498958333333333,0.9085471997695131,0.3981132075471698,0.5409335189917914,13.39622641509434,500.0,0.411578947368421,0.411578947368421,250.0,0.5,0.9574923027334916,0.735641601137398,1.0,0.004
2,20,2,5.0,1.0,0.97,0.1,200,100,0.6104977130889894,0.0498958333333333,0.917901438184457,0.4660377358490566,0.6114199510195801,11.88679245283019,500.0,0.5487719298245614,0.5487719298245614,321.6666666666667,0.3333333333333333,0.9550540011353468,0.7910948432038131,1.0,0.004
3,20,2,5.0,1.0,0.97,0.1,200,100,0.6104977130889894,0.0498958333333333,0.914168108271882,0.4537735849056604,0.5966331110694196,12.0,500.0,0.4880701754385965,0.4880701754385965,280.0,0.5,0.959618913145969,0.7767730390050641,0.6666666666666666,0.0057142857142857
4,20,2,5.0,1.0,0.97,0.1,200,100,0.6104977130889894,0.0498958333333333,0.8874874552011067,0.5047169811320755,0.6324868696408399,11.81132075471698,500.0,0.5673684210526316,0.5673684210526316,341.6666666666667,0.5,0.9555207200792818,0.7427616813044466,1.0,0.0057142857142857
5,20,2,5.0,1.0,0.97,0.1,200,100,0.6104977130889894,0.0498958333333333,0.8945102233086345,0.3716981132075472,0.5169187805639209,13.849056603773583,500.0,0.4659649122807017,0.4659649122807017,273.3333333333333,0.5,0.9630889972386056,0.7620543810765288,1.0,0.0025714285714285
6,20,2,5.0,1.0,0.97,0.1,200,100,0.6104977130889894,0.0498958333333333,0.9147548991888615,0.5245283018867924,0.6592366596230831,10.9811320754717,500.0,0.607719298245614,0.607719298245614,326.6666666666667,0.5,0.962401426880779,0.7790516117292402,0.6666666666666666,0.0054285714285714
7,20,2,5.0,1.0,0.97,0.1,200,100,0.6104977130889894,0.0498958333333333,0.8986743340516925,0.4783018867924527,0.6175700932204092,11.773584905660377,500.0,0.5656140350877193,0.5656140350877193,305.0,0.5,0.9589880981016616,0.7747687503722327,0.6666666666666666,0.0062857142857142
8,20,2,5.0,1.0,0.97,0.1,200,100,0.6104977130889894,0.0498958333333333,0.9172817748289448,0.5481132075471699,0.6739886699750568,10.339622641509434,500.0,0.6403508771929824,0.6403508771929824,298.3333333333333,0.5,0.9585766070449232,0.7989177604760095,0.6666666666666666,0.0025714285714285
9,20,2,5.0,1.0,0.97,0.1,200,100,0.6104977130889894,0.0498958333333333,0.9315865476242834,0.4783018867924528,0.6185360580952675,11.41509433962264,500.0,0.4782456140350877,0.4782456140350877,183.3333333333333,0.1666666666666666,0.9671488362695198,0.8061292362127823,1.0,0.0025714285714285
10,20,2,5.0,1.0,0.97,0.1,200,100,0.6104977130889894,0.0498958333333333,0.896798903402677,0.4971698113207547,0.6298909722640136,11.245283018867925,500.0,0.5301754385964913,0.5301754385964913,323.3333333333333,0.3333333333333333,0.9577900426236132,0.7977978207265826,1.0,0.0057142857142857
11,20,2,5.0,1.0,0.97,0.1,200,100,0.6104977130889894,0.0498958333333333,0.9237452013395412,0.5122641509433963,0.644858412454019,10.773584905660377,500.0,0.6315789473684211,0.6315789473684211,308.3333333333333,0.5,0.9595270029730693,0.8138970014739956,0.6666666666666666,0.0037142857142857
12,20,2,5.0,1.0,0.97,0.1,200,100,0.6104977130889894,0.0498958333333333,0.904790963753228,0.5150943396226415,0.6467571442484381,10.81132075471698,500.0,0.5754385964912281,0.5754385964912281,353.3333333333333,0.5,0.9635496906661022,0.8153962688182991,0.6666666666666666,0.0054285714285714
13,20,2,5.0,1.0,0.97,0.1,200,100,0.6104977130889894,0.0498958333333333,0.9254124020633454,0.5716981132075473,0.6969849659072072,10.0,500.0,0.6424561403508772,0.6424561403508772,400.0,0.5,0.9589612418577352,0.8197664082919779,0.6666666666666666,0.0037142857142857
14,20,2,5.0,1.0,0.97,0.1,200,100,0.6104977130889894,0.0498958333333333,0.9256003220857932,0.4679245283018868,0.6068166457229818,11.50943396226415,500.0,0.5480701754385965,0.5480701754385965,231.66666666666663,0.3333333333333333,0.9583780175690108,0.7979456903345515,1.0,0.002
15,20,2,5.0,1.0,0.97,0.1,200,100,0.6104977130889894,0.0498958333333333,0.9385399715588394,0.5141509433962265,0.6554584596844988,10.320754716981131,500.0,0.5575438596491228,0.5575438596491228,290.0,0.5,0.959112360847854,0.8312495469970745,1.0,0.0082857142857142
16,20,2,5.0,1.0,0.97,0.1,200,100,0.6104977130889894,0.0498958333333333,0.9275846609919862,0.5047169811320754,0.6383572618247632,10.58490566037736,500.0,0.567719298245614,0.567719298245614,311.6666666666667,0.5,0.9550932812484966,0.8113613070666266,0.6666666666666666,0.0045714285714285
17,20,2,5.0,1.0,0.97,0.1,200,100,0.6104977130889894,0.0498958333333333,0.9313285062452656,0.5094339622641509,0.6493447770104284,11.0,500.0,0.6221052631578947,0.6221052631578947,250.0,0.5,0.9640865148701568,0.7983124061035687,1.0,0.0037142857142857
18,20,2,5.0,1.0,0.97,0.1,200,100,0.6104977130889894,0.0498958333333333,0.9016414733892392,0.4292452830188679,0.5715181564993087,12.58490566037736,500.0,0.5547368421052631,0.5547368421052631,278.3333333333333,0.5,0.9511780666390848,0.7396299087083064,0.6666666666666666,0.0068571428571428
19,20,2,5.0,1.0,0.97,0.1,200,100,0.6104977130889894,0.0498958333333333,0.9083657327996952,0.4773584905660378,0.6183840767856564,11.49056603773585,500.0,0.588421052631579,0.588421052631579,233.3333333333333,0.1666666666666666,0.9664946167242358,0.8060165556086475,0.6666666666666666,0.0077142857142857
0,20,4,2.5,0.1,0.9,0.05,200,100,1.3661605119705202,0.0498958333333333,0.6524020424576841,0.5103773584905661,0.553573122655672,15.49056603773585,500.0,0.4908771929824562,0.4908771929824562,250.0,0.1666666666666666,0.9318260590957635,0.5485837378758873,1.0,0.0048571428571428
1,20,4,2.5,0.1,0.9,0.05,200,100,1.3661605119705202,0.0498958333333333,0.6747639680780569,0.4433962264150944,0.5010409444731962,16.88679245283019,500.0,0.5298245614035088,0.5298245614035088,243.3333333333333,0.3333333333333333,0.9287265456271508,0.488451063743414,1.0,0.0034285714285714
2,20,4,2.5,0.1,0.9,0.05,200,100,1.3661605119705202,0.0498958333333333,0.78566437108335,0.5103773584905661,0.6006166758017477,12.452830188679243,500.0,0.556140350877193,0.556140350877193,243.3333333333333,0.1666666666666666,0.9449781535540523,0.6557443675217687,0.6666666666666666,0.0037142857142857
3,20,4,2.5,0.1,0.9,0.05,200,100,1.3661605119705202,0.0498958333333333,0.6109521457811455,0.5141509433962265,0.5433300881123797,17.07547169811321,500.0,0.5273684210526316,0.5273684210526316,270.0,0.1666666666666666,0.9322805446778212,0.5474604109771444,1.0,0.006
4,20,4,2.5,0.1,0.9,0.05,200,100,1.3661605119705202,0.0498958333333333,0.7712287269717419,0.4858490566037736,0.5756801696103718,13.62264150943396,500.0,0.5635087719298245,0.5635087719298245,280.0,0.5,0.9429147442743564,0.6312871226276332,1.0,0.0048571428571428
5,20,4,2.5,0.1,0.9,0.05,200,100,1.3661605119705202,0.0498958333333333,0.6412935433878936,0.4754716981132075,0.5187237935447874,16.60377358490566,500.0,0.572280701754386,0.572280701754386,293.3333333333333,0.0,0.9368451880859144,0.5488810514546631,1.0,0.0045714285714285
6,20,4,2.5,0.1,0.9,0.05,200,100,1.3661605119705202,0.0498958333333333,0.7580967200556502,0.5462264150943397,0.6193304010864533,12.754716981132075,500.0,0.609122807017544,0.609122807017544,278.3333333333333,0.3333333333333333,0.9461716150468732,0.6750741056422829,1.0,0.0045714285714285
7,20,4,2.5,0.1,0.9,0.05,200,100,1.3661605119705202,0.0498958333333333,0.682760192293776,0.5018867924528302,0.5648479519855537,14.716981132075473,500.0,0.6235087719298246,0.6235087719298246,333.3333333333333,0.5,0.9398803014121276,0.6003241522201863,0.6666666666666666,0.0048571428571428
8,20,4,2.5,0.1,0.9,0.05,200,100,1.3661605119705202,0.0498958333333333,0.7982138754126146,0.4858490566037736,0.590589915105584,12.69811320754717,500.0,0.6070175438596491,0.6070175438596491,278.3333333333333,0.5,0.9519696036549188,0.6802175045497294,0.6666666666666666,0.0034285714285714
9,20,4,2.5,0.1,0.9,0.05,200,100,1.3661605119705202,0.0498958333333333,0.7208856311425094,0.4669811320754717,0.5440988215921665,14.547169811320757,500.0,0.5473684210526316,0.5473684210526316,195.0,0.1666666666666666,0.950438085914323,0.5965349520779414,0.6666666666666666,0.0045714285714285
10,20,4,2.5,0.1,0.9,0.05,200,100,1.3661605119705202,0.0498958333333333,0.7521469901771027,0.5198113207547169,0.5741028954294408,13.11320754716981,500.0,0.5624561403508772,0.5624561403508772,171.66666666666666,0.0,0.9344163878011156,0.6216192455730448,1.0,0.0048571428571428
11,20,4,2.5,0.1,0.9,0.05,200,100,1.3661605119705202,0.0498958333333333,0.611077851228369,0.4330188679245282,0.4785369530396985,17.88679245283019,500.0,0.495438596491228,0.495438596491228,295.0,0.3333333333333333,0.9262423163640678,0.4846506085689703,1.0,0.0048571428571428
12,20,4,2.5,0.1,0.9,0.05,200,100,1.3661605119705202,0.0498958333333333,0.7689864402785719,0.5556603773584905,0.6178852763437815,12.50943396226415,500.0,0.6189473684210526,0.6189473684210526,305.0,0.3333333333333333,0.9468000711997152,0.6617200800981445,1.0,0.0034285714285714
13,20,4,2.5,0.1,0.9,0.05,200,100,1.3661605119705202,0.0498958333333333,0.6790782895496564,0.5349056603773585,0.5670076231299311,16.245283018867923,500.0,0.5954385964912281,0.5954385964912281,350.0,0.5,0.929402491990032,0.5430458782662719,0.6666666666666666,0.0082857142857142
14,20,4,2.5,0.1,0.9,0.05,200,100,1.3661605119705202,0.0498958333333333,0.6982604337022748,0.4745283018867926,0.5460654921075523,14.358490566037736,500.0,0.5733333333333334,0.5733333333333334,206.66666666666663,0.1666666666666666,0.940110116292868,0.610707816204879,1.0,0.004
15,20,4,2.5,0.1,0.9,0.05,200,100,1.3661605119705202,0.0498958333333333,0.6656022022601615,0.5084905660377358,0.5458817463760413,15.58490566037736,500.0,0.6168421052631579,0.6168421052631579,310.0,0.5,0.9323637474783434,0.5747876705893601,1.0,0.0054285714285714
16,20,4,2.5,0.1,0.9,0.05,200,100,1.3661605119705202,0.0498958333333333,0.6363192825859184,0.5613207547169811,0.5799463825464994,15.528301886792454,500.0,0.6182456140350877,0.6182456140350877,288.3333333333333,0.3333333333333333,0.9366450516197936,0.5776630255329506,0.6666666666666666,0.008
17,20,4,2.5,0.1,0.9,0.05,200,100,1.3661605119705202,0.0498958333333333,0.7578824628973588,0.3990566037735848,0.4950969682635566,14.58490566037736,500.0,0.4866666666666666,0.4866666666666666,193.3333333333333,0.1666666666666666,0.9374134745461018,0.5728333222897553,1.0,0.0037142857142857
18,20,4,2.5,0.1,0.9,0.05,200,100,1.3661605119705202,0.0498958333333333,0.7230209548744511,0.3867924528301887,0.4958380660116414,15.245283018867925,500.0,0.423157894736842,0.423157894736842,280.0,0.1666666666666666,0.9418768126260828,0.5521994342403272,1.0,0.0022857142857142
19,20,4,2.5,0.1,0.9,0.05,200,100,1.3661605119705202,0.0498958333333333,0.7876902447657165,0.4160377358490565,0.5250513605175158,13.433962264150944,500.0,0.5287719298245613,0.5287719298245613,226.66666666666663,0.3333333333333333,0.952589391242435,0.6466078000878396,1.0,0.0028571428571428
0,20,4,2.5,0.1,0.97,0.1,200,100,1.3661605119705202,0.0498958333333333,0.8681707320303326,0.510377358490566,0.6288774609734883,10.566037735849056,500.0,0.4905263157894737,0.4905263157894737,318.3333333333333,0.3333333333333333,0.948126676159962,0.765285914711359,1.0,0.0048571428571428
1,20,4,2.5,0.1,0.97,0.1,200,100,1.3661605119705202,0.0498958333333333,0.8025403379454433,0.4349056603773585,0.5525069049838063,12.20754716981132,500.0,0.531578947368421,0.531578947368421,266.6666666666667,0.5,0.9495217693129228,0.700809196769022,1.0,0.0034285714285714
2,20,4,2.5,0.1,0.97,0.1,200,100,1.3661605119705202,0.0498958333333333,0.9167321148453224,0.5028301886792453,0.6351029071306504,10.245283018867925,500.0,0.5592982456140351,0.5592982456140351,271.6666666666667,0.1666666666666666,0.9560990981369408,0.8044404760982277,0.6666666666666666,0.0037142857142857
3,20,4,2.5,0.1,0.97,0.1,200,100,1.3661605119705202,0.0498958333333333,0.8818020507670897,0.4971698113207547,0.6238335926382671,10.754716981132075,500.0,0.5273684210526316,0.5273684210526316,286.6666666666667,0.1666666666666666,0.9496618725525098,0.7650853243559337,1.0,0.006
4,20,4,2.5,0.1,0.97,0.1,200,100,1.3661605119705202,0.0498958333333333,0.9329070300768412,0.4452830188679245,0.5838881451646506,11.264150943396226,500.0,0.536140350877193,0.536140350877193,278.3333333333333,0.5,0.9549019342589296,0.796485193247336,1.0,0.0048571428571428
5,20,4,2.5,0.1,0.97,0.1,200,100,1.3661605119705202,0.0498958333333333,0.8168335887814243,0.4886792452830188,0.6014064370888982,11.09433962264151,500.0,0.5771929824561404,0.5771929824561404,300.0,0.1666666666666666,0.9526523911237688,0.7640237112748546,1.0,0.0045714285714285
6,20,4,2.5,0.1,0.97,0.1,200,100,1.3661605119705202,0.0498958333333333,0.9178378487340751,0.5452830188679245,0.6681975118075013,9.547169811320757,500.0,0.6214035087719298,0.6214035087719298,290.0,0.3333333333333333,0.9537678414619676,0.827904912053752,1.0,0.0045714285714285
7,20,4,2.5,0.1,0.97,0.1,200,100,1.3661605119705202,0.0498958333333333,0.875619872789684,0.441509433962264,0.5803815042717686,11.641509433962264,500.0,0.5715789473684211,0.5715789473684211,306.6666666666667,0.5,0.951106111308888,0.7519867804474812,0.6666666666666666,0.0048571428571428
8,20,4,2.5,0.1,0.97,0.1,200,100,1.3661605119705202,0.0498958333333333,0.8890433712298307,0.4679245283018868,0.6007225295958718,11.18867924528302,500.0,0.6087719298245614,0.6087719298245614,273.3333333333333,0.5,0.9558709623828172,0.8007814084220053,0.6666666666666666,0.0034285714285714
9,20,4,2.5,0.1,0.97,0.1,200,100,1.3661605119705202,0.0498958333333333,0.8994268079312475,0.4443396226415095,0.5741753827146472,11.58490566037736,500.0,0.5214035087719298,0.5214035087719298,208.3333333333333,0.1666666666666666,0.960526082829002,0.794556843935237,0.6666666666666666,0.0045714285714285
10,20,4,2.5,0.1,0.97,0.1,200,100,1.3661605119705202,0.0498958333333333,0.9035061775072872,0.5066037735849057,0.6200072770649836,10.18867924528302,500.0,0.5466666666666666,0.5466666666666666,311.6666666666667,0.3333333333333333,0.9486447549543136,0.7765085502888346,1.0,0.0048571428571428
11,20,4,2.5,0.1,0.97,0.1,200,100,1.3661605119705202,0.0498958333333333,0.8344962165716883,0.4179245283018867,0.5479653234304758,12.471698113207546,500.0,0.4901754385964912,0.4901754385964912,315.0,0.3333333333333333,0.9491602112258216,0.7312642697309146,1.0,0.0048571428571428
12,20,4,2.5,0.1,0.97,0.1,200,100,1.3661605119705202,0.0498958333333333,0.9167776174990384,0.5339622641509433,0.6536637009774322,9.735849056603774,500.0,0.6024561403508771,0.6024561403508771,296.6666666666667,0.5,0.9538576124362168,0.814585755024727,1.0,0.0034285714285714
13,20,4,2.5,0.1,0.97,0.1,200,100,1.3661605119705202,0.0498958333333333,0.8848399766663101,0.5075471698113209,0.6282414060798485,10.943396226415096,500.0,0.5880701754385965,0.5880701754385965,358.3333333333333,0.5,0.9474655274712236,0.746229847957886,0.6666666666666666,0.0082857142857142
14,20,4,2.5,0.1,0.97,0.1,200,100,1.3661605119705202,0.0498958333333333,0.879227507293545,0.4415094339622641,0.5731880555966019,11.452830188679243,500.0,0.5557894736842105,0.5557894736842105,235.0,0.1666666666666666,0.9538404177049958,0.7698099121533541,1.0,0.004
15,20,4,2.5,0.1,0.97,0.1,200,100,1.3661605119705202,0.0498958333333333,0.856908791356627,0.490566037735849,0.6047219369624551,10.90566037735849,500.0,0.603859649122807,0.603859649122807,303.3333333333333,0.5,0.9485344250622998,0.7583844075690457,1.0,0.0054285714285714
16,20,4,2.5,0.1,0.97,0.1,200,100,1.3661605119705202,0.0498958333333333,0.8406752073241062,0.5443396226415095,0.650730517636446,9.90566037735849,500.0,0.6221052631578946,0.6221052631578946,295.0,0.5,0.950556912305684,0.7864408383849721,0.6666666666666666,0.008
17,20,4,2.5,0.1,0.97,0.1,200,100,1.3661605119705202,0.0498958333333333,0.908182907239511,0.4018867924528302,0.5411121591472463,12.11320754716981,500.0,0.4943859649122806,0.4943859649122806,241.66666666666663,0.3333333333333333,0.9503275720897116,0.762026245489634,1.0,0.0037142857142857
18,20,4,2.5,0.1,0.97,0.1,200,100,1.3661605119705202,0.0498958333333333,0.8927815894797028,0.3575471698113207,0.5026926095196282,13.18867924528302,500.0,0.4203508771929824,0.4203508771929824,276.6666666666667,0.3333333333333333,0.9536887326450694,0.737371267366826,1.0,0.0022857142857142
19,20,4,2.5,0.1,0.97,0.1,200,100,1.3661605119705202,0.0498958333333333,0.8884464592011763,0.4113207547169811,0.5458592861577805,12.056603773584904,500.0,0.5108771929824562,0.5108771929824562,231.66666666666663,0.3333333333333333,0.961186483920731,0.7838959203023484,1.0,0.0028571428571428
0,20,4,2.5,1.0,0.9,0.1,200,100,1.0150883197784426,0.0498958333333333,0.7668819331247552,0.5075471698113208,0.5992023619685934,11.962264150943396,500.0,0.4821052631578947,0.4821052631578947,291.6666666666667,0.3333333333333333,0.9439299038803844,0.6814615437134164,0.6666666666666666,0.0068571428571428
1,20,4,2.5,1.0,0.9,0.1,200,100,1.0150883197784426,0.0498958333333333,0.7998576853467616,0.4198113207547171,0.5342323158043799,12.735849056603774,500.0,0.5273684210526316,0.5273684210526316,265.0,0.5,0.9476042601162928,0.670943112978083,1.0,0.0037142857142857
2,20,4,2.5,1.0,0.9,0.1,200,100,1.0150883197784426,0.0498958333333333,0.8430266329720153,0.4867924528301887,0.6037585001514975,11.39622641509434,500.0,0.5305263157894736,0.5305263157894736,248.3333333333333,0.1666666666666666,0.9517322890708436,0.731783372978442,1.0,0.0042857142857142
3,20,4,2.5,1.0,0.9,0.1,200,100,1.0150883197784426,0.0498958333333333,0.869576036132932,0.5066037735849056,0.6247374476503484,10.88679245283019,500.0,0.5529824561403509,0.5529824561403509,295.0,0.3333333333333333,0.9489657766702266,0.7454766264726247,1.0,0.0054285714285714
4,20,4,2.5,1.0,0.9,0.1,200,100,1.0150883197784426,0.0498958333333333,0.8770388677737999,0.4452830188679245,0.5759639010755605,12.0188679245283,500.0,0.5252631578947368,0.5252631578947368,270.0,0.3333333333333333,0.9539201554527116,0.7341490230039841,1.0,0.0045714285714285
5,20,4,2.5,1.0,0.9,0.1,200,100,1.0150883197784426,0.0498958333333333,0.7159620445238764,0.4679245283018868,0.5559385386660648,13.0188679245283,500.0,0.5508771929824562,0.5508771929824562,298.3333333333333,0.0,0.9490304616114869,0.649804763545582,1.0,0.0068571428571428
6,20,4,2.5,1.0,0.9,0.1,200,100,1.0150883197784426,0.0498958333333333,0.9037221872959942,0.5349056603773585,0.6485702575720944,10.132075471698114,500.0,0.611578947368421,0.611578947368421,293.3333333333333,0.3333333333333333,0.9510594873620506,0.7816011036900933,1.0,0.0045714285714285
7,20,4,2.5,1.0,0.9,0.1,200,100,1.0150883197784426,0.0498958333333333,0.7593429531311418,0.4490566037735849,0.5525624042658608,13.339622641509434,500.0,0.5764912280701754,0.5764912280701754,320.0,0.5,0.9441081939005578,0.638075648791393,1.0,0.0054285714285714
8,20,4,2.5,1.0,0.9,0.1,200,100,1.0150883197784426,0.0498958333333333,0.8216859784262963,0.4556603773584906,0.5736643155255862,11.81132075471698,500.0,0.6143859649122807,0.6143859649122807,275.0,0.5,0.9521348759938294,0.7381328734696673,0.6666666666666666,0.0042857142857142
9,20,4,2.5,1.0,0.9,0.1,200,100,1.0150883197784426,0.0498958333333333,0.8983251549289285,0.4066037735849057,0.539165201326251,12.245283018867925,500.0,0.4673684210526316,0.4673684210526316,171.66666666666666,0.1666666666666666,0.9575908805031448,0.7691202079255494,1.0,0.0037142857142857
10,20,4,2.5,1.0,0.9,0.1,200,100,1.0150883197784426,0.0498958333333333,0.8426737318362629,0.5037735849056604,0.6009337528094134,11.37735849056604,500.0,0.5021052631578947,0.5021052631578947,181.66666666666663,0.0,0.9386619674854634,0.7024969073916837,1.0,0.004
11,20,4,2.5,1.0,0.9,0.1,200,100,1.0150883197784426,0.0498958333333333,0.8048313308119663,0.4084905660377358,0.5280329741228741,13.169811320754716,500.0,0.4733333333333333,0.4733333333333333,258.3333333333333,0.1666666666666666,0.946590043906491,0.6788266755970184,1.0,0.004
12,20,4,2.5,1.0,0.9,0.1,200,100,1.0150883197784426,0.0498958333333333,0.8468876123908542,0.5056603773584907,0.6071253396074191,11.433962264150944,500.0,0.5701754385964912,0.5701754385964912,301.6666666666667,0.5,0.9486237510383292,0.7268987904506,1.0,0.0042857142857142
13,20,4,2.5,1.0,0.9,0.1,200,100,1.0150883197784426,0.0498958333333333,0.845312248875541,0.4952830188679245,0.6043798115398529,11.773584905660377,500.0,0.5764912280701754,0.5764912280701754,383.3333333333333,0.5,0.9446387148451406,0.6947246013169027,1.0,0.0054285714285714
14,20,4,2.5,1.0,0.9,0.1,200,100,1.0150883197784426,0.0498958333333333,0.8263057187213094,0.4254716981132076,0.5498568744781395,12.471698113207546,500.0,0.519298245614035,0.519298245614035,228.3333333333333,0.1666666666666666,0.9504972350777264,0.7136788384488063,1.0,0.0031428571428571
15,20,4,2.5,1.0,0.9,0.1,200,100,1.0150883197784426,0.0498958333333333,0.8414283967974312,0.499056603773585,0.6066971194024161,10.9811320754717,500.0,0.5989473684210527,0.5989473684210527,301.6666666666667,0.5,0.9476297140144772,0.7385897919136964,1.0,0.0042857142857142
16,20,4,2.5,1.0,0.9,0.1,200,100,1.0150883197784426,0.0498958333333333,0.8230461839923549,0.5339622641509434,0.6352213027460196,10.679245283018869,500.0,0.6017543859649123,0.6017543859649123,290.0,0.5,0.9491664768007596,0.744566732085523,0.3333333333333333,0.0045714285714285
17,20,4,2.5,1.0,0.9,0.1,200,100,1.0150883197784426,0.0498958333333333,0.7779654831541623,0.4169811320754716,0.5327860664855969,12.9811320754717,500.0,0.4898245614035088,0.4898245614035088,238.3333333333333,0.1666666666666666,0.9457603654918714,0.6673225391322817,1.0,0.0045714285714285
18,20,4,2.5,1.0,0.9,0.1,200,100,1.0150883197784426,0.0498958333333333,0.7929326161568114,0.3556603773584904,0.484233371670566,14.11320754716981,500.0,0.4126315789473684,0.4126315789473684,288.3333333333333,0.5,0.9472213421146316,0.635616219194238,1.0,0.004
19,20,4,2.5,1.0,0.9,0.1,200,100,1.0150883197784426,0.0498958333333333,0.8587698203264242,0.4367924528301886,0.5665216991707178,12.339622641509434,500.0,0.503859649122807,0.503859649122807,236.66666666666663,0.3333333333333333,0.9612594636288122,0.7268269823689794,1.0,0.0048571428571428
0,20,4,2.5,1.0,0.97,0.05,200,100,1.0150883197784426,0.0498958333333333,0.6947478654611534,0.4905660377358491,0.5609974882641293,13.924528301886792,500.0,0.4775438596491228,0.4775438596491228,273.3333333333333,0.3333333333333333,0.936954716981132,0.6099104526187885,0.6666666666666666,0.0068571428571428
1,20,4,2.5,1.0,0.97,0.05,200,100,1.0150883197784426,0.0498958333333333,0.7682674558893329,0.4367924528301888,0.53734174292398,13.150943396226417,500.0,0.5480701754385965,0.5480701754385965,241.66666666666663,0.3333333333333333,0.939585593924291,0.6077363597385744,1.0,0.0037142857142857
2,20,4,2.5,1.0,0.97,0.05,200,100,1.0150883197784426,0.0498958333333333,0.7729398705552141,0.4669811320754717,0.5625239392337514,13.37735849056604,500.0,0.5256140350877193,0.5256140350877193,245.0,0.1666666666666666,0.9442712531149876,0.6440656749541466,1.0,0.0042857142857142
3,20,4,2.5,1.0,0.97,0.05,200,100,1.0150883197784426,0.0498958333333333,0.8127247699670724,0.5141509433962265,0.6052051688742616,12.150943396226417,500.0,0.5631578947368421,0.5631578947368421,298.3333333333333,0.3333333333333333,0.9443475258098968,0.676881592426323,1.0,0.0054285714285714
4,20,4,2.5,1.0,0.97,0.05,200,100,1.0150883197784426,0.0498958333333333,0.8244683797227754,0.4490566037735848,0.561205608099543,13.075471698113208,500.0,0.5301754385964912,0.5301754385964912,270.0,0.3333333333333333,0.9462177643289428,0.6487648095547658,1.0,0.0045714285714285
5,20,4,2.5,1.0,0.97,0.05,200,100,1.0150883197784426,0.0498958333333333,0.6285633536017516,0.4745283018867925,0.5258292856167435,15.150943396226417,500.0,0.5431578947368422,0.5431578947368422,295.0,0.1666666666666666,0.9391542363830544,0.5657780747811585,1.0,0.0068571428571428
6,20,4,2.5,1.0,0.97,0.05,200,100,1.0150883197784426,0.0498958333333333,0.851974038724871,0.5330188679245284,0.6301960854992018,11.056603773584904,500.0,0.6094736842105263,0.6094736842105263,285.0,0.3333333333333333,0.9465164234009732,0.7297725269631588,1.0,0.0045714285714285
7,20,4,2.5,1.0,0.97,0.05,200,100,1.0150883197784426,0.0498958333333333,0.6990721623334508,0.440566037735849,0.522548287003693,15.11320754716981,500.0,0.5743859649122808,0.5743859649122808,313.3333333333333,0.5,0.937256200308532,0.564026936922542,1.0,0.0054285714285714
8,20,4,2.5,1.0,0.97,0.05,200,100,1.0150883197784426,0.0498958333333333,0.7871019179981443,0.4650943396226416,0.5700570846103147,12.245283018867925,500.0,0.6291228070175438,0.6291228070175438,278.3333333333333,0.5,0.947104924646968,0.6757529406652424,0.6666666666666666,0.0042857142857142
9,20,4,2.5,1.0,0.97,0.05,200,100,1.0150883197784426,0.0498958333333333,0.8609182484182485,0.4113207547169812,0.5353325553041636,12.547169811320757,500.0,0.4750877192982456,0.4750877192982456,171.66666666666666,0.1666666666666666,0.952081274474902,0.7073803810893137,1.0,0.0037142857142857
10,20,4,2.5,1.0,0.97,0.05,200,100,1.0150883197784426,0.0498958333333333,0.7871053023617266,0.4981132075471697,0.5761450829761998,12.943396226415096,500.0,0.5066666666666667,0.5066666666666667,180.0,0.0,0.929770268185594,0.6230654677891476,1.0,0.004
11,20,4,2.5,1.0,0.97,0.05,200,100,1.0150883197784426,0.0498958333333333,0.7404667527413482,0.4028301886792452,0.5044888427453271,14.471698113207546,500.0,0.4722807017543859,0.4722807017543859,261.6666666666667,0.1666666666666666,0.9379071555713776,0.5920970969168401,1.0,0.004
12,20,4,2.5,1.0,0.97,0.05,200,100,1.0150883197784426,0.0498958333333333,0.7779231438642037,0.4981132075471698,0.5743870111210736,13.169811320754716,500.0,0.5631578947368422,0.5631578947368422,298.3333333333333,0.5,0.9420562121751512,0.6493407636400058,1.0,0.0042857142857142
13,20,4,2.5,1.0,0.97,0.05,200,100,1.0150883197784426,0.0498958333333333,0.7715914110499837,0.4990566037735849,0.578946032648146,13.358490566037736,500.0,0.5649122807017544,0.5649122807017544,418.3333333333333,0.5,0.9364802420790316,0.6338842755510219,1.0,0.0054285714285714
14,20,4,2.5,1.0,0.97,0.05,200,100,1.0150883197784426,0.0498958333333333,0.800181212917062,0.4367924528301887,0.5533250591322886,12.754716981132075,500.0,0.5105263157894737,0.5105263157894737,226.66666666666663,0.1666666666666666,0.945051127328824,0.6606500546320409,1.0,0.0031428571428571
15,20,4,2.5,1.0,0.97,0.05,200,100,1.0150883197784426,0.0498958333333333,0.7725941189548875,0.5047169811320755,0.5890337019302081,12.283018867924527,500.0,0.6024561403508772,0.6024561403508772,263.3333333333333,0.3333333333333333,0.9407599620268186,0.6842459938946114,1.0,0.0042857142857142
16,20,4,2.5,1.0,0.97,0.05,200,100,1.0150883197784426,0.0498958333333333,0.7573724371960249,0.5113207547169811,0.5936059181549346,12.60377358490566,500.0,0.5915789473684211,0.5915789473684211,298.3333333333333,0.3333333333333333,0.9443525928562952,0.673600622192899,0.3333333333333333,0.0045714285714285
17,20,4,2.5,1.0,0.97,0.05,200,100,1.0150883197784426,0.0498958333333333,0.738762561043503,0.4169811320754716,0.5162767657945183,13.849056603773583,500.0,0.4880701754385965,0.4880701754385965,218.3333333333333,0.1666666666666666,0.9363327637356116,0.5981619154385905,1.0,0.0045714285714285
18,20,4,2.5,1.0,0.97,0.05,200,100,1.0150883197784426,0.0498958333333333,0.7307415331000237,0.3698113207547169,0.4792045499408807,14.924528301886792,500.0,0.4357894736842105,0.4357894736842105,300.0,0.3333333333333333,0.9384967485463392,0.569512699074139,1.0,0.004
19,20,4,2.5,1.0,0.97,0.05,200,100,1.0150883197784426,0.0498958333333333,0.8095711939382015,0.4150943396226415,0.5365384094383627,13.30188679245283,500.0,0.5080701754385964,0.5080701754385964,235.0,0.3333333333333333,0.9552031209208496,0.6623440228999089,1.0,0.0048571428571428
0,20,4,5.0,0.1,0.9,0.1,400,200,0.4698106348514557,0.049891304347826,0.902424305254494,0.5547169811320755,0.6726830356528946,9.20754716981132,500.0,0.5961403508771931,0.5961403508771931,398.3333333333333,0.5,0.9526777856888572,0.8552892334594523,0.6666666666666666,0.006
1,20,4,5.0,0.1,0.9,0.1,400,200,0.4698106348514557,0.049891304347826,0.8926243567753003,0.3952830188679246,0.529892833243699,12.20754716981132,500.0,0.4712280701754386,0.4712280701754386,250.0,0.5,0.9601644654088052,0.8251730707518662,1.0,0.0042857142857142
2,20,4,5.0,0.1,0.9,0.1,400,200,0.4698106348514557,0.049891304347826,0.9310095564812546,0.5113207547169811,0.6502664184461168,9.924528301886792,500.0,0.588421052631579,0.588421052631579,360.0,0.3333333333333333,0.9620731102408924,0.8774440266867699,1.0,0.002
3,20,4,5.0,0.1,0.9,0.1,400,200,0.4698106348514557,0.049891304347826,0.9172380030870596,0.5179245283018868,0.6472679760916535,9.867924528301886,500.0,0.6014035087719298,0.6014035087719298,250.0,0.5,0.954515343538626,0.8620442094227425,0.6666666666666666,0.0065714285714285
4,20,4,5.0,0.1,0.9,0.1,400,200,0.4698106348514557,0.049891304347826,0.9170939123769312,0.4415094339622641,0.5809840399761317,11.41509433962264,500.0,0.4908771929824562,0.4908771929824562,363.3333333333333,0.5,0.9611603536252522,0.842954819914647,1.0,0.0048571428571428
5,20,4,5.0,0.1,0.9,0.1,400,200,0.4698106348514557,0.049891304347826,0.8511599172808939,0.4424528301886793,0.5652079361289074,11.566037735849056,500.0,0.4715789473684209,0.4715789473684209,333.3333333333333,0.5,0.9596532573869704,0.8466293233007178,1.0,0.0051428571428571
6,20,4,5.0,0.1,0.9,0.1,400,200,0.4698106348514557,0.049891304347826,0.9270440251572328,0.6056603773584905,0.7170489562904029,8.11320754716981,500.0,0.7557894736842106,0.7557894736842106,291.6666666666667,0.5,0.957874273169574,0.8762813491785884,0.3333333333333333,0.0037142857142857
7,20,4,5.0,0.1,0.9,0.1,400,200,0.4698106348514557,0.049891304347826,0.9,0.4160377358490565,0.5558427348965953,11.849056603773583,500.0,0.5066666666666667,0.5066666666666667,288.3333333333333,0.5,0.9563491634033464,0.8325518968586757,1.0,0.0045714285714285
8,20,4,5.0,0.1,0.9,0.1,400,200,0.4698106348514557,0.049891304347826,0.8980095376321792,0.4905660377358491,0.6254356434570183,10.49056603773585,500.0,0.63859649122807,0.63859649122807,278.3333333333333,0.5,0.956905577311024,0.8616376289717177,0.3333333333333333,0.0037142857142857
9,20,4,5.0,0.1,0.9,0.1,400,200,0.4698106348514557,0.049891304347826,0.9394291243347848,0.4330188679245284,0.5749556725178165,11.39622641509434,500.0,0.5017543859649123,0.5017543859649123,280.0,0.5,0.9628706182508604,0.8788464183202109,0.3333333333333333,0.0034285714285714
10,20,4,5.0,0.1,0.9,0.1,400,200,0.4698106348514557,0.049891304347826,0.911032206786924,0.4886792452830188,0.6185953454731383,10.433962264150944,500.0,0.5526315789473684,0.5526315789473684,366.6666666666667,0.5,0.9549844428622284,0.8463419344937613,0.6666666666666666,0.0022857142857142
11,20,4,5.0,0.1,0.9,0.1,400,200,0.4698106348514557,0.049891304347826,0.8977080047834766,0.4452830188679246,0.5865655380784875,11.358490566037736,500.0,0.4989473684210526,0.4989473684210526,355.0,0.5,0.9619100391598434,0.8589236274912144,0.6666666666666666,0.0054285714285714
12,20,4,5.0,0.1,0.9,0.1,400,200,0.4698106348514557,0.049891304347826,0.9256037386586776,0.5509433962264152,0.6627119630627855,9.150943396226417,500.0,0.6501754385964912,0.6501754385964912,330.0,0.5,0.956981037142518,0.8740840225202007,0.6666666666666666,0.0042857142857142
13,20,4,5.0,0.1,0.9,0.1,400,200,0.4698106348514557,0.049891304347826,0.940634836861252,0.4735849056603775,0.6107170894561749,10.81132075471698,500.0,0.5905263157894737,0.5905263157894737,431.6666666666667,0.5,0.9543788892844428,0.8526615261296213,1.0,0.0057142857142857
14,20,4,5.0,0.1,0.9,0.1,400,200,0.4698106348514557,0.049891304347826,0.9056603773584906,0.4292452830188679,0.5689280756421554,11.41509433962264,500.0,0.5691228070175439,0.5691228070175439,233.3333333333333,0.3333333333333333,0.9610307820102052,0.8563858273720257,0.6666666666666666,0.0022857142857142
15,20,4,5.0,0.1,0.9,0.1,400,200,0.4698106348514557,0.049891304347826,0.9108559340523824,0.5113207547169812,0.6379891995223762,9.90566037735849,500.0,0.6066666666666667,0.6066666666666667,318.3333333333333,0.5,0.9563149044737156,0.8536593905877622,0.6666666666666666,0.0071428571428571
16,20,4,5.0,0.1,0.9,0.1,400,200,0.4698106348514557,0.049891304347826,0.9001572327044025,0.5320754716981132,0.6496798748984429,9.528301886792454,500.0,0.603157894736842,0.603157894736842,325.0,0.5,0.9584378901151062,0.8733385284762035,1.0,0.0062857142857142
17,20,4,5.0,0.1,0.9,0.1,400,200,0.4698106348514557,0.049891304347826,0.9522012578616352,0.4141509433962264,0.5632460561967142,11.773584905660377,500.0,0.4845614035087719,0.4845614035087719,250.0,0.5,0.9553846801946124,0.8624906590440382,0.6666666666666666,0.0048571428571428
18,20,4,5.0,0.1,0.9,0.1,400,200,0.4698106348514557,0.049891304347826,0.8947663971248877,0.311320754716981,0.4548464242192849,13.924528301886792,500.0,0.3635087719298246,0.3635087719298246,301.6666666666667,0.5,0.9587923104307584,0.828434365349194,1.0,0.0031428571428571
19,20,4,5.0,0.1,0.9,0.1,400,200,0.4698106348514557,0.049891304347826,0.921383647798742,0.4113207547169811,0.5564945105913435,11.88679245283019,500.0,0.487719298245614,0.487719298245614,250.0,0.5,0.9658755547644476,0.8419572637212964,0.6666666666666666,0.0042857142857142
0,20,4,5.0,0.1,0.97,0.05,400,200,0.4698106348514557,0.049891304347826,0.894884203846468,0.5726415094339623,0.6886734293239577,8.962264150943396,500.0,0.603157894736842,0.603157894736842,401.6666666666667,0.3333333333333333,0.9515140263438946,0.8457199915707102,0.6666666666666666,0.006
1,20,4,5.0,0.1,0.97,0.05,400,200,0.4698106348514557,0.049891304347826,0.8951700291322933,0.4283018867924529,0.559710001551779,11.62264150943396,500.0,0.5140350877192983,0.5140350877192983,258.3333333333333,0.5,0.9591661801352794,0.8072186428257688,1.0,0.0042857142857142
2,20,4,5.0,0.1,0.97,0.05,400,200,0.4698106348514557,0.049891304347826,0.930734359979643,0.5,0.6405490595575861,10.150943396226417,500.0,0.5785964912280702,0.5785964912280702,346.6666666666667,0.3333333333333333,0.9602119378189152,0.8644091787157092,1.0,0.002
3,20,4,5.0,0.1,0.97,0.05,400,200,0.4698106348514557,0.049891304347826,0.9120078035172374,0.5226415094339623,0.6532007749478387,9.849056603773583,500.0,0.5908771929824561,0.5908771929824561,250.0,0.5,0.9538412365017208,0.8356635355858274,0.6666666666666666,0.0065714285714285
4,20,4,5.0,0.1,0.97,0.05,400,200,0.4698106348514557,0.049891304347826,0.9159783612613802,0.450943396226415,0.5894433316580108,11.245283018867925,500.0,0.5157894736842106,0.5157894736842106,375.0,0.5,0.959579583481666,0.8193451442242119,1.0,0.0048571428571428
5,20,4,5.0,0.1,0.97,0.05,400,200,0.4698106348514557,0.049891304347826,0.8448617613215428,0.4377358490566038,0.5596705744133745,11.754716981132075,500.0,0.488421052631579,0.488421052631579,323.3333333333333,0.5,0.9576817728729085,0.8223167723232032,1.0,0.0051428571428571
6,20,4,5.0,0.1,0.97,0.05,400,200,0.4698106348514557,0.049891304347826,0.9234858094181068,0.619811320754717,0.728395853153393,7.886792452830188,500.0,0.7768421052631579,0.7768421052631579,296.6666666666667,0.5,0.9572619912187018,0.8689795003145026,0.3333333333333333,0.0037142857142857
7,20,4,5.0,0.1,0.97,0.05,400,200,0.4698106348514557,0.049891304347826,0.892652944539737,0.4245283018867924,0.5623624716999805,11.754716981132075,500.0,0.5336842105263158,0.5336842105263158,291.6666666666667,0.5,0.9545945532217872,0.8046993304775558,1.0,0.0045714285714285
8,20,4,5.0,0.1,0.97,0.05,400,200,0.4698106348514557,0.049891304347826,0.8913608404174442,0.5018867924528303,0.6337398110908695,10.339622641509434,500.0,0.648421052631579,0.648421052631579,281.6666666666667,0.5,0.956268339859974,0.8544323138756198,0.3333333333333333,0.0037142857142857
9,20,4,5.0,0.1,0.97,0.05,400,200,0.4698106348514557,0.049891304347826,0.9313739719400098,0.4226415094339622,0.5631776862152014,11.716981132075473,500.0,0.4845614035087719,0.4845614035087719,270.0,0.5,0.9626895217752462,0.8652141577867477,0.3333333333333333,0.0034285714285714
10,20,4,5.0,0.1,0.97,0.05,400,200,0.4698106348514557,0.049891304347826,0.9099061316042448,0.5113207547169811,0.6408126092274904,10.0,500.0,0.5856140350877193,0.5856140350877193,368.3333333333333,0.5,0.953620564851074,0.8448127029290723,0.6666666666666666,0.0022857142857142
11,20,4,5.0,0.1,0.97,0.05,400,200,0.4698106348514557,0.049891304347826,0.8804697922622451,0.4622641509433963,0.6024230671797676,11.20754716981132,500.0,0.5164912280701754,0.5164912280701754,353.3333333333333,0.5,0.9617674379969148,0.8391724840443778,0.6666666666666666,0.0054285714285714
12,20,4,5.0,0.1,0.97,0.05,400,200,0.4698106348514557,0.049891304347826,0.9240264452528604,0.5433962264150943,0.6566140662431099,9.320754716981131,500.0,0.6614035087719298,0.6614035087719298,331.6666666666667,0.5,0.9559487955381512,0.8593107223473472,0.6666666666666666,0.0042857142857142
13,20,4,5.0,0.1,0.97,0.05,400,200,0.4698106348514557,0.049891304347826,0.9380537701292418,0.4783018867924529,0.6154857602553284,10.754716981132075,500.0,0.5863157894736841,0.5863157894736841,423.3333333333333,0.5,0.951749792334164,0.8287932569262129,1.0,0.0057142857142857
14,20,4,5.0,0.1,0.97,0.05,400,200,0.4698106348514557,0.049891304347826,0.9042089985486212,0.440566037735849,0.5794954895545118,11.20754716981132,500.0,0.5694736842105264,0.5694736842105264,231.66666666666663,0.1666666666666666,0.9587012103951584,0.8301650524201089,0.6666666666666666,0.0022857142857142
15,20,4,5.0,0.1,0.97,0.05,400,200,0.4698106348514557,0.049891304347826,0.9098116090346946,0.5311320754716982,0.656111581457341,9.528301886792454,500.0,0.6210526315789474,0.6210526315789474,316.6666666666667,0.5,0.9549492464696808,0.8453517678135501,0.6666666666666666,0.0071428571428571
16,20,4,5.0,0.1,0.97,0.05,400,200,0.4698106348514557,0.049891304347826,0.8986796484437993,0.5584905660377358,0.6741112075845666,9.0188679245283,500.0,0.6326315789473684,0.6326315789473684,321.6666666666667,0.5,0.9570611368221194,0.8503781064446903,1.0,0.0062857142857142
17,20,4,5.0,0.1,0.97,0.05,400,200,0.4698106348514557,0.049891304347826,0.9483827493261456,0.4264150943396226,0.5754137995433356,11.58490566037736,500.0,0.4943859649122807,0.4943859649122807,250.0,0.5,0.955237759582295,0.8439320608591758,0.6666666666666666,0.0048571428571428
18,20,4,5.0,0.1,0.97,0.05,400,200,0.4698106348514557,0.049891304347826,0.8916360369190559,0.3349056603773584,0.4802267227257259,13.49056603773585,500.0,0.396140350877193,0.396140350877193,291.6666666666667,0.3333333333333333,0.956691960365492,0.8003917187975579,1.0,0.0031428571428571
19,20,4,5.0,0.1,0.97,0.05,400,200,0.4698106348514557,0.049891304347826,0.9042071659996188,0.4292452830188679,0.5723667181741426,11.69811320754717,500.0,0.5098245614035087,0.5098245614035087,268.3333333333333,0.5,0.96368872671176,0.8163895801069344,0.6666666666666666,0.0042857142857142
0,20,4,5.0,1.0,0.9,0.05,400,200,0.4632641673088074,0.049891304347826,0.8812594930658194,0.5735849056603775,0.6866257094518607,9.150943396226417,500.0,0.6014035087719298,0.6014035087719298,398.3333333333333,0.3333333333333333,0.9509284383529132,0.8347922688474907,0.6666666666666666,0.006
1,20,4,5.0,1.0,0.9,0.05,400,200,0.4632641673088074,0.049891304347826,0.8953876312366879,0.4339622641509433,0.5658902763810006,11.58490566037736,500.0,0.5291228070175439,0.5291228070175439,263.3333333333333,0.5,0.9587328942684228,0.7972924280929758,1.0,0.0045714285714285
2,20,4,5.0,1.0,0.9,0.05,400,200,0.4632641673088074,0.049891304347826,0.910047709104313,0.4952830188679245,0.6348297493238876,10.264150943396226,500.0,0.5550877192982456,0.5550877192982456,343.3333333333333,0.3333333333333333,0.9593643882757802,0.8571207524748868,1.0,0.0022857142857142
3,20,4,5.0,1.0,0.9,0.05,400,200,0.4632641673088074,0.049891304347826,0.9044341402831968,0.5283018867924528,0.6552333683128597,9.90566037735849,500.0,0.5821052631578948,0.5821052631578948,250.0,0.5,0.9534402159724694,0.8237403964925869,0.6666666666666666,0.0068571428571428
4,20,4,5.0,1.0,0.9,0.05,400,200,0.4632641673088074,0.049891304347826,0.9179207584867964,0.4481132075471698,0.5838824819210726,11.358490566037736,500.0,0.5133333333333333,0.5133333333333333,376.6666666666667,0.5,0.9592054823780704,0.7969764877899578,1.0,0.0048571428571428
5,20,4,5.0,1.0,0.9,0.05,400,200,0.4632641673088074,0.049891304347826,0.8413103406027933,0.429245283018868,0.5508009810587996,11.867924528301886,500.0,0.4743859649122807,0.4743859649122807,323.3333333333333,0.5,0.9551700664530676,0.7986651639826553,1.0,0.0054285714285714
6,20,4,5.0,1.0,0.9,0.05,400,200,0.4632641673088074,0.049891304347826,0.9269264309497384,0.6103773584905661,0.7202298116995062,8.11320754716981,500.0,0.771578947368421,0.771578947368421,298.3333333333333,0.5,0.9569311320754716,0.8614400062404981,0.3333333333333333,0.0037142857142857
7,20,4,5.0,1.0,0.9,0.05,400,200,0.4632641673088074,0.049891304347826,0.8860795912682704,0.4169811320754716,0.5525884016483851,11.962264150943396,500.0,0.5343859649122807,0.5343859649122807,293.3333333333333,0.5,0.9535966536133856,0.7860859459685112,1.0,0.0042857142857142
8,20,4,5.0,1.0,0.9,0.05,400,200,0.4632641673088074,0.049891304347826,0.8896986661137605,0.5018867924528302,0.6331205839605079,10.245283018867925,500.0,0.6445614035087719,0.6445614035087719,283.3333333333333,0.5,0.9550618488192714,0.8469487398334486,0.3333333333333333,0.004
9,20,4,5.0,1.0,0.9,0.05,400,200,0.4632641673088074,0.049891304347826,0.9290940977261732,0.4084905660377358,0.5460136873617215,12.037735849056604,500.0,0.4768421052631579,0.4768421052631579,268.3333333333333,0.5,0.961064216209802,0.8506741973441116,0.3333333333333333,0.0034285714285714
10,20,4,5.0,1.0,0.9,0.05,400,200,0.4632641673088074,0.049891304347826,0.8999473796643608,0.5141509433962264,0.6423533901790974,10.0188679245283,500.0,0.5905263157894737,0.5905263157894737,366.6666666666667,0.5,0.9511462560816424,0.83727547663327,0.6666666666666666,0.0022857142857142
11,20,4,5.0,1.0,0.9,0.05,400,200,0.4632641673088074,0.049891304347826,0.8772104206066471,0.460377358490566,0.6004487545103954,11.339622641509434,500.0,0.5098245614035087,0.5098245614035087,351.6666666666667,0.5,0.9608397175744632,0.8229798644975492,0.6666666666666666,0.0054285714285714
12,20,4,5.0,1.0,0.9,0.05,400,200,0.4632641673088074,0.049891304347826,0.9289739903086186,0.5377358490566038,0.6482117805731337,9.471698113207546,500.0,0.6529824561403509,0.6529824561403509,326.6666666666667,0.5,0.9559622285510858,0.8489815962903988,0.6666666666666666,0.004
13,20,4,5.0,1.0,0.9,0.05,400,200,0.4632641673088074,0.049891304347826,0.9317113703906156,0.4811320754716982,0.6169860865579138,10.660377358490566,500.0,0.5803508771929824,0.5803508771929824,430.0,0.5,0.9510908983030736,0.8171617952045973,1.0,0.0057142857142857
14,20,4,5.0,1.0,0.9,0.05,400,200,0.4632641673088074,0.049891304347826,0.895216104650067,0.4311320754716981,0.5674766723871079,11.50943396226415,500.0,0.5712280701754385,0.5712280701754385,223.3333333333333,0.1666666666666666,0.9565031327874688,0.8142191679402521,0.6666666666666666,0.002
15,20,4,5.0,1.0,0.9,0.05,400,200,0.4632641673088074,0.049891304347826,0.8864718014135329,0.5320754716981133,0.6531187025327019,9.566037735849056,500.0,0.62,0.62,315.0,0.5,0.9533454135516792,0.8336779151217287,0.6666666666666666,0.0068571428571428
16,20,4,5.0,1.0,0.9,0.05,400,200,0.4632641673088074,0.049891304347826,0.8923409923409925,0.5632075471698114,0.6765125062010459,9.0,500.0,0.6424561403508772,0.6424561403508772,321.6666666666667,0.5,0.9555955737510384,0.8349696253067282,1.0,0.0062857142857142
17,20,4,5.0,1.0,0.9,0.05,400,200,0.4632641673088074,0.049891304347826,0.92088948787062,0.4283018867924529,0.5753021001924395,11.62264150943396,500.0,0.4922807017543859,0.4922807017543859,250.0,0.5,0.9538916696333216,0.8298776083743366,0.6666666666666666,0.0045714285714285
18,20,4,5.0,1.0,0.9,0.05,400,200,0.4632641673088074,0.049891304347826,0.8916360369190559,0.3358490566037736,0.4810224932152861,13.41509433962264,500.0,0.3919298245614035,0.3919298245614035,288.3333333333333,0.3333333333333333,0.9544156164708676,0.7758773008113659,1.0,0.0028571428571428
19,20,4,5.0,1.0,0.9,0.05,400,200,0.4632641673088074,0.049891304347826,0.896496899327088,0.4254716981132074,0.5661354680787858,11.81132075471698,500.0,0.500701754385965,0.500701754385965,265.0,0.5,0.9607950990862704,0.7975105354343887,0.6666666666666666,0.0042857142857142
0,20,4,5.0,1.0,0.97,0.1,400,200,0.4632641673088074,0.049891304347826,0.9099266823323428,0.5405660377358491,0.6630224579939767,9.39622641509434,500.0,0.5747368421052631,0.5747368421052631,390.0,0.5,0.9533907321704046,0.8671311326272582,0.6666666666666666,0.006
1,20,4,5.0,1.0,0.97,0.1,400,200,0.4632641673088074,0.049891304347826,0.8850771869639794,0.3905660377358491,0.5248055982435902,12.264150943396226,500.0,0.4645614035087719,0.4645614035087719,250.0,0.5,0.96100059333096,0.8411581502710814,1.0,0.0045714285714285
2,20,4,5.0,1.0,0.97,0.1,400,200,0.4632641673088074,0.049891304347826,0.911895023215778,0.4952830188679245,0.6363030659515593,10.245283018867925,500.0,0.5691228070175439,0.5691228070175439,356.6666666666667,0.3333333333333333,0.9618954550848464,0.8800215097756175,1.0,0.0022857142857142
3,20,4,5.0,1.0,0.97,0.1,400,200,0.4632641673088074,0.049891304347826,0.926028059990324,0.5075471698113208,0.6383038202252639,10.0,500.0,0.5968421052631578,0.5968421052631578,250.0,0.5,0.9555102646256082,0.873771418511864,0.6666666666666666,0.0068571428571428
4,20,4,5.0,1.0,0.97,0.1,400,200,0.4632641673088074,0.049891304347826,0.930083857442348,0.4330188679245282,0.5731871959959097,11.49056603773585,500.0,0.4743859649122806,0.4743859649122806,363.3333333333333,0.5,0.9626089711641154,0.8574891472742425,1.0,0.0048571428571428
5,20,4,5.0,1.0,0.97,0.1,400,200,0.4632641673088074,0.049891304347826,0.8585591033704241,0.438679245283019,0.5619731663994716,11.471698113207546,500.0,0.4663157894736843,0.4663157894736843,331.6666666666667,0.5,0.9584114868873858,0.859085651472008,1.0,0.0054285714285714
6,20,4,5.0,1.0,0.97,0.1,400,200,0.4632641673088074,0.049891304347826,0.9385220125786164,0.6018867924528302,0.7159330320850246,8.09433962264151,500.0,0.7505263157894738,0.7505263157894738,291.6666666666667,0.5,0.9577433368933193,0.885460499400304,0.3333333333333333,0.0037142857142857
7,20,4,5.0,1.0,0.97,0.1,400,200,0.4632641673088074,0.049891304347826,0.9,0.4094339622641508,0.547622079424094,11.962264150943396,500.0,0.5017543859649123,0.5017543859649123,288.3333333333333,0.5,0.9568233950397532,0.8472256335842732,1.0,0.0042857142857142
8,20,4,5.0,1.0,0.97,0.1,400,200,0.4632641673088074,0.049891304347826,0.8966618287373005,0.4867924528301887,0.621648776565444,10.452830188679243,500.0,0.6343859649122807,0.6343859649122807,278.3333333333333,0.5,0.956963189747241,0.870165763147376,0.3333333333333333,0.004
9,20,4,5.0,1.0,0.97,0.1,400,200,0.4632641673088074,0.049891304347826,0.940880503144654,0.4179245283018868,0.5590455428033515,11.679245283018869,500.0,0.4929824561403508,0.4929824561403508,281.6666666666667,0.5,0.9626047525809897,0.8878345304475957,0.3333333333333333,0.0034285714285714
10,20,4,5.0,1.0,0.97,0.1,400,200,0.4632641673088074,0.049891304347826,0.9133906973529616,0.4801886792452829,0.6102093003340232,10.566037735849056,500.0,0.536140350877193,0.536140350877193,366.6666666666667,0.5,0.9539116530200544,0.8540403300982395,0.6666666666666666,0.0022857142857142
11,20,4,5.0,1.0,0.97,0.1,400,200,0.4632641673088074,0.049891304347826,0.9023768684146044,0.4339622641509434,0.5750459483002981,11.547169811320757,500.0,0.4936842105263158,0.4936842105263158,356.6666666666667,0.5,0.9617091016969266,0.8705855962744852,0.6666666666666666,0.0054285714285714
12,20,4,5.0,1.0,0.97,0.1,400,200,0.4632641673088074,0.049891304347826,0.9349167526886728,0.5424528301886793,0.6541020279510711,9.283018867924527,500.0,0.6417543859649123,0.6417543859649123,330.0,0.5,0.9582296902812388,0.8817660445084644,0.6666666666666666,0.004
13,20,4,5.0,1.0,0.97,0.1,400,200,0.4632641673088074,0.049891304347826,0.9341740020985304,0.4669811320754718,0.6029468382747778,10.90566037735849,500.0,0.5842105263157895,0.5842105263157895,426.6666666666667,0.5,0.9557524089236976,0.8618217233436167,1.0,0.0057142857142857
14,20,4,5.0,1.0,0.97,0.1,400,200,0.4632641673088074,0.049891304347826,0.9056603773584906,0.4245283018867924,0.5638564825886636,11.50943396226415,500.0,0.567719298245614,0.567719298245614,233.3333333333333,0.3333333333333333,0.9605504212649816,0.8677930891133818,0.6666666666666666,0.002
15,20,4,5.0,1.0,0.97,0.1,400,200,0.4632641673088074,0.049891304347826,0.8919263496400013,0.5000000000000001,0.6243868546156327,10.132075471698114,500.0,0.5954385964912281,0.5954385964912281,318.3333333333333,0.5,0.9562423044974486,0.8630502197593354,0.6666666666666666,0.0068571428571428
16,20,4,5.0,1.0,0.97,0.1,400,200,0.4632641673088074,0.049891304347826,0.9033018867924528,0.5245283018867924,0.6431443153968304,9.660377358490566,500.0,0.5947368421052631,0.5947368421052631,325.0,0.5,0.9579245639017444,0.8798074018978564,1.0,0.0062857142857142
17,20,4,5.0,1.0,0.97,0.1,400,200,0.4632641673088074,0.049891304347826,0.930817610062893,0.4113207547169811,0.5590556018054077,11.849056603773583,500.0,0.48,0.48,250.0,0.5,0.9553505992642696,0.8709588795854389,0.6666666666666666,0.0045714285714285
18,20,4,5.0,1.0,0.97,0.1,400,200,0.4632641673088074,0.049891304347826,0.8947663971248877,0.3028301886792452,0.4456865422071499,14.037735849056604,500.0,0.3522807017543859,0.3522807017543859,306.6666666666667,0.5,0.959091337367984,0.8415868602851706,1.0,0.0028571428571428
19,20,4,5.0,1.0,0.97,0.1,400,200,0.4632641673088074,0.049891304347826,0.9218328840970352,0.4066037735849056,0.5515520227063645,11.90566037735849,500.0,0.4856140350877193,0.4856140350877193,260.0,0.5,0.9651492583363,0.8594053493253458,0.6666666666666666,0.0042857142857142
0,50,1,2.5,0.1,0.9,0.05,200,100,0.7481238842010499,0.0498958333333333,0.863271916608759,0.5313207547169811,0.6474639441830107,28.056603773584907,500.0,0.6228571428571429,0.6228571428571429,345.0,0.3333333333333333,0.9540340512637948,0.7571289964390321,0.6666666666666666,0.0031428571428571
1,50,1,2.5,0.1,0.9,0.05,200,100,0.7481238842010499,0.0498958333333333,0.8159309196951982,0.5067924528301887,0.6181181599303456,30.264150943396228,500.0,0.5840816326530612,0.5840816326530612,385.0,0.5,0.9489033790198173,0.6876355440854551,1.0,0.0065714285714285
2,50,1,2.5,0.1,0.9,0.05,200,100,0.7481238842010499,0.0498958333333333,0.8620219019422944,0.4969811320754718,0.6235939147425528,29.660377358490567,500.0,0.5616326530612245,0.5616326530612245,203.3333333333333,0.0,0.9559009255962976,0.7286668370042944,1.0,0.0037142857142857
3,50,1,2.5,0.1,0.9,0.05,200,100,0.7481238842010499,0.0498958333333333,0.8611674190597848,0.5335849056603774,0.6542432452222793,27.79245283018868,500.0,0.5740136054421768,0.5740136054421768,250.0,0.1666666666666666,0.9606546264981608,0.7499554731141637,1.0,0.0045714285714285
4,50,1,2.5,0.1,0.9,0.05,200,100,0.7481238842010499,0.0498958333333333,0.8380156878308648,0.4750943396226414,0.5960844252474619,31.264150943396228,500.0,0.5529251700680272,0.5529251700680272,283.3333333333333,0.3333333333333333,0.9471825990862704,0.6987403798875547,0.6666666666666666,0.0025714285714285
5,50,1,2.5,0.1,0.9,0.05,200,100,0.7481238842010499,0.0498958333333333,0.8045248089403086,0.5222641509433962,0.6275122793302023,31.0,500.0,0.563265306122449,0.563265306122449,328.3333333333333,0.5,0.9455460202325856,0.6811005001214361,0.6666666666666666,0.006
6,50,1,2.5,0.1,0.9,0.05,200,100,0.7481238842010499,0.0498958333333333,0.8030746185312182,0.4830188679245283,0.5889993880138563,32.35849056603774,500.0,0.5514285714285715,0.5514285714285715,341.6666666666667,0.1666666666666666,0.9493430120446184,0.6714276523610251,1.0,0.004
7,50,1,2.5,0.1,0.9,0.05,200,100,0.7481238842010499,0.0498958333333333,0.8423130359575776,0.5226415094339624,0.6400731943458657,29.132075471698112,500.0,0.5517006802721088,0.5517006802721088,260.0,0.5,0.9541661667853328,0.7227335031891023,1.0,0.004
8,50,1,2.5,0.1,0.9,0.05,200,100,0.7481238842010499,0.0498958333333333,0.8294458038845903,0.4984905660377358,0.617560214211196,30.60377358490566,500.0,0.5416326530612245,0.5416326530612245,270.0,0.3333333333333333,0.9525927227957754,0.7107148099870896,1.0,0.0045714285714285
9,50,1,2.5,0.1,0.9,0.05,200,100,0.7481238842010499,0.0498958333333333,0.8458511351777448,0.510188679245283,0.6295995980141057,29.56603773584905,500.0,0.5598639455782313,0.5598639455782313,245.0,0.3333333333333333,0.9534717203631186,0.7108352941423747,0.6666666666666666,0.0031428571428571
10,50,1,2.5,0.1,0.9,0.05,200,100,0.7481238842010499,0.0498958333333333,0.8980954860118939,0.5113207547169811,0.6464202720532273,27.641509433962263,500.0,0.5351020408163265,0.5351020408163265,216.66666666666663,0.1666666666666666,0.954796889462442,0.7507195325353054,1.0,0.0031428571428571
11,50,1,2.5,0.1,0.9,0.05,200,100,0.7481238842010499,0.0498958333333333,0.7828917518905514,0.5173584905660377,0.6145428811044132,32.698113207547166,500.0,0.579455782312925,0.579455782312925,196.66666666666663,0.1666666666666666,0.9432567179897948,0.6576267072351766,0.6666666666666666,0.0065714285714285
12,50,1,2.5,0.1,0.9,0.05,200,100,0.7481238842010499,0.0498958333333333,0.8478446142106941,0.5143396226415096,0.6366649524572285,29.20754716981132,500.0,0.573469387755102,0.573469387755102,291.6666666666667,0.1666666666666666,0.9517554111783552,0.7184295012241658,1.0,0.0051428571428571
13,50,1,2.5,0.1,0.9,0.05,200,100,0.7481238842010499,0.0498958333333333,0.861258850340179,0.4849056603773585,0.6059129088927053,30.88679245283019,500.0,0.510748299319728,0.510748299319728,321.6666666666667,0.3333333333333333,0.9543875608164234,0.6976455878546215,0.6666666666666666,0.002
14,50,1,2.5,0.1,0.9,0.05,200,100,0.7481238842010499,0.0498958333333333,0.8028121700059627,0.4849056603773585,0.5943684992165215,33.490566037735846,500.0,0.5234013605442177,0.5234013605442177,325.0,0.3333333333333333,0.9517130577311024,0.6552220622214564,0.3333333333333333,0.0074285714285714
15,50,1,2.5,0.1,0.9,0.05,200,100,0.7481238842010499,0.0498958333333333,0.8334480668869618,0.5071698113207548,0.6224381797783469,30.22641509433962,500.0,0.5466666666666666,0.5466666666666666,308.3333333333333,0.1666666666666666,0.9515759107630236,0.7120808727893565,1.0,0.0054285714285714
16,50,1,2.5,0.1,0.9,0.05,200,100,0.7481238842010499,0.0498958333333333,0.8189882118796774,0.5147169811320753,0.6245321827810597,31.264150943396228,500.0,0.5717006802721089,0.5717006802721089,265.0,0.1666666666666666,0.9527619096356948,0.6912819280476253,1.0,0.0054285714285714
17,50,1,2.5,0.1,0.9,0.05,200,100,0.7481238842010499,0.0498958333333333,0.8206621916443909,0.530566037735849,0.639054668116265,30.58490566037736,500.0,0.5742857142857143,0.5742857142857143,316.6666666666667,0.3333333333333333,0.9559803088287648,0.7158378636111234,0.6666666666666666,0.0048571428571428
18,50,1,2.5,0.1,0.9,0.05,200,100,0.7481238842010499,0.0498958333333333,0.8381152712256452,0.5067924528301887,0.6229773784585743,29.58490566037736,500.0,0.5891156462585033,0.5891156462585033,196.66666666666663,0.1666666666666666,0.9542508692298564,0.720472435432394,1.0,0.0037142857142857
19,50,1,2.5,0.1,0.9,0.05,200,100,0.7481238842010499,0.0498958333333333,0.8530430879096097,0.5079245283018867,0.631246289980288,29.0377358490566,500.0,0.5533333333333333,0.5533333333333333,348.3333333333333,0.1666666666666666,0.9535173608638898,0.7359400650133872,1.0,0.0031428571428571
0,50,1,2.5,0.1,0.97,0.1,200,100,0.7481238842010499,0.0498958333333333,0.9122926111784312,0.5218867924528302,0.6548595896159125,26.245283018867923,500.0,0.6270748299319728,0.6270748299319728,355.0,0.5,0.9587220348285274,0.8108577045888334,0.6666666666666666,0.0031428571428571
1,50,1,2.5,0.1,0.97,0.1,200,100,0.7481238842010499,0.0498958333333333,0.9096226652561212,0.4973584905660377,0.6369121721905445,27.30188679245283,500.0,0.5907482993197278,0.5907482993197278,351.6666666666667,0.5,0.9613155986709386,0.7976592828145854,1.0,0.0065714285714285
2,50,1,2.5,0.1,0.97,0.1,200,100,0.7481238842010499,0.0498958333333333,0.9155067868202148,0.4766037735849057,0.6181593381000335,28.660377358490567,500.0,0.5643537414965986,0.5643537414965986,226.66666666666663,0.1666666666666666,0.9605276788892844,0.7981159612827676,1.0,0.0037142857142857
3,50,1,2.5,0.1,0.97,0.1,200,100,0.7481238842010499,0.0498958333333333,0.9176538757318043,0.519622641509434,0.6584338402702957,25.943396226415093,500.0,0.568843537414966,0.568843537414966,318.3333333333333,0.3333333333333333,0.965130810193426,0.8329950136796613,1.0,0.0045714285714285
4,50,1,2.5,0.1,0.97,0.1,200,100,0.7481238842010499,0.0498958333333333,0.904364896128474,0.4569811320754717,0.5985304971930056,29.30188679245283,500.0,0.525578231292517,0.525578231292517,296.6666666666667,0.5,0.9562077073691704,0.7897299006833823,0.6666666666666666,0.0025714285714285
5,50,1,2.5,0.1,0.97,0.1,200,100,0.7481238842010499,0.0498958333333333,0.911460638040152,0.5143396226415095,0.6499174662621288,26.641509433962263,500.0,0.571156462585034,0.571156462585034,328.3333333333333,0.5,0.955023553755785,0.7862423946166248,0.6666666666666666,0.006
6,50,1,2.5,0.1,0.97,0.1,200,100,0.7481238842010499,0.0498958333333333,0.8987490570791097,0.4796226415094339,0.6140410447629719,28.849056603773583,500.0,0.5495238095238095,0.5495238095238095,363.3333333333333,0.3333333333333333,0.9614678206953838,0.7815309953142845,1.0,0.004
7,50,1,2.5,0.1,0.97,0.1,200,100,0.7481238842010499,0.0498958333333333,0.915957716993782,0.5150943396226416,0.6565752557404877,26.471698113207548,500.0,0.56,0.56,260.0,0.5,0.9623679363949212,0.8154164980228324,1.0,0.004
8,50,1,2.5,0.1,0.97,0.1,200,100,0.7481238842010499,0.0498958333333333,0.915725566369162,0.4905660377358491,0.6322399669776095,27.9622641509434,500.0,0.536734693877551,0.536734693877551,280.0,0.5,0.9623966120802184,0.8066481221768675,1.0,0.0045714285714285
9,50,1,2.5,0.1,0.97,0.1,200,100,0.7481238842010499,0.0498958333333333,0.9075003798817152,0.4966037735849057,0.6353941538463524,27.90566037735849,500.0,0.5655782312925169,0.5655782312925169,255.0,0.3333333333333333,0.9606784531861872,0.7933083914351019,0.6666666666666666,0.0031428571428571
10,50,1,2.5,0.1,0.97,0.1,200,100,0.7481238842010499,0.0498958333333333,0.9251281048324008,0.4932075471698112,0.6368774053404856,27.52830188679245,500.0,0.5140136054421768,0.5140136054421768,301.6666666666667,0.3333333333333333,0.9621040925002968,0.8093013119010511,1.0,0.0031428571428571
11,50,1,2.5,0.1,0.97,0.1,200,100,0.7481238842010499,0.0498958333333333,0.9136573359698514,0.5094339622641508,0.6507708295965452,27.0188679245283,500.0,0.5804081632653061,0.5804081632653061,220.0,0.1666666666666666,0.9562995223685772,0.7884325002482625,0.6666666666666666,0.0065714285714285
12,50,1,2.5,0.1,0.97,0.1,200,100,0.7481238842010499,0.049895833333333334,0.9181719360201602,0.5184905660377359,0.6579354281823488,26.71698113207547,500.0,0.5568707482993197,0.5568707482993197,333.3333333333333,0.3333333333333333,0.9602952845021954,0.7946757640027674,1.0,0.005142857142857143
13,50,1,2.5,0.1,0.97,0.1,200,100,0.7481238842010499,0.049895833333333334,0.9163903263365116,0.4943396226415095,0.6302000669698827,28.30188679245283,500.0,0.5235374149659864,0.5235374149659864,326.6666666666667,0.3333333333333333,0.9605972232111072,0.7885310453931449,0.6666666666666666,0.002
14,50,1,2.5,0.1,0.97,0.1,200,100,0.7481238842010499,0.049895833333333334,0.9144598780720712,0.4807547169811321,0.6248014061874736,28.471698113207548,500.0,0.512517006802721,0.512517006802721,323.3333333333333,0.5,0.9635317268897591,0.7879484924327632,0.3333333333333333,0.0074285714285714285
15,50,1,2.5,0.1,0.97,0.1,200,100,0.7481238842010499,0.049895833333333334,0.9073483245274091,0.49018867924528303,0.6285136563837059,27.471698113207548,500.0,0.5315646258503401,0.5315646258503401,326.6666666666667,0.5,0.9605984083896998,0.8201481074265939,1.0,0.0054285714285714284
16,50,1,2.5,0.1,0.97,0.1,200,100,0.7481238842010499,0.049895833333333334,0.9289170473374126,0.5135849056603772,0.6578191898206143,26.433962264150942,500.0,0.5751020408163265,0.5751020408163265,275.0,0.16666666666666666,0.9633792319330723,0.8055927458416056,1.0,0.0054285714285714284
17,50,1,2.5,0.1,0.97,0.1,200,100,0.7481238842010499,0.049895833333333334,0.9277827212785844,0.5237735849056604,0.6666764025513012,26.169811320754718,500.0,0.5868027210884353,0.5868027210884353,331.6666666666667,0.3333333333333333,0.9645475717930462,0.8119666052491239,0.6666666666666666,0.004857142857142857
18,50,1,2.5,0.1,0.97,0.1,200,100,0.7481238842010499,0.049895833333333334,0.9037230842465169,0.49094339622641514,0.6237252683175855,27.77358490566038,500.0,0.5659863945578231,0.5659863945578231,268.3333333333333,0.5,0.9611722869941853,0.8002094508979546,1.0,0.0037142857142857142
19,50,1,2.5,0.1,0.97,0.1,200,100,0.7481238842010499,0.049895833333333334,0.9236796608393981,0.4894339622641509,0.6324633160919529,27.566037735849058,500.0,0.5451700680272109,0.5451700680272109,360.0,0.16666666666666666,0.9605373976504094,0.8098431849703361,1.0,0.003142857142857143
0,50,1,2.5,1.0,0.9,0.1,200,100,0.7181725502014161,0.049895833333333334,0.9095440718148385,0.5094339622641508,0.6432549811358323,26.433962264150942,500.0,0.6172789115646259,0.6172789115646259,355.0,0.5,0.9567583362999882,0.8036967545233484,0.6666666666666666,0.003142857142857143
1,50,1,2.5,1.0,0.9,0.1,200,100,0.7181725502014161,0.049895833333333334,0.8978124091783029,0.4852830188679246,0.6232364477185266,27.867924528301888,500.0,0.5825850340136055,0.5825850340136055,355.0,0.5,0.9584750326332028,0.780983058404365,1.0,0.006857142857142857
2,50,1,2.5,1.0,0.9,0.1,200,100,0.7181725502014161,0.049895833333333334,0.9101359900934635,0.4826415094339624,0.6250529788089858,28.11320754716981,500.0,0.5706122448979593,0.5706122448979593,220.0,0.16666666666666666,0.962231311558087,0.8047789977156997,1.0,0.004285714285714286
3,50,1,2.5,1.0,0.9,0.1,200,100,0.7181725502014161,0.049895833333333334,0.8936257501355516,0.5181132075471698,0.6509674540885589,26.60377358490566,500.0,0.5608163265306122,0.5608163265306122,315.0,0.3333333333333333,0.9621075100866263,0.8108202233013476,1.0,0.004857142857142857
4,50,1,2.5,1.0,0.9,0.1,200,100,0.7181725502014161,0.049895833333333334,0.8900763858169082,0.44641509433962256,0.5856536731965775,29.867924528301888,500.0,0.5195918367346938,0.5195918367346938,290.0,0.3333333333333333,0.954364495075353,0.779160332249471,0.6666666666666666,0.0025714285714285713
5,50,1,2.5,1.0,0.9,0.1,200,100,0.7181725502014161,0.049895833333333334,0.8987336240773179,0.5124528301886793,0.6482381337885041,26.77358490566038,500.0,0.561904761904762,0.561904761904762,325.0,0.5,0.9549821882045805,0.7794474721762162,0.6666666666666666,0.0054285714285714284
6,50,1,2.5,1.0,0.9,0.1,200,100,0.7181725502014161,0.049895833333333334,0.887900471422087,0.47056603773584904,0.6010932253367569,29.132075471698112,500.0,0.5428571428571428,0.5428571428571428,360.0,0.3333333333333333,0.9596212901981725,0.7727235711998727,1.0,0.0034285714285714284
7,50,1,2.5,1.0,0.9,0.1,200,100,0.7181725502014161,0.049895833333333334,0.9051317548787754,0.5022641509433963,0.6434486091753295,26.943396226415093,500.0,0.5447619047619048,0.5447619047619048,260.0,0.5,0.9615601667259998,0.8118623355550681,1.0,0.004
8,50,1,2.5,1.0,0.9,0.1,200,100,0.7181725502014161,0.049895833333333334,0.8982276571872048,0.48339622641509433,0.6232258184003499,28.32075471698113,500.0,0.5312925170068027,0.5312925170068027,285.0,0.5,0.9604790954669514,0.7952168222838925,1.0,0.004857142857142857
9,50,1,2.5,1.0,0.9,0.1,200,100,0.7181725502014161,0.049895833333333334,0.8892435837110456,0.4837735849056604,0.6190184706182893,28.37735849056604,500.0,0.5491156462585034,0.5491156462585034,250.0,0.3333333333333333,0.959394007357304,0.7875523035214117,0.6666666666666666,0.0034285714285714284
10,50,1,2.5,1.0,0.9,0.1,200,100,0.7181725502014161,0.049895833333333334,0.9157851259400385,0.48716981132075465,0.6279564626280804,27.69811320754717,500.0,0.509251700680272,0.509251700680272,228.33333333333334,0.16666666666666666,0.9593638364779874,0.8013633357696913,1.0,0.002857142857142857
11,50,1,2.5,1.0,0.9,0.1,200,100,0.7181725502014161,0.049895833333333334,0.8936797495212944,0.49358490566037727,0.6311159507617674,27.88679245283019,500.0,0.56,0.56,198.33333333333334,0.16666666666666666,0.954339495075353,0.7708873277161002,0.6666666666666666,0.005714285714285714
12,50,1,2.5,1.0,0.9,0.1,200,100,0.7181725502014161,0.049895833333333334,0.9053362735156651,0.5071698113207548,0.6451706290606614,27.32075471698113,500.0,0.5425850340136055,0.5425850340136055,338.3333333333333,0.3333333333333333,0.9589706508840631,0.7868634030428565,1.0,0.004285714285714286
13,50,1,2.5,1.0,0.9,0.1,200,100,0.7181725502014161,0.049895833333333334,0.9112942906150687,0.48490566037735855,0.6199541733395045,28.18867924528302,500.0,0.5099319727891157,0.5099319727891157,320.0,0.3333333333333333,0.9603938931410941,0.791768126121811,0.6666666666666666,0.0014285714285714286
14,50,1,2.5,1.0,0.9,0.1,200,100,0.7181725502014161,0.049895833333333334,0.8768995887304564,0.4739622641509434,0.6083869957182982,29.77358490566038,500.0,0.5076190476190476,0.5076190476190476,321.6666666666667,0.3333333333333333,0.9606683991930699,0.7523589690903029,0.3333333333333333,0.008571428571428572
15,50,1,2.5,1.0,0.9,0.1,200,100,0.7181725502014161,0.049895833333333334,0.8978713968203488,0.4969811320754718,0.6329992710757028,27.37735849056604,500.0,0.5243537414965986,0.5243537414965986,325.0,0.5,0.9599229915747004,0.8073090468117514,1.0,0.0054285714285714284
16,50,1,2.5,1.0,0.9,0.1,200,100,0.7181725502014161,0.049895833333333334,0.8923567458116486,0.5147169811320754,0.649837889581184,26.90566037735849,500.0,0.5719727891156462,0.5719727891156462,270.0,0.16666666666666666,0.9617160184525928,0.7955242254929872,1.0,0.006
17,50,1,2.5,1.0,0.9,0.1,200,100,0.7181725502014161,0.049895833333333334,0.9208877290084028,0.5199999999999998,0.6626175515081156,26.132075471698112,500.0,0.573877551020408,0.573877551020408,328.3333333333333,0.3333333333333333,0.9639720021953245,0.8076853302664505,0.6666666666666666,0.004571428571428572
18,50,1,2.5,1.0,0.9,0.1,200,100,0.7181725502014161,0.049895833333333334,0.8994104163507536,0.4807547169811321,0.6148688881727116,28.07547169811321,500.0,0.5575510204081632,0.5575510204081632,243.33333333333334,0.3333333333333333,0.9605555684110597,0.7975955642492498,1.0,0.0037142857142857142
19,50,1,2.5,1.0,0.9,0.1,200,100,0.7181725502014161,0.049895833333333334,0.9080010123253706,0.4837735849056603,0.6239561968426756,27.867924528301888,500.0,0.5280272108843538,0.5280272108843538,356.6666666666667,0.16666666666666666,0.9582558472766108,0.7985714155851871,1.0,0.0034285714285714284
0,50,1,2.5,1.0,0.97,0.05,200,100,0.7181725502014161,0.049895833333333334,0.8919185448698006,0.5177358490566037,0.6436057218415024,26.754716981132077,500.0,0.6115646258503401,0.6115646258503401,351.6666666666667,0.3333333333333333,0.9533842055298446,0.7796258837845648,0.6666666666666666,0.003142857142857143
1,50,1,2.5,1.0,0.97,0.05,200,100,0.7181725502014161,0.049895833333333334,0.8749565152758239,0.4966037735849056,0.6255800952820086,28.09433962264151,500.0,0.5814965986394558,0.5814965986394558,373.3333333333333,0.5,0.9535070458051501,0.7416422582367519,1.0,0.006857142857142857
2,50,1,2.5,1.0,0.97,0.05,200,100,0.7181725502014161,0.049895833333333334,0.9045806178530673,0.4856603773584906,0.6261744122247341,28.132075471698112,500.0,0.5635374149659864,0.5635374149659864,216.66666666666666,0.0,0.9583796339147976,0.7755525183226107,1.0,0.004285714285714286
3,50,1,2.5,1.0,0.97,0.05,200,100,0.7181725502014161,0.049895833333333334,0.8754367935288329,0.5139622641509435,0.6424937168002415,27.660377358490567,500.0,0.5597278911564626,0.5597278911564626,285.0,0.16666666666666666,0.958600919662988,0.7716399549558686,1.0,0.004857142857142857
4,50,1,2.5,1.0,0.97,0.05,200,100,0.7181725502014161,0.049895833333333334,0.8738231565744393,0.45622641509433953,0.5902464865661163,30.07547169811321,500.0,0.5291156462585034,0.5291156462585034,281.6666666666667,0.3333333333333333,0.9501741812032752,0.7434376960632979,0.6666666666666666,0.0025714285714285713
5,50,1,2.5,1.0,0.97,0.05,200,100,0.7181725502014161,0.049895833333333334,0.8610928667888702,0.5022641509433963,0.6278532431086022,28.528301886792452,500.0,0.5540136054421768,0.5540136054421768,325.0,0.5,0.9501511288121515,0.7380241614667363,0.6666666666666666,0.0054285714285714284
6,50,1,2.5,1.0,0.97,0.05,200,100,0.7181725502014161,0.049895833333333334,0.864884829771475,0.46981132075471704,0.5934305217159171,30.056603773584907,500.0,0.5385034013605442,0.5385034013605442,340.0,0.16666666666666666,0.9541534175863297,0.7303211623467253,1.0,0.0034285714285714284
7,50,1,2.5,1.0,0.97,0.05,200,100,0.7181725502014161,0.049895833333333334,0.8911659270303488,0.5018867924528303,0.6382655905461831,27.547169811320753,500.0,0.5380952380952381,0.5380952380952381,256.6666666666667,0.5,0.9581449151536727,0.7823570080689741,1.0,0.004
8,50,1,2.5,1.0,0.97,0.05,200,100,0.7181725502014161,0.049895833333333334,0.8770326986601509,0.4864150943396226,0.6190143397830178,28.88679245283019,500.0,0.5365986394557823,0.5365986394557823,288.3333333333333,0.5,0.9561829417348997,0.7587284778944741,1.0,0.004857142857142857
9,50,1,2.5,1.0,0.97,0.05,200,100,0.7181725502014161,0.049895833333333334,0.8791067528806371,0.49245283018867925,0.6242655051177051,28.37735849056604,500.0,0.5469387755102041,0.5469387755102041,248.33333333333334,0.3333333333333333,0.9562153880384479,0.7611969511944124,0.6666666666666666,0.0034285714285714284
10,50,1,2.5,1.0,0.97,0.05,200,100,0.7181725502014161,0.049895833333333334,0.9090991850385908,0.48339622641509433,0.6233594048166007,28.07547169811321,500.0,0.5159183673469387,0.5159183673469387,218.33333333333334,0.16666666666666666,0.9555660273525572,0.775686569507465,1.0,0.002857142857142857
11,50,1,2.5,1.0,0.97,0.05,200,100,0.7181725502014161,0.049895833333333334,0.871693280876417,0.4992452830188679,0.628450033242291,28.49056603773585,500.0,0.571156462585034,0.571156462585034,198.33333333333334,0.16666666666666666,0.9490161074522369,0.72891098292313,0.6666666666666666,0.005714285714285714
12,50,1,2.5,1.0,0.97,0.05,200,100,0.7181725502014161,0.049895833333333334,0.8916142448972527,0.5022641509433963,0.6382941552470268,27.9811320754717,500.0,0.5500680272108843,0.5500680272108843,335.0,0.3333333333333333,0.9553025854396583,0.7599079281488137,1.0,0.004285714285714286
13,50,1,2.5,1.0,0.97,0.05,200,100,0.7181725502014161,0.049895833333333334,0.8907088814492139,0.4750943396226416,0.6066360830134283,29.28301886792453,500.0,0.503265306122449,0.503265306122449,321.6666666666667,0.3333333333333333,0.958010490091373,0.7614859644456793,0.6666666666666666,0.0014285714285714286
14,50,1,2.5,1.0,0.97,0.05,200,100,0.7181725502014161,0.049895833333333334,0.8362680238715187,0.4660377358490566,0.587737379456122,32.16981132075472,500.0,0.5110204081632653,0.5110204081632653,323.3333333333333,0.3333333333333333,0.9538424187136585,0.6855904222046315,0.3333333333333333,0.008571428571428572
15,50,1,2.5,1.0,0.97,0.05,200,100,0.7181725502014161,0.049895833333333334,0.8857257868536378,0.49962264150943403,0.6303737433343441,27.849056603773583,500.0,0.5370068027210885,0.5370068027210885,326.6666666666667,0.5,0.9560570769550255,0.7691094318079914,1.0,0.0054285714285714284
16,50,1,2.5,1.0,0.97,0.05,200,100,0.7181725502014161,0.049895833333333334,0.8740305881064295,0.5064150943396226,0.6369554521439444,28.132075471698112,500.0,0.5673469387755102,0.5673469387755102,268.3333333333333,0.16666666666666666,0.956216126735493,0.7540495745866406,1.0,0.006
17,50,1,2.5,1.0,0.97,0.05,200,100,0.7181725502014161,0.049895833333333334,0.8810641736251805,0.5132075471698113,0.6442995365538917,27.92452830188679,500.0,0.56421768707483,0.56421768707483,316.6666666666667,0.3333333333333333,0.9594420360151893,0.7719513697824905,0.6666666666666666,0.004571428571428572
18,50,1,2.5,1.0,0.97,0.05,200,100,0.7181725502014161,0.049895833333333334,0.8823360191757951,0.4864150943396226,0.6165134759802735,28.22641509433962,500.0,0.5722448979591838,0.5722448979591838,250.0,0.3333333333333333,0.9574301679126617,0.7694777643036086,1.0,0.0037142857142857142
19,50,1,2.5,1.0,0.97,0.05,200,100,0.7181725502014161,0.049895833333333334,0.8958478519239165,0.48905660377358495,0.6253732160396619,28.037735849056602,500.0,0.5265306122448979,0.5265306122448979,338.3333333333333,0.16666666666666666,0.9549051871959179,0.7708544916304779,1.0,0.0034285714285714284
0,50,1,5.0,0.1,0.9,0.1,250,125,0.6042813062667848,0.04989473684210526,0.9005557085421613,0.5264150943396226,0.6569806241024017,26.41509433962264,500.0,0.6312925170068028,0.6312925170068028,360.0,0.5,0.9603059956093509,0.8068900666360785,0.6666666666666666,0.004285714285714286
1,50,1,5.0,0.1,0.9,0.1,250,125,0.6042813062667848,0.04989473684210526,0.9008084564198321,0.489811320754717,0.6282285258390881,27.81132075471698,500.0,0.5940136054421769,0.5940136054421769,306.6666666666667,0.5,0.9613029325382698,0.7899038034240646,1.0,0.006
2,50,1,5.0,0.1,0.9,0.1,250,125,0.6042813062667848,0.04989473684210526,0.9174242854752743,0.4747169811320755,0.6187520221413998,28.830188679245282,500.0,0.5668027210884354,0.5668027210884354,213.33333333333334,0.16666666666666666,0.960374577251691,0.7967415358800197,1.0,0.0037142857142857142
3,50,1,5.0,0.1,0.9,0.1,250,125,0.6042813062667848,0.04989473684210526,0.9055845272738571,0.529056603773585,0.6637623589954563,25.867924528301888,500.0,0.5914285714285715,0.5914285714285715,273.3333333333333,0.3333333333333333,0.9647875415331671,0.827762262404188,1.0,0.0034285714285714284
4,50,1,5.0,0.1,0.9,0.1,250,125,0.6042813062667848,0.04989473684210526,0.903460888930763,0.49094339622641503,0.6308012532378923,27.92452830188679,500.0,0.5585034013605442,0.5585034013605442,311.6666666666667,0.3333333333333333,0.9582156550373798,0.7928805102922925,0.6666666666666666,0.008285714285714285
5,50,1,5.0,0.1,0.9,0.1,250,125,0.6042813062667848,0.04989473684210526,0.8952576095204989,0.5060377358490566,0.6389119342938158,27.37735849056604,500.0,0.579047619047619,0.579047619047619,321.6666666666667,0.3333333333333333,0.9511588762311617,0.7767011688080024,1.0,0.005142857142857143
6,50,1,5.0,0.1,0.9,0.1,250,125,0.6042813062667848,0.04989473684210526,0.8993710642167837,0.4969811320754718,0.6304469437377134,28.11320754716981,500.0,0.557687074829932,0.557687074829932,401.6666666666667,0.5,0.9648985196392548,0.7993496414850674,1.0,0.003142857142857143
7,50,1,5.0,0.1,0.9,0.1,250,125,0.6042813062667848,0.04989473684210526,0.9095412482289746,0.5011320754716981,0.6432489188903258,27.41509433962264,500.0,0.5499319727891155,0.5499319727891155,266.6666666666667,0.5,0.9630668847157945,0.8060592607714442,1.0,0.004571428571428572
8,50,1,5.0,0.1,0.9,0.1,250,125,0.6042813062667848,0.04989473684210526,0.9234991007815189,0.5109433962264152,0.6544902823000716,26.849056603773583,500.0,0.5795918367346938,0.5795918367346938,276.6666666666667,0.5,0.9641558665598671,0.8263328006518086,1.0,0.004857142857142857
9,50,1,5.0,0.1,0.9,0.1,250,125,0.6042813062667848,0.04989473684210526,0.8971550890487513,0.49132075471698117,0.6257678175346489,28.60377358490566,500.0,0.5536054421768708,0.5536054421768708,260.0,0.5,0.9613620045686484,0.7816610642359078,0.6666666666666666,0.003142857142857143
10,50,1,5.0,0.1,0.9,0.1,250,125,0.6042813062667848,0.04989473684210526,0.9169741582786475,0.4939622641509433,0.6375968066424915,27.71698113207547,500.0,0.5152380952380952,0.5152380952380952,290.0,0.3333333333333333,0.9640027767888928,0.8103418236402062,1.0,0.002285714285714286
11,50,1,5.0,0.1,0.9,0.1,250,125,0.6042813062667848,0.04989473684210526,0.9180871632394287,0.5139622641509435,0.654189608473168,26.77358490566038,500.0,0.5839455782312926,0.5839455782312926,231.66666666666666,0.16666666666666666,0.9573562596416281,0.7926364632816117,0.6666666666666666,0.006
12,50,1,5.0,0.1,0.9,0.1,250,125,0.6042813062667848,0.04989473684210526,0.90601339140929,0.5445283018867925,0.6771229320459843,25.92452830188679,500.0,0.5719727891156462,0.5719727891156462,330.0,0.16666666666666666,0.9643442313397413,0.7921573148419305,1.0,0.006857142857142857
13,50,1,5.0,0.1,0.9,0.1,250,125,0.6042813062667848,0.04989473684210526,0.9237783436238961,0.5267924528301887,0.6642413450212589,26.60377358490566,500.0,0.5629931972789116,0.5629931972789116,338.3333333333333,0.3333333333333333,0.9642313827578023,0.8140151415522006,0.6666666666666666,0.0037142857142857142
14,50,1,5.0,0.1,0.9,0.1,250,125,0.6042813062667848,0.04989473684210526,0.9135753275218024,0.4867924528301886,0.6282416620052386,28.18867924528302,500.0,0.522312925170068,0.522312925170068,328.3333333333333,0.5,0.9632052821288715,0.7929286885079981,0.6666666666666666,0.004571428571428572
15,50,1,5.0,0.1,0.9,0.1,250,125,0.6042813062667848,0.04989473684210526,0.9049809055618391,0.4950943396226416,0.6316552429138302,27.28301886792453,500.0,0.5229931972789116,0.5229931972789116,325.0,0.5,0.9612149964400143,0.8270080719567764,1.0,0.0034285714285714284
16,50,1,5.0,0.1,0.9,0.1,250,125,0.6042813062667848,0.04989473684210526,0.9279919485897682,0.520377358490566,0.663141988089499,26.150943396226417,500.0,0.5855782312925171,0.5855782312925171,306.6666666666667,0.16666666666666666,0.9655185549424469,0.8195337741674557,0.6666666666666666,0.004571428571428572
17,50,1,5.0,0.1,0.9,0.1,250,125,0.6042813062667848,0.04989473684210526,0.909461700877816,0.5086792452830189,0.6486375375410084,27.547169811320753,500.0,0.5829931972789115,0.5829931972789115,340.0,0.5,0.9616607941734899,0.7892689059885399,0.6666666666666666,0.004
18,50,1,5.0,0.1,0.9,0.1,250,125,0.6042813062667848,0.04989473684210526,0.8995002495918346,0.49660377358490565,0.6294504006513411,27.62264150943396,500.0,0.5612244897959183,0.5612244897959183,250.0,0.3333333333333333,0.9612816423400973,0.801610592021316,1.0,0.002857142857142857
19,50,1,5.0,0.1,0.9,0.1,250,125,0.6042813062667848,0.04989473684210526,0.9036865467017001,0.5105660377358491,0.6492154939518859,27.20754716981132,500.0,0.5587755102040817,0.5587755102040817,355.0,0.3333333333333333,0.9622461477987422,0.8055517029729936,1.0,0.004857142857142857
0,50,1,5.0,0.1,0.97,0.05,250,125,0.6042813062667848,0.04989473684210526,0.8917778508295718,0.5339622641509434,0.6583548009141041,26.37735849056604,500.0,0.6371428571428571,0.6371428571428571,360.0,0.5,0.9579295478818085,0.7914114974008712,0.6666666666666666,0.004285714285714286
1,50,1,5.0,0.1,0.97,0.05,250,125,0.6042813062667848,0.04989473684210526,0.887425295558281,0.4830188679245284,0.6188286702085304,28.566037735849058,500.0,0.5978231292517007,0.5978231292517007,303.3333333333333,0.5,0.9573588554645781,0.759632407844364,1.0,0.006
2,50,1,5.0,0.1,0.97,0.05,250,125,0.6042813062667848,0.04989473684210526,0.916586652051829,0.48226415094339625,0.6252482062366977,28.528301886792452,500.0,0.5657142857142857,0.5657142857142857,195.0,0.16666666666666666,0.9582187744749021,0.7820389691227148,1.0,0.0037142857142857142
3,50,1,5.0,0.1,0.97,0.05,250,125,0.6042813062667848,0.04989473684210526,0.9035365343581073,0.5316981132075472,0.6663945321344147,25.830188679245282,500.0,0.580952380952381,0.580952380952381,251.66666666666666,0.16666666666666666,0.9628294188323246,0.8128215999047688,1.0,0.0034285714285714284
4,50,1,5.0,0.1,0.97,0.05,250,125,0.6042813062667848,0.04989473684210526,0.8880247748205572,0.5003773584905661,0.6334719260735352,28.07547169811321,500.0,0.5676190476190476,0.5676190476190476,308.3333333333333,0.3333333333333333,0.9545340379138484,0.7626260691230472,0.6666666666666666,0.008285714285714285
5,50,1,5.0,0.1,0.97,0.05,250,125,0.6042813062667848,0.04989473684210526,0.884994774840724,0.5154716981132076,0.6446751705906607,27.28301886792453,500.0,0.5707482993197278,0.5707482993197278,326.6666666666667,0.3333333333333333,0.9475946733713065,0.7549960291197578,1.0,0.005142857142857143
6,50,1,5.0,0.1,0.97,0.05,250,125,0.6042813062667848,0.04989473684210526,0.8906506545575165,0.49433962264150955,0.6255982331935988,28.50943396226415,500.0,0.5570068027210885,0.5570068027210885,365.0,0.3333333333333333,0.9624717544796487,0.7816624748867915,1.0,0.003142857142857143
7,50,1,5.0,0.1,0.97,0.05,250,125,0.6042813062667848,0.04989473684210526,0.901498958203537,0.5037735849056604,0.6424323546307891,27.58490566037736,500.0,0.5476190476190476,0.5476190476190476,268.3333333333333,0.5,0.9609776581227009,0.788200320374589,1.0,0.004571428571428572
8,50,1,5.0,0.1,0.97,0.05,250,125,0.6042813062667848,0.04989473684210526,0.9185802961625503,0.509433962264151,0.6516222962875798,27.056603773584907,500.0,0.5749659863945578,0.5749659863945578,285.0,0.5,0.9627315503737985,0.8127672298194603,1.0,0.004857142857142857
9,50,1,5.0,0.1,0.97,0.05,250,125,0.6042813062667848,0.04989473684210526,0.8850423112905144,0.49169811320754714,0.6229459659576291,29.0,500.0,0.555374149659864,0.555374149659864,261.6666666666667,0.5,0.9581096861279221,0.7546821764842566,0.6666666666666666,0.003142857142857143
10,50,1,5.0,0.1,0.97,0.05,250,125,0.6042813062667848,0.04989473684210526,0.9159851504191125,0.5037735849056604,0.6454377688329526,27.28301886792453,500.0,0.5250340136054422,0.5250340136054422,290.0,0.3333333333333333,0.9621516939598909,0.8017424831148329,1.0,0.002285714285714286
11,50,1,5.0,0.1,0.97,0.05,250,125,0.6042813062667848,0.04989473684210526,0.9051171266754057,0.519245283018868,0.6553737029953848,26.962264150943398,500.0,0.5814965986394558,0.5814965986394558,223.33333333333334,0.16666666666666666,0.9538469013290614,0.7689443847403686,0.6666666666666666,0.006
12,50,1,5.0,0.1,0.97,0.05,250,125,0.6042813062667848,0.04989473684210526,0.899293615606892,0.540377358490566,0.6717300272934018,26.37735849056604,500.0,0.572108843537415,0.572108843537415,313.3333333333333,0.0,0.9604602483090068,0.7711204726806239,1.0,0.006857142857142857
13,50,1,5.0,0.1,0.97,0.05,250,125,0.6042813062667848,0.04989473684210526,0.924497329089092,0.5286792452830189,0.6651053796407026,26.471698113207548,500.0,0.5628571428571428,0.5628571428571428,330.0,0.3333333333333333,0.9622042660496025,0.806292544767427,0.6666666666666666,0.0037142857142857142
14,50,1,5.0,0.1,0.97,0.05,250,125,0.6042813062667848,0.04989473684210526,0.9038035881863423,0.47660377358490574,0.6168343938519557,28.9811320754717,500.0,0.5262585034013606,0.5262585034013606,326.6666666666667,0.3333333333333333,0.9599733787231518,0.7707231260392664,0.6666666666666666,0.004571428571428572
15,50,1,5.0,0.1,0.97,0.05,250,125,0.6042813062667848,0.04989473684210526,0.892370534481763,0.4950943396226416,0.6282723018794817,27.754716981132077,500.0,0.5287074829931973,0.5287074829931973,281.6666666666667,0.3333333333333333,0.9579370416518334,0.7978997843740785,1.0,0.0034285714285714284
16,50,1,5.0,0.1,0.97,0.05,250,125,0.6042813062667848,0.04989473684210526,0.9238726685395138,0.5230188679245282,0.6644688286920721,26.132075471698112,500.0,0.5917006802721089,0.5917006802721089,298.3333333333333,0.16666666666666666,0.9637390916103002,0.8086900771972164,0.6666666666666666,0.004571428571428572
17,50,1,5.0,0.1,0.97,0.05,250,125,0.6042813062667848,0.04989473684210526,0.8945242265073593,0.5052830188679244,0.6418077410763858,28.169811320754718,500.0,0.5751020408163265,0.5751020408163265,286.6666666666667,0.3333333333333333,0.9582253248487006,0.7692054705460185,0.6666666666666666,0.004
18,50,1,5.0,0.1,0.97,0.05,250,125,0.6042813062667848,0.04989473684210526,0.8947755221637891,0.5094339622641509,0.6408298333364677,27.09433962264151,500.0,0.5736054421768707,0.5736054421768707,268.3333333333333,0.5,0.9598957280170879,0.7932208152919142,1.0,0.002857142857142857
19,50,1,5.0,0.1,0.97,0.05,250,125,0.6042813062667848,0.04989473684210526,0.8939101000802614,0.52,0.6540978650879732,27.132075471698112,500.0,0.5635374149659863,0.5635374149659863,338.3333333333333,0.3333333333333333,0.9590449774534235,0.7886051746927363,1.0,0.004857142857142857
0,50,1,5.0,1.0,0.9,0.05,250,125,0.5916008949279786,0.04989473684210526,0.8833929097754054,0.5441509433962264,0.6658879015554209,25.830188679245282,500.0,0.6340136054421769,0.6340136054421769,363.3333333333333,0.5,0.9577385590957637,0.7860206932057986,0.6666666666666666,0.004571428571428572
1,50,1,5.0,1.0,0.9,0.05,250,125,0.5916008949279786,0.04989473684210526,0.8688845754585829,0.4852830188679246,0.6148619405494827,28.735849056603772,500.0,0.5978231292517007,0.5978231292517007,301.6666666666667,0.5,0.9548565355405245,0.743640495597217,1.0,0.006
2,50,1,5.0,1.0,0.9,0.05,250,125,0.5916008949279786,0.04989473684210526,0.9087697790312048,0.48490566037735855,0.6260080145240742,28.150943396226417,500.0,0.566530612244898,0.566530612244898,193.33333333333334,0.16666666666666666,0.9563776744393022,0.7748355180769374,1.0,0.0037142857142857142
3,50,1,5.0,1.0,0.9,0.05,250,125,0.5916008949279786,0.04989473684210526,0.8893855617295442,0.5226415094339624,0.6550880059010656,26.50943396226415,500.0,0.5727891156462586,0.5727891156462586,243.33333333333334,0.16666666666666666,0.9606008573632372,0.7989039065265218,1.0,0.0037142857142857142
4,50,1,5.0,1.0,0.9,0.05,250,125,0.5916008949279786,0.04989473684210526,0.8593966228578179,0.5045283018867925,0.6284005358385931,28.849056603773583,500.0,0.5631292517006802,0.5631292517006802,306.6666666666667,0.3333333333333333,0.9519051352794589,0.737659481542993,0.6666666666666666,0.008571428571428572
5,50,1,5.0,1.0,0.9,0.05,250,125,0.5916008949279786,0.04989473684210526,0.8541803161276864,0.5056603773584906,0.6286180311599905,28.30188679245283,500.0,0.5606802721088435,0.5606802721088435,311.6666666666667,0.3333333333333333,0.9443314880740477,0.7310583057455327,1.0,0.005142857142857143
6,50,1,5.0,1.0,0.9,0.05,250,125,0.5916008949279786,0.04989473684210526,0.8846703394158224,0.49396226415094346,0.6239456853683515,28.452830188679247,500.0,0.5541496598639456,0.5541496598639456,353.3333333333333,0.3333333333333333,0.9619039842173964,0.7796425382658189,1.0,0.003142857142857143
7,50,1,5.0,1.0,0.9,0.05,250,125,0.5916008949279786,0.04989473684210526,0.8861554582960768,0.4950943396226415,0.6304647179784106,28.11320754716981,500.0,0.5341496598639456,0.5341496598639456,268.3333333333333,0.5,0.9587111486887385,0.7772490385704062,1.0,0.004285714285714286
8,50,1,5.0,1.0,0.9,0.05,250,125,0.5916008949279786,0.04989473684210526,0.9041359485799915,0.5139622641509435,0.6528068607977877,26.849056603773583,500.0,0.5704761904761905,0.5704761904761905,285.0,0.5,0.9615814776907559,0.8048879495819834,1.0,0.004857142857142857
9,50,1,5.0,1.0,0.9,0.05,250,125,0.5916008949279786,0.04989473684210526,0.8796342427444286,0.47735849056603774,0.6076537861605671,29.28301886792453,500.0,0.5463945578231292,0.5463945578231292,261.6666666666667,0.5,0.9569449270202919,0.7505545878506406,0.6666666666666666,0.003142857142857143
10,50,1,5.0,1.0,0.9,0.05,250,125,0.5916008949279786,0.04989473684210526,0.9120338416832133,0.5045283018867924,0.6460674057449619,26.962264150943398,500.0,0.5171428571428571,0.5171428571428571,290.0,0.3333333333333333,0.9607349738934378,0.8048419980183342,1.0,0.002285714285714286
11,50,1,5.0,1.0,0.9,0.05,250,125,0.5916008949279786,0.04989473684210526,0.8897320148292271,0.52,0.6505781786920265,26.92452830188679,500.0,0.5742857142857143,0.5742857142857143,221.66666666666666,0.16666666666666666,0.9531663388513113,0.7652665147671975,0.6666666666666666,0.006285714285714286
12,50,1,5.0,1.0,0.9,0.05,250,125,0.5916008949279786,0.04989473684210526,0.8779931299619155,0.5381132075471698,0.664167222785615,27.056603773584907,500.0,0.5676190476190476,0.5676190476190476,291.6666666666667,0.0,0.9574913358846565,0.7541052194657736,1.0,0.007142857142857143
13,50,1,5.0,1.0,0.9,0.05,250,125,0.5916008949279786,0.04989473684210526,0.9158930959816696,0.5207547169811321,0.6587527637454802,26.39622641509434,500.0,0.546530612244898,0.546530612244898,338.3333333333333,0.3333333333333333,0.9621218301293462,0.8112653577767929,0.6666666666666666,0.0034285714285714284
14,50,1,5.0,1.0,0.9,0.05,250,125,0.5916008949279786,0.04989473684210526,0.8933420204915887,0.46905660377358505,0.6060415289615451,29.358490566037737,500.0,0.5214965986394557,0.5214965986394557,326.6666666666667,0.3333333333333333,0.9582382475970096,0.7580939841712595,0.6666666666666666,0.004571428571428572
15,50,1,5.0,1.0,0.9,0.05,250,125,0.5916008949279786,0.04989473684210526,0.8705629702541449,0.5067924528301887,0.6340060846989112,27.943396226415093,500.0,0.5345578231292517,0.5345578231292517,265.0,0.16666666666666666,0.956399592084965,0.77624949748136,1.0,0.0037142857142857142
16,50,1,5.0,1.0,0.9,0.05,250,125,0.5916008949279786,0.04989473684210526,0.9087420380735404,0.5143396226415093,0.6548039261695525,26.28301886792453,500.0,0.5854421768707483,0.5854421768707483,285.0,0.16666666666666666,0.961952046991812,0.8052232539553477,0.6666666666666666,0.004857142857142857
17,50,1,5.0,1.0,0.9,0.05,250,125,0.5916008949279786,0.04989473684210526,0.8816599179277784,0.5083018867924527,0.640639235819222,28.0,500.0,0.5778231292517007,0.5778231292517007,280.0,0.3333333333333333,0.9561117182864601,0.7606340193837787,0.6666666666666666,0.004
18,50,1,5.0,1.0,0.9,0.05,250,125,0.5916008949279786,0.04989473684210526,0.8818931435120545,0.5030188679245283,0.6325373515398668,27.169811320754718,500.0,0.567891156462585,0.567891156462585,230.0,0.3333333333333333,0.9590513972944108,0.7944343105690933,1.0,0.002857142857142857
19,50,1,5.0,1.0,0.9,0.05,250,125,0.5916008949279786,0.04989473684210526,0.8706968836677591,0.5271698113207546,0.6519338310333666,27.358490566037737,500.0,0.5591836734693878,0.5591836734693878,330.0,0.3333333333333333,0.9560888438946245,0.7662123714886436,1.0,0.005142857142857143
0,50,1,5.0,1.0,0.97,0.1,250,125,0.5916008949279786,0.04989473684210526,0.9108562186132806,0.5192452830188679,0.6528157953706277,25.830188679245282,500.0,0.6238095238095238,0.6238095238095238,361.6666666666667,0.5,0.9605419143823425,0.8305100086392057,0.6666666666666666,0.004571428571428572
1,50,1,5.0,1.0,0.97,0.1,250,125,0.5916008949279786,0.04989473684210526,0.9114027919777757,0.47886792452830185,0.6205137803822505,27.67924528301887,500.0,0.5903401360544218,0.5903401360544218,308.3333333333333,0.5,0.9628379286816187,0.8216906432309056,1.0,0.006
2,50,1,5.0,1.0,0.97,0.1,250,125,0.5916008949279786,0.04989473684210526,0.9199040095443483,0.4600000000000001,0.6052257503056369,28.88679245283019,500.0,0.5529251700680272,0.5529251700680272,226.66666666666666,0.16666666666666666,0.9619202592856295,0.8219932528866553,1.0,0.0037142857142857142
3,50,1,5.0,1.0,0.97,0.1,250,125,0.5916008949279786,0.04989473684210526,0.9220299543322272,0.5158490566037737,0.6554838559958998,25.754716981132077,500.0,0.5829931972789115,0.5829931972789115,281.6666666666667,0.5,0.9654498027174558,0.8489998026780621,1.0,0.0037142857142857142
4,50,1,5.0,1.0,0.97,0.1,250,125,0.5916008949279786,0.04989473684210526,0.9152604276534428,0.4683018867924528,0.6127204415493005,28.264150943396228,500.0,0.5363265306122449,0.5363265306122449,310.0,0.5,0.9591793431826273,0.8202657571581984,0.6666666666666666,0.008571428571428572
5,50,1,5.0,1.0,0.97,0.1,250,125,0.5916008949279786,0.04989473684210526,0.9039528283662196,0.5018867924528302,0.6351574698097181,26.77358490566038,500.0,0.577687074829932,0.577687074829932,323.3333333333333,0.3333333333333333,0.9531887207784502,0.8075248815173565,1.0,0.005142857142857143
6,50,1,5.0,1.0,0.97,0.1,250,125,0.5916008949279786,0.04989473684210526,0.9079369259286689,0.48716981132075476,0.6224231282359324,27.71698113207547,500.0,0.552108843537415,0.552108843537415,398.3333333333333,0.5,0.9648011021122582,0.8213725284713581,1.0,0.003142857142857143
7,50,1,5.0,1.0,0.97,0.1,250,125,0.5916008949279786,0.04989473684210526,0.9217970517537344,0.4894339622641509,0.6348224815844605,27.056603773584907,500.0,0.5435374149659865,0.5435374149659865,266.6666666666667,0.5,0.963811928918951,0.8386428448286549,1.0,0.004285714285714286
8,50,1,5.0,1.0,0.97,0.1,250,125,0.5916008949279786,0.04989473684210526,0.9290238213313582,0.49849056603773584,0.6443398138801945,26.754716981132077,500.0,0.5685714285714286,0.5685714285714286,280.0,0.5,0.9641167971994778,0.8447471238416554,1.0,0.004857142857142857
9,50,1,5.0,1.0,0.97,0.1,250,125,0.5916008949279786,0.04989473684210526,0.9160837985227687,0.47433962264150953,0.6151874129741632,28.150943396226417,500.0,0.5376870748299319,0.5376870748299319,260.0,0.5,0.9630324403702385,0.8181427606098458,0.6666666666666666,0.003142857142857143
10,50,1,5.0,1.0,0.97,0.1,250,125,0.5916008949279786,0.04989473684210526,0.9243182236850009,0.4837735849056604,0.6294491941914216,27.62264150943396,500.0,0.5006802721088435,0.5006802721088435,301.6666666666667,0.3333333333333333,0.9638210039159844,0.8348897777539481,1.0,0.002285714285714286
11,50,1,5.0,1.0,0.97,0.1,250,125,0.5916008949279786,0.04989473684210526,0.9304397528811016,0.5033962264150943,0.6480610831978342,26.28301886792453,500.0,0.57578231292517,0.57578231292517,283.3333333333333,0.5,0.9596336107155571,0.8249353402594396,0.6666666666666666,0.006285714285714286
12,50,1,5.0,1.0,0.97,0.1,250,125,0.5916008949279786,0.04989473684210526,0.9237245820982108,0.5267924528301887,0.6671889058384708,25.943396226415093,500.0,0.5604081632653062,0.5604081632653062,331.6666666666667,0.16666666666666666,0.9645369170523318,0.821290323786815,1.0,0.007142857142857143
13,50,1,5.0,1.0,0.97,0.1,250,125,0.5916008949279786,0.04989473684210526,0.9296405770720394,0.5079245283018868,0.6491789763559642,26.566037735849058,500.0,0.5446258503401361,0.5446258503401361,348.3333333333333,0.5,0.9646817179897947,0.8322614704042639,0.6666666666666666,0.0034285714285714284
14,50,1,5.0,1.0,0.97,0.1,250,125,0.5916008949279786,0.04989473684210526,0.9239674626998123,0.4754716981132076,0.6198813650915219,28.0188679245283,500.0,0.514421768707483,0.514421768707483,326.6666666666667,0.5,0.9652185593924291,0.8245479534457542,0.6666666666666666,0.004571428571428572
15,50,1,5.0,1.0,0.97,0.1,250,125,0.5916008949279786,0.04989473684210526,0.9223645082201805,0.48641509433962266,0.6279873871152452,26.92452830188679,500.0,0.5112925170068028,0.5112925170068028,323.3333333333333,0.5,0.9624468731458408,0.8521698301454117,1.0,0.0037142857142857142
16,50,1,5.0,1.0,0.97,0.1,250,125,0.5916008949279786,0.04989473684210526,0.9305776016316031,0.5071698113207547,0.652438944403989,26.037735849056602,500.0,0.5775510204081633,0.5775510204081633,323.3333333333333,0.16666666666666666,0.9664229782247538,0.8427004915896285,0.6666666666666666,0.004857142857142857
17,50,1,5.0,1.0,0.97,0.1,250,125,0.5916008949279786,0.04989473684210526,0.9298683990873425,0.5003773584905661,0.6470209229219571,26.754716981132077,500.0,0.5681632653061225,0.5681632653061225,343.3333333333333,0.5,0.9642520069419722,0.8241009172519872,0.6666666666666666,0.004
18,50,1,5.0,1.0,0.97,0.1,250,125,0.5916008949279786,0.04989473684210526,0.9031240262344793,0.48603773584905663,0.6195746423752082,27.39622641509434,500.0,0.5560544217687075,0.5560544217687075,266.6666666666667,0.5,0.962135326925359,0.8275041657310398,1.0,0.002857142857142857
19,50,1,5.0,1.0,0.97,0.1,250,125,0.5916008949279786,0.04989473684210526,0.9186671323376266,0.4920754716981131,0.6369061509603181,27.169811320754718,500.0,0.5468027210884354,0.5468027210884354,353.3333333333333,0.3333333333333333,0.9633293149994067,0.8324097232893405,1.0,0.005142857142857143
0,50,2,2.5,0.1,0.9,0.05,250,125,1.2149633169174197,0.04989473684210526,0.7494709059891129,0.47509433962264136,0.5632897265538285,34.132075471698116,500.0,0.5514285714285715,0.5514285714285715,303.3333333333333,0.5,0.9349190121590029,0.6130137725009281,1.0,0.004571428571428572
1,50,2,2.5,0.1,0.9,0.05,250,125,1.2149633169174197,0.04989473684210526,0.645381405950343,0.48037735849056606,0.5380420906590846,40.113207547169814,500.0,0.5417687074829932,0.5417687074829932,268.3333333333333,0.16666666666666666,0.9377492830482286,0.5490348789398958,1.0,0.006571428571428572
2,50,2,2.5,0.1,0.9,0.05,250,125,1.2149633169174197,0.04989473684210526,0.7198647986636639,0.4981132075471699,0.5799679091985556,33.886792452830186,500.0,0.5428571428571428,0.5428571428571428,223.33333333333334,0.16666666666666666,0.9445465642467327,0.6116299175179416,1.0,0.004571428571428572
3,50,2,2.5,0.1,0.9,0.05,250,125,1.2149633169174197,0.04989473684210526,0.7016967830440544,0.5339622641509434,0.5954421161741815,35.471698113207545,500.0,0.5917006802721089,0.5917006802721089,218.33333333333334,0.3333333333333333,0.9453993423201565,0.6172665105259325,1.0,0.005714285714285714
4,50,2,2.5,0.1,0.9,0.05,250,125,1.2149633169174197,0.04989473684210526,0.8051972877047119,0.4716981132075472,0.5801900051383131,30.58490566037736,500.0,0.5502040816326531,0.5502040816326531,311.6666666666667,0.3333333333333333,0.9419548960814466,0.679251254111162,1.0,0.004
5,50,2,2.5,0.1,0.9,0.05,250,125,1.2149633169174197,0.04989473684210526,0.783007655152448,0.4803773584905661,0.5732715388141792,32.79245283018868,500.0,0.5478911564625851,0.5478911564625851,305.0,0.3333333333333333,0.9426449798695651,0.6504905426478987,1.0,0.0017142857142857142
6,50,2,2.5,0.1,0.9,0.05,250,125,1.2149633169174197,0.04989473684210526,0.732904515200786,0.4437735849056604,0.5318874300555961,36.528301886792455,500.0,0.5051700680272109,0.5051700680272109,306.6666666666667,0.3333333333333333,0.9373614222326616,0.5683753062727301,0.6666666666666666,0.004285714285714286
7,50,2,2.5,0.1,0.9,0.05,250,125,1.2149633169174197,0.04989473684210526,0.7484650157200378,0.46301886792452834,0.5488973273697075,34.83018867924528,500.0,0.5438095238095239,0.5438095238095239,226.66666666666666,0.3333333333333333,0.938851367291438,0.6037777748598148,1.0,0.0034285714285714284
8,50,2,2.5,0.1,0.9,0.05,250,125,1.2149633169174197,0.04989473684210526,0.7234073652246129,0.49132075471698117,0.5707667064940595,34.509433962264154,500.0,0.5327891156462585,0.5327891156462585,376.6666666666667,0.5,0.9424879411905033,0.6241078597765612,0.3333333333333333,0.0054285714285714284
9,50,2,2.5,0.1,0.9,0.05,250,125,1.2149633169174197,0.04989473684210526,0.8221516004573968,0.4792452830188679,0.5878659868061099,30.69811320754717,500.0,0.5428571428571428,0.5428571428571428,343.3333333333333,0.3333333333333333,0.9511064993595696,0.680864920927717,1.0,0.002857142857142857
10,50,2,2.5,0.1,0.9,0.05,250,125,1.2149633169174197,0.04989473684210526,0.7399930987581987,0.5290566037735849,0.6050325428159103,31.88679245283019,500.0,0.6025850340136053,0.6025850340136053,253.33333333333334,0.3333333333333333,0.9460162687679147,0.6504958694964172,1.0,0.004
11,50,2,2.5,0.1,0.9,0.05,250,125,1.2149633169174197,0.04989473684210526,0.7343622291900513,0.47849056603773577,0.5723802410172962,34.339622641509436,500.0,0.5593197278911565,0.5593197278911565,303.3333333333333,0.5,0.9437783956575514,0.6172126651803514,0.3333333333333333,0.006
12,50,2,2.5,0.1,0.9,0.05,250,125,1.2149633169174197,0.04989473684210526,0.8061968231617419,0.4716981132075472,0.5842150282371323,30.60377358490566,500.0,0.516734693877551,0.516734693877551,360.0,0.3333333333333333,0.9466892903150037,0.6829292954949281,0.6666666666666666,0.002857142857142857
13,50,2,2.5,0.1,0.9,0.05,250,125,1.2149633169174197,0.04989473684210526,0.7953034259274668,0.5018867924528302,0.597855198729667,30.245283018867923,500.0,0.5861224489795919,0.5861224489795919,250.0,0.5,0.9438831898940445,0.6780733446836964,1.0,0.0037142857142857142
14,50,2,2.5,0.1,0.9,0.05,250,125,1.2149633169174197,0.04989473684210526,0.731877233560446,0.4645283018867923,0.5546979648280308,34.698113207547166,500.0,0.501360544217687,0.501360544217687,325.0,0.16666666666666666,0.9368384639945976,0.604747201382353,1.0,0.004
15,50,2,2.5,0.1,0.9,0.05,250,125,1.2149633169174197,0.04989473684210526,0.7290400731048476,0.45999999999999996,0.5511748275510663,34.867924528301884,500.0,0.5197278911564626,0.5197278911564626,258.3333333333333,0.3333333333333333,0.9423089561167528,0.6142374661456594,1.0,0.004
16,50,2,2.5,0.1,0.9,0.05,250,125,1.2149633169174197,0.04989473684210526,0.7134842818827354,0.5018867924528303,0.577232934611111,34.9622641509434,500.0,0.6123809523809524,0.6123809523809524,340.0,0.3333333333333333,0.9453238236449116,0.6233500292324574,0.6666666666666666,0.0054285714285714284
17,50,2,2.5,0.1,0.9,0.05,250,125,1.2149633169174197,0.04989473684210526,0.6854802165993062,0.46113207547169816,0.5347823452279539,37.43396226415094,500.0,0.520952380952381,0.520952380952381,306.6666666666667,0.3333333333333333,0.93774331548447,0.585671869191583,1.0,0.005142857142857143
18,50,2,2.5,0.1,0.9,0.05,250,125,1.2149633169174197,0.04989473684210526,0.6783820939793941,0.4886792452830188,0.5520506911692313,38.264150943396224,500.0,0.5805442176870748,0.5805442176870748,270.0,0.3333333333333333,0.9411126188649884,0.5673533271364216,0.6666666666666666,0.006571428571428572
19,50,2,2.5,0.1,0.9,0.05,250,125,1.2149633169174197,0.04989473684210526,0.6188278942177616,0.4845283018867925,0.522080873920265,40.509433962264154,500.0,0.5579591836734693,0.5579591836734693,346.6666666666667,0.3333333333333333,0.9361025129095359,0.5465924928948537,1.0,0.0074285714285714285
0,50,2,2.5,0.1,0.97,0.1,250,125,1.2149633169174197,0.04989473684210526,0.8956330232031403,0.4716981132075472,0.6052829569082235,27.339622641509433,500.0,0.5356462585034013,0.5356462585034013,300.0,0.5,0.9490631739658608,0.7820752400926453,1.0,0.004571428571428572
1,50,2,2.5,0.1,0.97,0.1,250,125,1.2149633169174197,0.04989473684210526,0.8736304881365844,0.4633962264150943,0.6017680544649223,28.28301886792453,500.0,0.536326530612245,0.536326530612245,315.0,0.3333333333333333,0.9540421487633637,0.750655751181155,1.0,0.006571428571428572
2,50,2,2.5,0.1,0.97,0.1,250,125,1.2149633169174197,0.04989473684210526,0.8984974268252599,0.4716981132075472,0.6104451246116593,27.22641509433962,500.0,0.5361904761904762,0.5361904761904762,246.66666666666666,0.16666666666666666,0.9580290465477314,0.7838340182313686,1.0,0.004571428571428572
3,50,2,2.5,0.1,0.97,0.1,250,125,1.2149633169174197,0.04989473684210526,0.879294352687873,0.5256603773584906,0.6528822870779268,25.18867924528302,500.0,0.5870748299319728,0.5870748299319728,233.33333333333334,0.3333333333333333,0.9561925651348941,0.7994768788004711,1.0,0.005714285714285714
4,50,2,2.5,0.1,0.97,0.1,250,125,1.2149633169174197,0.04989473684210526,0.9079199126414225,0.4562264150943397,0.5928498207185845,27.69811320754717,500.0,0.5221768707482993,0.5221768707482993,280.0,0.3333333333333333,0.9513066652475658,0.8086701592831869,1.0,0.004
5,50,2,2.5,0.1,0.97,0.1,250,125,1.2149633169174197,0.04989473684210526,0.894923131772768,0.4656603773584906,0.600084907111107,27.641509433962263,500.0,0.5323809523809523,0.5323809523809523,308.3333333333333,0.3333333333333333,0.9481593860676104,0.7930833195535502,1.0,0.0017142857142857142
6,50,2,2.5,0.1,0.97,0.1,250,125,1.2149633169174197,0.04989473684210526,0.8781944704622128,0.4562264150943397,0.5900434178928107,28.471698113207548,500.0,0.5014965986394558,0.5014965986394558,331.6666666666667,0.3333333333333333,0.9489084878134715,0.7548833976379155,0.6666666666666666,0.004285714285714286
7,50,2,2.5,0.1,0.97,0.1,250,125,1.2149633169174197,0.04989473684210526,0.896169119722002,0.4554716981132075,0.5888701650307283,28.339622641509433,500.0,0.5299319727891156,0.5299319727891156,233.33333333333334,0.3333333333333333,0.9512436395532768,0.7751899676299076,1.0,0.0034285714285714284
8,50,2,2.5,0.1,0.97,0.1,250,125,1.2149633169174197,0.04989473684210526,0.8933026633078084,0.47396226415094334,0.609947408438136,27.20754716981132,500.0,0.5314285714285715,0.5314285714285715,326.6666666666667,0.5,0.9520946148792725,0.7935899027156181,0.3333333333333333,0.0054285714285714284
9,50,2,2.5,0.1,0.97,0.1,250,125,1.2149633169174197,0.04989473684210526,0.9155825199917291,0.46075471698113213,0.6005774336937617,27.547169811320753,500.0,0.5413605442176871,0.5413605442176871,355.0,0.5,0.9589563802652006,0.8163963707216211,1.0,0.002857142857142857
10,50,2,2.5,0.1,0.97,0.1,250,125,1.2149633169174197,0.04989473684210526,0.9014702007958794,0.519245283018868,0.6502536687470583,24.9811320754717,500.0,0.589795918367347,0.589795918367347,215.0,0.3333333333333333,0.9567589596033368,0.8074090975980419,1.0,0.004
11,50,2,2.5,0.1,0.97,0.1,250,125,1.2149633169174197,0.04989473684210526,0.8728881702558209,0.4603773584905661,0.5978264890401223,28.132075471698112,500.0,0.5391836734693878,0.5391836734693878,295.0,0.5,0.9516479034619943,0.7753343020757564,0.3333333333333333,0.006
12,50,2,2.5,0.1,0.97,0.1,250,125,1.2149633169174197,0.04989473684210526,0.911644950116496,0.4539622641509434,0.595853714119041,27.830188679245282,500.0,0.5087074829931973,0.5087074829931973,361.6666666666667,0.3333333333333333,0.9542944372469933,0.794482610652671,0.6666666666666666,0.002857142857142857
13,50,2,2.5,0.1,0.97,0.1,250,125,1.2149633169174197,0.04989473684210526,0.9290080756055792,0.4913207547169811,0.626404576551374,25.88679245283019,500.0,0.5760544217687075,0.5760544217687075,250.0,0.5,0.9540606027019191,0.7984956943267808,1.0,0.0037142857142857142
14,50,2,2.5,0.1,0.97,0.1,250,125,1.2149633169174197,0.04989473684210526,0.8850035191892279,0.45584905660377356,0.5889462230188988,28.09433962264151,500.0,0.5077551020408163,0.5077551020408163,365.0,0.3333333333333333,0.946533509008232,0.7655572007193444,1.0,0.004
15,50,2,2.5,0.1,0.97,0.1,250,125,1.2149633169174197,0.04989473684210526,0.8912159287562389,0.441132075471698,0.5799387052196874,28.88679245283019,500.0,0.5001360544217687,0.5001360544217687,280.0,0.5,0.9535181115193065,0.78536945956431,1.0,0.004
16,50,2,2.5,0.1,0.97,0.1,250,125,1.2149633169174197,0.04989473684210526,0.894673483793927,0.4973584905660378,0.6316552496317193,26.339622641509433,500.0,0.5985034013605443,0.5985034013605443,346.6666666666667,0.3333333333333333,0.957805245290359,0.7956533816943405,0.6666666666666666,0.0054285714285714284
17,50,2,2.5,0.1,0.97,0.1,250,125,1.2149633169174197,0.04989473684210526,0.8933799352631596,0.4554716981132075,0.5943482455565153,28.245283018867923,500.0,0.5151020408163265,0.5151020408163265,316.6666666666667,0.3333333333333333,0.9551415567781028,0.7818716565665379,1.0,0.005142857142857143
18,50,2,2.5,0.1,0.97,0.1,250,125,1.2149633169174197,0.04989473684210526,0.8712670332789677,0.4615094339622642,0.5968342322510534,28.169811320754718,500.0,0.5574149659863945,0.5574149659863945,265.0,0.3333333333333333,0.9542509026582451,0.7661686660715532,0.6666666666666666,0.006571428571428572
19,50,2,2.5,0.1,0.97,0.1,250,125,1.2149633169174197,0.04989473684210526,0.8621635620256647,0.47547169811320744,0.6021794331345368,27.754716981132077,500.0,0.544625850340136,0.544625850340136,383.3333333333333,0.3333333333333333,0.9525647253122328,0.7593868905923238,1.0,0.0074285714285714285
0,50,2,2.5,1.0,0.9,0.1,250,125,0.9849179983139039,0.04989473684210526,0.8675097582402538,0.4596226415094341,0.5817458112572601,29.22641509433962,500.0,0.5310204081632653,0.5310204081632653,308.3333333333333,0.5,0.947196120716548,0.7328058807762129,1.0,0.004285714285714286
1,50,2,2.5,1.0,0.9,0.1,250,125,0.9849179983139039,0.04989473684210526,0.792386036624991,0.46301886792452834,0.5774897030906163,31.641509433962263,500.0,0.5235374149659865,0.5235374149659865,313.3333333333333,0.3333333333333333,0.9477969780492012,0.6545382216388467,1.0,0.0074285714285714285
2,50,2,2.5,1.0,0.9,0.1,250,125,0.9849179983139039,0.04989473684210526,0.8449291070710542,0.4709433962264151,0.5958817856638382,28.92452830188679,500.0,0.5355102040816327,0.5355102040816327,231.66666666666666,0.16666666666666666,0.9565810784921809,0.7424367826261532,1.0,0.005142857142857143
3,50,2,2.5,1.0,0.9,0.1,250,125,0.9849179983139039,0.04989473684210526,0.8204283502790177,0.5169811320754717,0.6302224903094312,27.77358490566038,500.0,0.572108843537415,0.572108843537415,251.66666666666666,0.3333333333333333,0.9549479977832666,0.744100363671348,1.0,0.005714285714285714
4,50,2,2.5,1.0,0.9,0.1,250,125,0.9849179983139039,0.04989473684210526,0.8392079977459309,0.4826415094339623,0.6068591549818013,28.60377358490566,500.0,0.5331972789115645,0.5331972789115645,295.0,0.3333333333333333,0.949469184102645,0.7400544431872353,1.0,0.006285714285714286
5,50,2,2.5,1.0,0.9,0.1,250,125,0.9849179983139039,0.04989473684210526,0.8622761034910142,0.471698113207547,0.599633806687921,28.452830188679247,500.0,0.5308843537414966,0.5308843537414966,301.6666666666667,0.3333333333333333,0.9477508898129356,0.7601736995872442,1.0,0.002
6,50,2,2.5,1.0,0.9,0.1,250,125,0.9849179983139039,0.04989473684210526,0.8665731530466606,0.44113207547169814,0.5690074012664573,29.79245283018868,500.0,0.4842176870748299,0.4842176870748299,328.3333333333333,0.3333333333333333,0.9475596253573748,0.7188691946450467,0.3333333333333333,0.004
7,50,2,2.5,1.0,0.9,0.1,250,125,0.9849179983139039,0.04989473684210526,0.8266094975894203,0.43471698113207546,0.5562286138507486,30.71698113207547,500.0,0.5084353741496598,0.5084353741496598,261.6666666666667,0.5,0.9489095536071463,0.7207151830264313,1.0,0.0034285714285714284
8,50,2,2.5,1.0,0.9,0.1,250,125,0.9849179983139039,0.04989473684210526,0.8599210512761006,0.4494339622641509,0.5758998466473118,29.358490566037737,500.0,0.5043537414965986,0.5043537414965986,325.0,0.5,0.9507388644012434,0.7531322815859541,1.0,0.004571428571428572
9,50,2,2.5,1.0,0.9,0.1,250,125,0.9849179983139039,0.04989473684210526,0.8632593725750157,0.45924528301886786,0.5882384625170479,28.660377358490567,500.0,0.5493877551020409,0.5493877551020409,348.3333333333333,0.5,0.9562172244589372,0.7719467863809824,1.0,0.004
10,50,2,2.5,1.0,0.9,0.1,250,125,0.9849179983139039,0.04989473684210526,0.8654419299817867,0.5166037735849057,0.6327577936857908,26.71698113207547,500.0,0.586530612244898,0.586530612244898,213.33333333333334,0.3333333333333333,0.9541608474968162,0.7633373814321421,1.0,0.004285714285714286
11,50,2,2.5,1.0,0.9,0.1,250,125,0.9849179983139039,0.04989473684210526,0.8341635897872759,0.42188679245283023,0.54549368578495,30.88679245283019,500.0,0.48979591836734687,0.48979591836734687,276.6666666666667,0.5,0.9472800982115659,0.719459683531075,1.0,0.0037142857142857142
12,50,2,2.5,1.0,0.9,0.1,250,125,0.9849179983139039,0.04989473684210526,0.9107472826394104,0.46113207547169804,0.6039550860770204,27.641509433962263,500.0,0.5133333333333333,0.5133333333333333,363.3333333333333,0.3333333333333333,0.9532890363448856,0.7856635990371877,0.3333333333333333,0.002857142857142857
13,50,2,2.5,1.0,0.9,0.1,250,125,0.9849179983139039,0.04989473684210526,0.8891369715092213,0.49358490566037744,0.6228696508671708,26.71698113207547,500.0,0.5729251700680272,0.5729251700680272,250.0,0.5,0.9529785336528757,0.7715941045133808,1.0,0.004285714285714286
14,50,2,2.5,1.0,0.9,0.1,250,125,0.9849179983139039,0.04989473684210526,0.8695959716825032,0.47056603773584904,0.600173693344652,28.0188679245283,500.0,0.5185034013605443,0.5185034013605443,361.6666666666667,0.3333333333333333,0.9467161340756699,0.7491677080640852,1.0,0.003142857142857143
15,50,2,2.5,1.0,0.9,0.1,250,125,0.9849179983139039,0.04989473684210526,0.8150353032456061,0.46075471698113213,0.5838474668197454,30.58490566037736,500.0,0.5050340136054422,0.5050340136054422,273.3333333333333,0.3333333333333333,0.950535196514884,0.709345169549028,1.0,0.007142857142857143
16,50,2,2.5,1.0,0.9,0.1,250,125,0.9849179983139039,0.04989473684210526,0.8339513356585595,0.489811320754717,0.6079388559666157,29.0188679245283,500.0,0.5794557823129252,0.5794557823129252,380.0,0.3333333333333333,0.9519198893101335,0.7181094643200991,0.3333333333333333,0.007714285714285714
17,50,2,2.5,1.0,0.9,0.1,250,125,0.9849179983139039,0.04989473684210526,0.8552207475635315,0.44943396226415094,0.5779292026387138,29.849056603773583,500.0,0.5115646258503402,0.5115646258503402,326.6666666666667,0.3333333333333333,0.9535830463935876,0.7372367336377718,1.0,0.004
18,50,2,2.5,1.0,0.9,0.1,250,125,0.9849179983139039,0.04989473684210526,0.80356656590683,0.46226415094339623,0.5797665006453926,30.660377358490567,500.0,0.5642176870748299,0.5642176870748299,285.0,0.5,0.9503537187170839,0.6859499237383765,0.6666666666666666,0.008285714285714285
19,50,2,2.5,1.0,0.9,0.1,250,125,0.9849179983139039,0.04989473684210526,0.7999398215133476,0.48264150943396217,0.5910445863009324,29.88679245283019,500.0,0.5561904761904762,0.5561904761904762,390.0,0.3333333333333333,0.9507080084999248,0.7026997758974628,1.0,0.006857142857142857
0,50,2,2.5,1.0,0.97,0.05,250,125,0.9849179983139039,0.04989473684210526,0.8298244675349826,0.46415094339622637,0.5726578063045178,30.79245283018868,500.0,0.529795918367347,0.529795918367347,310.0,0.5,0.942383778209217,0.6777445043182713,1.0,0.004285714285714286
1,50,2,2.5,1.0,0.97,0.05,250,125,0.9849179983139039,0.04989473684210526,0.726239723766818,0.4709433962264152,0.5612143973923408,34.45283018867924,500.0,0.523673469387755,0.523673469387755,270.0,0.16666666666666666,0.9388154429980218,0.5992722872775992,1.0,0.0074285714285714285
2,50,2,2.5,1.0,0.97,0.05,250,125,0.9849179983139039,0.04989473684210526,0.8069291975616109,0.4690566037735849,0.5829004469129501,30.735849056603772,500.0,0.5383673469387754,0.5383673469387754,233.33333333333334,0.16666666666666666,0.9521128750371597,0.6878341011071303,1.0,0.005142857142857143
3,50,2,2.5,1.0,0.97,0.05,250,125,0.9849179983139039,0.04989473684210526,0.7799880755524339,0.5128301886792452,0.6133283091896141,29.90566037735849,500.0,0.570204081632653,0.570204081632653,260.0,0.3333333333333333,0.950188260855204,0.6932733414422046,1.0,0.005714285714285714
4,50,2,2.5,1.0,0.97,0.05,250,125,0.9849179983139039,0.04989473684210526,0.8011371449725277,0.49471698113207546,0.601960042448033,30.32075471698113,500.0,0.551156462585034,0.551156462585034,311.6666666666667,0.3333333333333333,0.9431963717505955,0.6824133307150371,1.0,0.006285714285714286
5,50,2,2.5,1.0,0.97,0.05,250,125,0.9849179983139039,0.04989473684210526,0.8420833400086539,0.46641509433962264,0.5883681157543355,29.528301886792452,500.0,0.5282993197278911,0.5282993197278911,303.3333333333333,0.3333333333333333,0.9453056508351286,0.7258644590329308,1.0,0.002
6,50,2,2.5,1.0,0.97,0.05,250,125,0.9849179983139039,0.04989473684210526,0.8204198415919566,0.43433962264150944,0.5490393534973803,32.094339622641506,500.0,0.48217687074829935,0.48217687074829935,328.3333333333333,0.3333333333333333,0.9423206783791421,0.6558252973727657,0.3333333333333333,0.004
7,50,2,2.5,1.0,0.97,0.05,250,125,0.9849179983139039,0.04989473684210526,0.7874798217475673,0.4339622641509434,0.5435204470379745,32.83018867924528,500.0,0.515374149659864,0.515374149659864,263.3333333333333,0.5,0.944143842509166,0.6534673747420773,1.0,0.0034285714285714284
8,50,2,2.5,1.0,0.97,0.05,250,125,0.9849179983139039,0.04989473684210526,0.8256963171897306,0.45622641509433964,0.5715833467482191,30.39622641509434,500.0,0.5076190476190475,0.5076190476190475,336.6666666666667,0.5,0.9468302363903947,0.7003472837502147,1.0,0.004571428571428572
9,50,2,2.5,1.0,0.97,0.05,250,125,0.9849179983139039,0.04989473684210526,0.8418900934499756,0.47283018867924526,0.5936392735531528,28.79245283018868,500.0,0.5643537414965987,0.5643537414965987,336.6666666666667,0.5,0.9529170024185882,0.7263780748008853,1.0,0.004
10,50,2,2.5,1.0,0.97,0.05,250,125,0.9849179983139039,0.04989473684210526,0.8328691824549277,0.5150943396226415,0.622492672433772,28.169811320754718,500.0,0.596734693877551,0.596734693877551,210.0,0.3333333333333333,0.9502981388981661,0.7169155063623815,1.0,0.004285714285714286
11,50,2,2.5,1.0,0.97,0.05,250,125,0.9849179983139039,0.04989473684210526,0.7856313705247187,0.4162264150943396,0.5250385672823065,33.528301886792455,500.0,0.48231292517006796,0.48231292517006796,273.3333333333333,0.5,0.9420974606658274,0.645132504990558,1.0,0.0037142857142857142
12,50,2,2.5,1.0,0.97,0.05,250,125,0.9849179983139039,0.04989473684210526,0.8945066032975801,0.4735849056603773,0.6103190222447646,27.528301886792452,500.0,0.5197278911564626,0.5197278911564626,360.0,0.3333333333333333,0.9510353062505276,0.7613544911864542,0.3333333333333333,0.002857142857142857
13,50,2,2.5,1.0,0.97,0.05,250,125,0.9849179983139039,0.04989473684210526,0.8676938342024242,0.5098113207547171,0.6297635994419728,26.77358490566038,500.0,0.5848979591836735,0.5848979591836735,250.0,0.5,0.9486619833891798,0.7386816081379186,1.0,0.004285714285714286
14,50,2,2.5,1.0,0.97,0.05,250,125,0.9849179983139039,0.04989473684210526,0.843059796524086,0.4720754716981132,0.5941506142929567,28.88679245283019,500.0,0.5263945578231293,0.5263945578231293,366.6666666666667,0.3333333333333333,0.9434554102608332,0.7142618804537112,1.0,0.003142857142857143
15,50,2,2.5,1.0,0.97,0.05,250,125,0.9849179983139039,0.04989473684210526,0.7676389557826434,0.46679245283018866,0.5744433405078155,32.339622641509436,500.0,0.5156462585034013,0.5156462585034013,273.3333333333333,0.3333333333333333,0.9441496992362546,0.6520924890602183,1.0,0.007142857142857143
16,50,2,2.5,1.0,0.97,0.05,250,125,0.9849179983139039,0.04989473684210526,0.7700746756589348,0.4867924528301887,0.5840294050241547,32.301886792452834,500.0,0.5714285714285715,0.5714285714285715,385.0,0.3333333333333333,0.9448017308136953,0.6487624875905833,0.3333333333333333,0.007714285714285714
17,50,2,2.5,1.0,0.97,0.05,250,125,0.9849179983139039,0.04989473684210526,0.8088783926515164,0.450566037735849,0.5658839812920035,31.69811320754717,500.0,0.513469387755102,0.513469387755102,316.6666666666667,0.3333333333333333,0.9474369864170028,0.6761322839341769,1.0,0.004
18,50,2,2.5,1.0,0.97,0.05,250,125,0.9849179983139039,0.04989473684210526,0.7568612146725155,0.47358490566037736,0.5706759178590741,33.41509433962264,500.0,0.5727891156462585,0.5727891156462585,315.0,0.5,0.9426393609642056,0.6211140409926784,0.6666666666666666,0.008285714285714285
19,50,2,2.5,1.0,0.97,0.05,250,125,0.9849179983139039,0.04989473684210526,0.7390962026312589,0.4852830188679245,0.5718826253640559,33.37735849056604,500.0,0.5493877551020407,0.5493877551020407,368.3333333333333,0.3333333333333333,0.944542880946002,0.6310679982856837,1.0,0.006857142857142857
0,50,2,5.0,0.1,0.9,0.1,500,250,0.4486431479454041,0.04988888888888889,0.9146482489430408,0.4758490566037737,0.6107730060704856,26.547169811320753,500.0,0.5412244897959183,0.5412244897959183,330.0,0.5,0.9539031815996447,0.8534912248800747,0.6666666666666666,0.004285714285714286
1,50,2,5.0,0.1,0.9,0.1,500,250,0.4486431479454041,0.04988888888888889,0.9024893665196309,0.44679245283018865,0.5885359406518932,28.09433962264151,500.0,0.5356462585034013,0.5356462585034013,333.3333333333333,0.6666666666666666,0.9600025595196588,0.836866976317176,1.0,0.004857142857142857
2,50,2,5.0,0.1,0.9,0.1,500,250,0.4486431479454041,0.04988888888888889,0.9049266247379455,0.45811320754716983,0.5974115771573831,27.30188679245283,500.0,0.5487074829931973,0.5487074829931973,246.66666666666666,0.3333333333333333,0.963716945165209,0.870065432747424,1.0,0.005142857142857143
3,50,2,5.0,0.1,0.9,0.1,500,250,0.4486431479454041,0.04988888888888889,0.9212788259958071,0.5264150943396226,0.6584022180216017,23.830188679245282,500.0,0.621360544217687,0.621360544217687,250.0,0.5,0.9592299824202765,0.877742613638187,0.3333333333333333,0.003142857142857143
4,50,2,5.0,0.1,0.9,0.1,500,250,0.4486431479454041,0.04988888888888889,0.9185963905529531,0.4826415094339623,0.619083471547153,26.11320754716981,500.0,0.5591836734693878,0.5591836734693878,276.6666666666667,0.5,0.9567426350500784,0.861692758940341,1.0,0.005142857142857143
5,50,2,5.0,0.1,0.9,0.1,500,250,0.4486431479454041,0.04988888888888889,0.9085860964561354,0.48188679245283017,0.6188562673548085,26.339622641509433,500.0,0.5374149659863946,0.5374149659863946,351.6666666666667,0.5,0.952941953881669,0.8545168419373983,0.3333333333333333,0.002285714285714286
6,50,2,5.0,0.1,0.9,0.1,500,250,0.4486431479454041,0.04988888888888889,0.8951341939117041,0.43849056603773584,0.5798454456443237,28.62264150943396,500.0,0.48272108843537415,0.48272108843537415,388.3333333333333,0.3333333333333333,0.9552959397811893,0.836192335213369,1.0,0.005142857142857143
7,50,2,5.0,0.1,0.9,0.1,500,250,0.4486431479454041,0.04988888888888889,0.9164117975248529,0.46188679245283015,0.6030222641085545,27.11320754716981,500.0,0.5442176870748299,0.5442176870748299,271.6666666666667,0.5,0.9589816943330165,0.857396955434391,0.6666666666666666,0.004857142857142857
8,50,2,5.0,0.1,0.9,0.1,500,250,0.4486431479454041,0.04988888888888889,0.9006871264935782,0.49169811320754714,0.6261512953403806,25.69811320754717,500.0,0.5970068027210885,0.5970068027210885,331.6666666666667,0.5,0.9568851974324062,0.860386020059172,0.6666666666666666,0.008285714285714285
9,50,2,5.0,0.1,0.9,0.1,500,250,0.4486431479454041,0.04988888888888889,0.9253610436067127,0.46981132075471693,0.6123168435251467,26.754716981132077,500.0,0.5812244897959183,0.5812244897959183,371.6666666666667,0.5,0.963414998917324,0.88189873861197,0.6666666666666666,0.0005714285714285715
10,50,2,5.0,0.1,0.9,0.1,500,250,0.4486431479454041,0.04988888888888889,0.9247309687168178,0.5147169811320755,0.6504661073728673,24.528301886792452,500.0,0.5824489795918367,0.5824489795918367,291.6666666666667,0.3333333333333333,0.9628321206137855,0.8754711794857409,0.6666666666666666,0.004571428571428572
11,50,2,5.0,0.1,0.9,0.1,500,250,0.4486431479454041,0.04988888888888889,0.8941098062179924,0.4415094339622641,0.5787389204875528,28.264150943396228,500.0,0.5152380952380953,0.5152380952380953,306.6666666666667,0.5,0.9538817857182179,0.8398343956662194,0.6666666666666666,0.002857142857142857
12,50,2,5.0,0.1,0.9,0.1,500,250,0.4486431479454041,0.04988888888888889,0.9177047333994117,0.44188679245283025,0.5837990817318985,28.20754716981132,500.0,0.5040816326530613,0.5040816326530613,410.0,0.5,0.9591562305255934,0.8537891937251513,0.6666666666666666,0.001142857142857143
13,50,2,5.0,0.1,0.9,0.1,500,250,0.4486431479454041,0.04988888888888889,0.937517867352773,0.48415094339622633,0.6219331982994353,25.88679245283019,500.0,0.5597278911564625,0.5597278911564625,271.6666666666667,0.5,0.959909998421862,0.8605219827148815,1.0,0.004857142857142857
14,50,2,5.0,0.1,0.9,0.1,500,250,0.4486431479454041,0.04988888888888889,0.8848329393118456,0.44415094339622646,0.5792608767000844,28.37735849056604,500.0,0.5115646258503401,0.5115646258503401,380.0,0.5,0.9527704792768458,0.833644541204233,0.6666666666666666,0.004285714285714286
15,50,2,5.0,0.1,0.9,0.1,500,250,0.4486431479454041,0.04988888888888889,0.9107990171832072,0.4596226415094339,0.5975782905803598,27.41509433962264,500.0,0.518639455782313,0.518639455782313,355.0,0.5,0.9595442902599524,0.8597288978246428,0.6666666666666666,0.0037142857142857142
16,50,2,5.0,0.1,0.9,0.1,500,250,0.4486431479454041,0.04988888888888889,0.9178655532054734,0.49962264150943403,0.6389236101480076,25.471698113207548,500.0,0.6017687074829933,0.6017687074829933,411.6666666666667,0.6666666666666666,0.9645256197861807,0.8683557503487148,0.6666666666666666,0.004857142857142857
17,50,2,5.0,0.1,0.9,0.1,500,250,0.4486431479454041,0.04988888888888889,0.9052945243247887,0.45622641509433964,0.5973688722715068,27.71698113207547,500.0,0.5319727891156463,0.5319727891156463,371.6666666666667,0.5,0.9619188646214487,0.8535217967310516,0.6666666666666666,0.004571428571428572
18,50,2,5.0,0.1,0.9,0.1,500,250,0.4486431479454041,0.04988888888888889,0.9148895154100098,0.46150943396226424,0.5983173543303649,27.056603773584907,500.0,0.5585034013605442,0.5585034013605442,298.3333333333333,0.5,0.9595084907495421,0.8607816908417824,0.6666666666666666,0.006571428571428572
19,50,2,5.0,0.1,0.9,0.1,500,250,0.4486431479454041,0.04988888888888889,0.8937636975345279,0.4633962264150943,0.5997376318499497,27.37735849056604,500.0,0.5374149659863945,0.5374149659863945,411.6666666666667,0.6666666666666666,0.9614721260455165,0.8435202168903493,0.6666666666666666,0.004
0,50,2,5.0,0.1,0.97,0.05,500,250,0.4486431479454041,0.04988888888888889,0.9131906817408708,0.48339622641509444,0.6185548888792658,26.22641509433962,500.0,0.553469387755102,0.553469387755102,331.6666666666667,0.5,0.9531361903748261,0.8433958204052915,0.6666666666666666,0.004285714285714286
1,50,2,5.0,0.1,0.97,0.05,500,250,0.4486431479454041,0.04988888888888889,0.9016746861899757,0.46188679245283026,0.6032174687216175,27.37735849056604,500.0,0.5448979591836735,0.5448979591836735,333.3333333333333,0.6666666666666666,0.9576997148341303,0.8179653075852963,1.0,0.004857142857142857
2,50,2,5.0,0.1,0.97,0.05,500,250,0.4486431479454041,0.04988888888888889,0.9042976939203354,0.45358490566037735,0.5938883454166317,27.547169811320753,500.0,0.535374149659864,0.535374149659864,241.66666666666666,0.16666666666666666,0.9620809467360069,0.8464307064191211,1.0,0.005142857142857143
3,50,2,5.0,0.1,0.97,0.05,500,250,0.4486431479454041,0.04988888888888889,0.9195063846007242,0.5343396226415095,0.6655170520732197,23.49056603773585,500.0,0.6317006802721089,0.6317006802721089,250.0,0.5,0.958512025778701,0.8710374231674308,0.3333333333333333,0.003142857142857143
4,50,2,5.0,0.1,0.97,0.05,500,250,0.4486431479454041,0.04988888888888889,0.9162280190391877,0.48150943396226414,0.6187739441965782,26.22641509433962,500.0,0.552108843537415,0.552108843537415,300.0,0.5,0.9554784048327725,0.8454768397388229,1.0,0.005142857142857143
5,50,2,5.0,0.1,0.97,0.05,500,250,0.4486431479454041,0.04988888888888889,0.907829841907276,0.48981132075471695,0.6271157025383723,25.9811320754717,500.0,0.5570068027210885,0.5570068027210885,336.6666666666667,0.5,0.9522676646860423,0.843943243070358,0.3333333333333333,0.002285714285714286
6,50,2,5.0,0.1,0.97,0.05,500,250,0.4486431479454041,0.04988888888888889,0.8900243602223152,0.44981132075471697,0.5879462507827148,28.22641509433962,500.0,0.48517006802721085,0.48517006802721085,385.0,0.3333333333333333,0.9532551981297229,0.8106566406317322,1.0,0.005142857142857143
7,50,2,5.0,0.1,0.97,0.05,500,250,0.4486431479454041,0.04988888888888889,0.9131717550484735,0.4773584905660377,0.6162541437546328,26.433962264150942,500.0,0.5794557823129253,0.5794557823129253,275.0,0.5,0.9569620087127899,0.8397018716941137,0.6666666666666666,0.004857142857142857
8,50,2,5.0,0.1,0.97,0.05,500,250,0.4486431479454041,0.04988888888888889,0.8957111336073533,0.5083018867924528,0.6403836923265867,25.037735849056602,500.0,0.6025850340136055,0.6025850340136055,316.6666666666667,0.5,0.9549478311612527,0.8367863534980292,0.6666666666666666,0.008285714285714285
9,50,2,5.0,0.1,0.97,0.05,500,250,0.4486431479454041,0.04988888888888889,0.9253610436067127,0.4709433962264151,0.613354609527334,26.69811320754717,500.0,0.5829931972789116,0.5829931972789116,365.0,0.5,0.9632304529256109,0.8801292257883812,0.6666666666666666,0.0005714285714285715
10,50,2,5.0,0.1,0.97,0.05,500,250,0.4486431479454041,0.04988888888888889,0.9267943534452968,0.5222641509433963,0.6585714314505958,24.132075471698112,500.0,0.5989115646258503,0.5989115646258503,290.0,0.3333333333333333,0.9621231512847145,0.8702934991191734,0.6666666666666666,0.004571428571428572
11,50,2,5.0,0.1,0.97,0.05,500,250,0.4486431479454041,0.04988888888888889,0.8941098062179924,0.4426415094339622,0.5795590305139827,28.20754716981132,500.0,0.5214965986394559,0.5214965986394559,306.6666666666667,0.5,0.952779182524507,0.8321183623748696,0.6666666666666666,0.002857142857142857
12,50,2,5.0,0.1,0.97,0.05,500,250,0.4486431479454041,0.04988888888888889,0.9178129414158825,0.4513207547169812,0.5919373877436109,27.735849056603772,500.0,0.5293877551020408,0.5293877551020408,391.6666666666667,0.5,0.9586137187904856,0.8490411987448347,0.6666666666666666,0.001142857142857143
13,50,2,5.0,0.1,0.97,0.05,500,250,0.4486431479454041,0.04988888888888889,0.9299575131871977,0.5045283018867924,0.6386255053204659,25.07547169811321,500.0,0.5979591836734693,0.5979591836734693,270.0,0.5,0.9577607175756864,0.8402349847161908,1.0,0.004857142857142857
14,50,2,5.0,0.1,0.97,0.05,500,250,0.4486431479454041,0.04988888888888889,0.8782025139648263,0.4671698113207548,0.6001439571151425,27.452830188679247,500.0,0.5410884353741497,0.5410884353741497,408.3333333333333,0.5,0.9516941473100087,0.8240458316658057,0.6666666666666666,0.004285714285714286
15,50,2,5.0,0.1,0.97,0.05,500,250,0.4486431479454041,0.04988888888888889,0.9088260252663313,0.46075471698113196,0.5992076936753093,27.41509433962264,500.0,0.5205442176870748,0.5205442176870748,363.3333333333333,0.5,0.9578028560628026,0.8472280686152651,0.6666666666666666,0.0037142857142857142
16,50,2,5.0,0.1,0.97,0.05,500,250,0.4486431479454041,0.04988888888888889,0.9138202010261034,0.5007547169811322,0.6394327746562297,25.547169811320753,500.0,0.5991836734693878,0.5991836734693878,391.6666666666667,0.3333333333333333,0.963323129264184,0.8523994324517895,0.6666666666666666,0.004857142857142857
17,50,2,5.0,0.1,0.97,0.05,500,250,0.4486431479454041,0.04988888888888889,0.893770846822744,0.45433962264150946,0.5929504552050788,28.132075471698112,500.0,0.5225850340136055,0.5225850340136055,371.6666666666667,0.5,0.959940375009634,0.8285423454882509,0.6666666666666666,0.004571428571428572
18,50,2,5.0,0.1,0.97,0.05,500,250,0.4486431479454041,0.04988888888888889,0.9045772954886593,0.47056603773584915,0.6062622280266956,26.88679245283019,500.0,0.5710204081632653,0.5710204081632653,325.0,0.5,0.9580499065962499,0.8425187623806153,0.6666666666666666,0.006571428571428572
19,50,2,5.0,0.1,0.97,0.05,500,250,0.4486431479454041,0.04988888888888889,0.890094036328453,0.4758490566037736,0.6092314838878676,26.867924528301888,500.0,0.5469387755102041,0.5469387755102041,415.0,0.6666666666666666,0.9597940082136579,0.8238977613342882,0.6666666666666666,0.004
0,50,2,5.0,1.0,0.9,0.05,500,250,0.44392031431198126,0.04988888888888889,0.924216483402794,0.4856603773584907,0.6212961069974119,26.09433962264151,500.0,0.551156462585034,0.551156462585034,331.6666666666667,0.5,0.9529917907462391,0.8396661609559997,0.6666666666666666,0.004285714285714286
1,50,2,5.0,1.0,0.9,0.05,500,250,0.44392031431198126,0.04988888888888889,0.9211102928734679,0.4649056603773586,0.6065872471792078,27.0,500.0,0.5451700680272109,0.5451700680272109,333.3333333333333,0.6666666666666666,0.955958395143739,0.8102977017378589,1.0,0.005142857142857143
2,50,2,5.0,1.0,0.9,0.05,500,250,0.44392031431198126,0.04988888888888889,0.9015723270440251,0.4505660377358491,0.5893035884826878,27.735849056603772,500.0,0.5357823129251701,0.5357823129251701,265.0,0.16666666666666666,0.9618843768006371,0.8334786562766417,1.0,0.005142857142857143
3,50,2,5.0,1.0,0.9,0.05,500,250,0.44392031431198126,0.04988888888888889,0.9166257512900533,0.5324528301886793,0.6628741539115659,23.641509433962263,500.0,0.6359183673469387,0.6359183673469387,250.0,0.5,0.9586312662172032,0.8699010324915201,0.3333333333333333,0.003142857142857143
4,50,2,5.0,1.0,0.9,0.05,500,250,0.44392031431198126,0.04988888888888889,0.9010879655977057,0.47698113207547166,0.612829138022237,26.566037735849058,500.0,0.5489795918367347,0.5489795918367347,306.6666666666667,0.5,0.9546532397705461,0.8354505555038816,1.0,0.005142857142857143
5,50,2,5.0,1.0,0.9,0.05,500,250,0.44392031431198126,0.04988888888888889,0.9090209038430224,0.4886792452830188,0.6255941890996588,26.07547169811321,500.0,0.5578231292517007,0.5578231292517007,350.0,0.5,0.9527561923566739,0.841662642745081,0.3333333333333333,0.002285714285714286
6,50,2,5.0,1.0,0.9,0.05,500,250,0.44392031431198126,0.04988888888888889,0.8938538806186507,0.44641509433962273,0.5847915410837549,28.264150943396228,500.0,0.48081632653061224,0.48081632653061224,383.3333333333333,0.3333333333333333,0.9524635072098887,0.8043954670444667,1.0,0.005142857142857143
7,50,2,5.0,1.0,0.9,0.05,500,250,0.44392031431198126,0.04988888888888889,0.913243266543448,0.47396226415094334,0.6099483455190091,26.69811320754717,500.0,0.5793197278911565,0.5793197278911565,275.0,0.5,0.9557459168431367,0.8319762304086313,0.6666666666666666,0.004857142857142857
8,50,2,5.0,1.0,0.9,0.05,500,250,0.44392031431198126,0.04988888888888889,0.881155774986485,0.5018867924528302,0.6330506912448626,25.49056603773585,500.0,0.5961904761904763,0.5961904761904763,370.0,0.5,0.9542637736583074,0.8257219175566114,0.6666666666666666,0.008285714285714285
9,50,2,5.0,1.0,0.9,0.05,500,250,0.44392031431198126,0.04988888888888889,0.9118127938944183,0.46603773584905667,0.607919649903081,26.943396226415093,500.0,0.575374149659864,0.575374149659864,365.0,0.5,0.9630806957019594,0.8836356597655778,0.6666666666666666,0.0005714285714285715
10,50,2,5.0,1.0,0.9,0.05,500,250,0.44392031431198126,0.04988888888888889,0.933486887518922,0.5177358490566037,0.6551455395467468,24.30188679245283,500.0,0.5991836734693877,0.5991836734693877,293.3333333333333,0.3333333333333333,0.9612283059238897,0.8675889240640999,0.6666666666666666,0.004571428571428572
11,50,2,5.0,1.0,0.9,0.05,500,250,0.44392031431198126,0.04988888888888889,0.8985647328427304,0.4392452830188679,0.5770640609023623,28.169811320754718,500.0,0.5205442176870748,0.5205442176870748,306.6666666666667,0.5,0.9522006429994898,0.8355732888291455,0.6666666666666666,0.002857142857142857
12,50,2,5.0,1.0,0.9,0.05,500,250,0.44392031431198126,0.04988888888888889,0.93392563914307,0.4467924528301886,0.585966003409546,27.90566037735849,500.0,0.5302040816326531,0.5302040816326531,380.0,0.5,0.957887234331475,0.8503061248961716,0.6666666666666666,0.001142857142857143
13,50,2,5.0,1.0,0.9,0.05,500,250,0.44392031431198126,0.04988888888888889,0.9313690217477675,0.4981132075471698,0.6326139560479662,25.471698113207548,500.0,0.5945578231292517,0.5945578231292517,275.0,0.5,0.9566120474322226,0.831080488234892,1.0,0.004857142857142857
14,50,2,5.0,1.0,0.9,0.05,500,250,0.44392031431198126,0.04988888888888889,0.8803909942000683,0.4698113207547171,0.6023281522642885,27.32075471698113,500.0,0.5482993197278911,0.5482993197278911,410.0,0.5,0.9505204471635722,0.8189863400010752,0.6666666666666666,0.004285714285714286
15,50,2,5.0,1.0,0.9,0.05,500,250,0.44392031431198126,0.04988888888888889,0.9070243288023264,0.45622641509433964,0.5952899444061389,27.566037735849058,500.0,0.5198639455782313,0.5198639455782313,365.0,0.5,0.9570739500794574,0.843235845646411,0.6666666666666666,0.004
16,50,2,5.0,1.0,0.9,0.05,500,250,0.44392031431198126,0.04988888888888889,0.9174666740936498,0.5,0.6386989137150855,25.41509433962264,500.0,0.5980952380952381,0.5980952380952381,378.3333333333333,0.3333333333333333,0.9623531256307964,0.8489597469160236,0.6666666666666666,0.004857142857142857
17,50,2,5.0,1.0,0.9,0.05,500,250,0.44392031431198126,0.04988888888888889,0.8952597149859878,0.44905660377358486,0.586441447241945,28.39622641509434,500.0,0.5172789115646258,0.5172789115646258,355.0,0.3333333333333333,0.9589593655151153,0.8167667293141561,0.6666666666666666,0.004857142857142857
18,50,2,5.0,1.0,0.9,0.05,500,250,0.44392031431198126,0.04988888888888889,0.9107534247482197,0.4724528301886793,0.607558748086389,26.754716981132077,500.0,0.5742857142857143,0.5742857142857143,305.0,0.5,0.9573250237638224,0.8370203731909261,0.6666666666666666,0.006571428571428572
19,50,2,5.0,1.0,0.9,0.05,500,250,0.44392031431198126,0.04988888888888889,0.8841909764811445,0.4792452830188678,0.6087173912628082,26.754716981132077,500.0,0.551156462585034,0.551156462585034,415.0,0.6666666666666666,0.9593244798567198,0.8187164968406893,0.6666666666666666,0.004
0,50,2,5.0,1.0,0.97,0.1,500,250,0.44392031431198126,0.04988888888888889,0.9291932592675941,0.47169811320754723,0.6064200052957591,26.62264150943396,500.0,0.5365986394557823,0.5365986394557823,330.0,0.5,0.9545966477412441,0.8636031058719607,0.6666666666666666,0.004285714285714286
1,50,2,5.0,1.0,0.97,0.1,500,250,0.44392031431198126,0.04988888888888889,0.9236497953479086,0.44,0.5825027859275829,28.18867924528302,500.0,0.5270748299319729,0.5270748299319729,333.3333333333333,0.6666666666666666,0.9599084371662513,0.8471279902997553,1.0,0.005142857142857143
2,50,2,5.0,1.0,0.97,0.1,500,250,0.44392031431198126,0.04988888888888889,0.9054589955696006,0.4516981132075471,0.5903886148294857,27.566037735849058,500.0,0.5427210884353741,0.5427210884353741,250.0,0.5,0.9647814609153934,0.8808331126195098,1.0,0.005142857142857143
3,50,2,5.0,1.0,0.97,0.1,500,250,0.44392031431198126,0.04988888888888889,0.9208595387840671,0.5181132075471699,0.650593352132303,24.22641509433962,500.0,0.6141496598639457,0.6141496598639457,250.0,0.5,0.9599562686945129,0.8859267537141979,0.3333333333333333,0.003142857142857143
4,50,2,5.0,1.0,0.97,0.1,500,250,0.44392031431198126,0.04988888888888889,0.9111794875182777,0.4739622641509434,0.6101299434792278,26.433962264150942,500.0,0.5500680272108843,0.5500680272108843,278.3333333333333,0.5,0.9571262275528217,0.8701570434176104,1.0,0.005142857142857143
5,50,2,5.0,1.0,0.97,0.1,500,250,0.44392031431198126,0.04988888888888889,0.9129170346065871,0.47396226415094334,0.6110122171744669,26.62264150943396,500.0,0.5276190476190475,0.5276190476190475,348.3333333333333,0.5,0.9537466919658094,0.8640170500150327,0.3333333333333333,0.002285714285714286
6,50,2,5.0,1.0,0.97,0.1,500,250,0.44392031431198126,0.04988888888888889,0.9018437790653251,0.4377358490566038,0.5792788853796125,28.452830188679247,500.0,0.478639455782313,0.478639455782313,396.6666666666667,0.5,0.9557378558609477,0.8505206695952864,1.0,0.005142857142857143
7,50,2,5.0,1.0,0.97,0.1,500,250,0.44392031431198126,0.04988888888888889,0.9233300365185636,0.4554716981132075,0.5958126523613567,27.32075471698113,500.0,0.5379591836734695,0.5379591836734695,270.0,0.5,0.9590385506086841,0.8687703193531754,0.6666666666666666,0.004857142857142857
8,50,2,5.0,1.0,0.97,0.1,500,250,0.44392031431198126,0.04988888888888889,0.8922995497097748,0.4886792452830189,0.6225976924196213,25.754716981132077,500.0,0.5946938775510203,0.5946938775510203,330.0,0.5,0.9574977909737845,0.8695447152349346,0.6666666666666666,0.008285714285714285
9,50,2,5.0,1.0,0.97,0.1,500,250,0.44392031431198126,0.04988888888888889,0.9118469749171144,0.4660377358490566,0.6078149722248578,26.943396226415093,500.0,0.5770068027210885,0.5770068027210885,370.0,0.5,0.9634376066619444,0.8880869942849261,0.6666666666666666,0.0005714285714285715
10,50,2,5.0,1.0,0.97,0.1,500,250,0.44392031431198126,0.04988888888888889,0.9326280250045511,0.5083018867924529,0.6446255589741553,24.754716981132077,500.0,0.5783673469387755,0.5783673469387755,295.0,0.3333333333333333,0.9624985771067225,0.8826740736958967,0.6666666666666666,0.004571428571428572
11,50,2,5.0,1.0,0.97,0.1,500,250,0.44392031431198126,0.04988888888888889,0.8985457127575205,0.4366037735849056,0.5744280208520013,28.30188679245283,500.0,0.5122448979591837,0.5122448979591837,306.6666666666667,0.5,0.9537783868493392,0.852204868537252,0.6666666666666666,0.002857142857142857
12,50,2,5.0,1.0,0.97,0.1,500,250,0.44392031431198126,0.04988888888888889,0.9357440399962597,0.43320754716981136,0.5746747394026569,28.528301886792452,500.0,0.4970068027210884,0.4970068027210884,405.0,0.5,0.9587479522741703,0.8630299018803486,0.6666666666666666,0.001142857142857143
13,50,2,5.0,1.0,0.97,0.1,500,250,0.44392031431198126,0.04988888888888889,0.9433962264150944,0.4822641509433962,0.6210699809600836,25.92452830188679,500.0,0.5572789115646258,0.5572789115646258,250.0,0.5,0.9598916266932871,0.8679239328071633,1.0,0.004857142857142857
14,50,2,5.0,1.0,0.97,0.1,500,250,0.44392031431198126,0.04988888888888889,0.89456467138542,0.4358490566037736,0.5722348073318106,28.62264150943396,500.0,0.5027210884353741,0.5027210884353741,380.0,0.5,0.952874843378977,0.8470214129521937,0.6666666666666666,0.004285714285714286
15,50,2,5.0,1.0,0.97,0.1,500,250,0.44392031431198126,0.04988888888888889,0.9096106396976598,0.4547169811320754,0.5931455164222723,27.566037735849058,500.0,0.5118367346938776,0.5118367346938776,351.6666666666667,0.5,0.9600652027907353,0.8693137523648228,0.6666666666666666,0.004
16,50,2,5.0,1.0,0.97,0.1,500,250,0.44392031431198126,0.04988888888888889,0.9208604618607595,0.4943396226415095,0.6340016997917294,25.58490566037736,500.0,0.5970068027210885,0.5970068027210885,406.6666666666667,0.5,0.964360512784753,0.8756868376516427,0.6666666666666666,0.004857142857142857
17,50,2,5.0,1.0,0.97,0.1,500,250,0.44392031431198126,0.04988888888888889,0.9143050059413105,0.4452830188679245,0.5876098203333464,28.037735849056602,500.0,0.5175510204081633,0.5175510204081633,370.0,0.5,0.96226059609576,0.8665257014392423,0.6666666666666666,0.004857142857142857
18,50,2,5.0,1.0,0.97,0.1,500,250,0.44392031431198126,0.04988888888888889,0.9225282536928601,0.45773584905660386,0.5944676819494995,27.169811320754718,500.0,0.5542857142857143,0.5542857142857143,298.3333333333333,0.5,0.9595375879444936,0.8699432698280019,0.6666666666666666,0.006571428571428572
19,50,2,5.0,1.0,0.97,0.1,500,250,0.44392031431198126,0.04988888888888889,0.8947903752593187,0.45811320754716983,0.5941390209851698,27.471698113207548,500.0,0.5325170068027211,0.5325170068027211,411.6666666666667,0.6666666666666666,0.9620097389466112,0.8540237019192717,0.6666666666666666,0.004
0,50,4,2.5,0.1,0.9,0.05,500,250,0.8707878589630128,0.04988888888888889,0.8393953155343926,0.47773584905660377,0.6000686806616318,28.11320754716981,500.0,0.5571428571428573,0.5571428571428573,343.3333333333333,0.5,0.9371139962209382,0.7144167730682127,1.0,0.002857142857142857
1,50,4,2.5,0.1,0.9,0.05,500,250,0.8707878589630128,0.04988888888888889,0.8092792866955038,0.4683018867924529,0.5804639092295754,30.20754716981132,500.0,0.5454421768707483,0.5454421768707483,333.3333333333333,0.6666666666666666,0.9397565477266296,0.6765344928877469,0.3333333333333333,0.0074285714285714285
2,50,4,2.5,0.1,0.9,0.05,500,250,0.8707878589630128,0.04988888888888889,0.8592839028188606,0.4241509433962265,0.5572584660176635,30.39622641509434,500.0,0.49945578231292515,0.49945578231292515,245.0,0.3333333333333333,0.9400811012222617,0.7039398564772951,0.6666666666666666,0.0034285714285714284
3,50,4,2.5,0.1,0.9,0.05,500,250,0.8707878589630128,0.04988888888888889,0.8634539991770758,0.5128301886792453,0.635861793795511,25.71698113207547,500.0,0.6061224489795919,0.6061224489795919,250.0,0.5,0.9444899657693677,0.7758383541002187,1.0,0.002285714285714286
4,50,4,2.5,0.1,0.9,0.05,500,250,0.8707878589630128,0.04988888888888889,0.8537928587485437,0.5309433962264151,0.6455694851294552,25.60377358490566,500.0,0.5979591836734693,0.5979591836734693,346.6666666666667,0.5,0.9490395841206378,0.7451586299889552,0.6666666666666666,0.004285714285714286
5,50,4,2.5,0.1,0.9,0.05,500,250,0.8707878589630128,0.04988888888888889,0.8139701385576442,0.4626415094339624,0.584096365943654,29.660377358490567,500.0,0.5099319727891157,0.5099319727891157,303.3333333333333,0.3333333333333333,0.9370476643754964,0.6859753290078323,1.0,0.0054285714285714284
6,50,4,2.5,0.1,0.9,0.05,500,250,0.8707878589630128,0.04988888888888889,0.7704941915372647,0.4339622641509434,0.5452072973889025,32.39622641509434,500.0,0.5048979591836734,0.5048979591836734,441.6666666666667,0.6666666666666666,0.9342054907759856,0.6376055550880771,1.0,0.004571428571428572
7,50,4,2.5,0.1,0.9,0.05,500,250,0.8707878589630128,0.04988888888888889,0.8231208661870842,0.4245283018867925,0.5541128645027544,31.18867924528302,500.0,0.5004081632653062,0.5004081632653062,275.0,0.5,0.9444165270969685,0.6866624524021765,1.0,0.004571428571428572
8,50,4,2.5,0.1,0.9,0.05,500,250,0.8707878589630128,0.04988888888888889,0.8632879577335569,0.5041509433962266,0.6283070932757795,26.18867924528302,500.0,0.5825850340136055,0.5825850340136055,306.6666666666667,0.5,0.9387650219532455,0.737633596427206,1.0,0.004
9,50,4,2.5,0.1,0.9,0.05,500,250,0.8707878589630128,0.04988888888888889,0.8434150635061435,0.4566037735849055,0.5818075539964718,28.79245283018868,500.0,0.5459863945578233,0.5459863945578233,340.0,0.5,0.9427880665626055,0.7313681782607924,0.6666666666666666,0.002857142857142857
10,50,4,2.5,0.1,0.9,0.05,500,250,0.8707878589630128,0.04988888888888889,0.7773203517647891,0.45924528301886797,0.5684233495332423,31.264150943396228,500.0,0.5699319727891157,0.5699319727891157,303.3333333333333,0.5,0.9441613663042784,0.6765897419235862,1.0,0.0074285714285714285
11,50,4,2.5,0.1,0.9,0.05,500,250,0.8707878589630128,0.04988888888888889,0.8163451793359496,0.4271698113207548,0.551860122912123,30.88679245283019,500.0,0.4786394557823129,0.4786394557823129,303.3333333333333,0.5,0.9350479418718223,0.6760766190805229,1.0,0.0037142857142857142
12,50,4,2.5,0.1,0.9,0.05,500,250,0.8707878589630128,0.04988888888888889,0.8230383684857484,0.4516981132075472,0.5755199117069721,30.49056603773585,500.0,0.5172789115646258,0.5172789115646258,401.6666666666667,0.5,0.9383222740093655,0.6662723397658563,0.6666666666666666,0.006571428571428572
13,50,4,2.5,0.1,0.9,0.05,500,250,0.8707878589630128,0.04988888888888889,0.7631150490193982,0.45547169811320753,0.557402133461105,32.320754716981135,500.0,0.5296598639455783,0.5296598639455783,250.0,0.5,0.9401126631431935,0.6376532254417185,1.0,0.0074285714285714285
14,50,4,2.5,0.1,0.9,0.05,500,250,0.8707878589630128,0.04988888888888889,0.7885658342859949,0.4581132075471698,0.5663388806913731,31.49056603773585,500.0,0.5306122448979592,0.5306122448979592,285.0,0.3333333333333333,0.9427214228989238,0.652789773448929,0.6666666666666666,0.004571428571428572
15,50,4,2.5,0.1,0.9,0.05,500,250,0.8707878589630128,0.04988888888888889,0.8149619344878847,0.4226415094339623,0.5474497450463504,31.28301886792453,500.0,0.47850340136054426,0.47850340136054426,340.0,0.5,0.9326098368796268,0.6672542632705474,1.0,0.004285714285714286
16,50,4,2.5,0.1,0.9,0.05,500,250,0.8707878589630128,0.04988888888888889,0.819806528747493,0.44415094339622646,0.5641944092421849,30.132075471698112,500.0,0.5556462585034013,0.5556462585034013,333.3333333333333,0.5,0.9413863307500616,0.6962799207084089,0.6666666666666666,0.0025714285714285713
17,50,4,2.5,0.1,0.9,0.05,500,250,0.8707878589630128,0.04988888888888889,0.8522434498625978,0.47094339622641523,0.5971585379036551,28.32075471698113,500.0,0.5789115646258504,0.5789115646258504,353.3333333333333,0.5,0.9475105249609771,0.7309328509290839,1.0,0.0014285714285714286
18,50,4,2.5,0.1,0.9,0.05,500,250,0.8707878589630128,0.04988888888888889,0.8239871260411116,0.4656603773584905,0.5901803354965319,28.867924528301888,500.0,0.5801360544217687,0.5801360544217687,316.6666666666667,0.5,0.9409371832297286,0.7347737440229104,1.0,0.0037142857142857142
19,50,4,2.5,0.1,0.9,0.05,500,250,0.8707878589630128,0.04988888888888889,0.7769294910040496,0.4173584905660378,0.5278704603905857,32.716981132075475,500.0,0.4964625850340136,0.4964625850340136,346.6666666666667,0.3333333333333333,0.9351381482597146,0.6403860758772077,1.0,0.004
0,50,4,2.5,0.1,0.97,0.1,500,250,0.8707878589630128,0.04988888888888889,0.8842894048971033,0.45924528301886797,0.5969995642154944,27.528301886792452,500.0,0.5346938775510205,0.5346938775510205,340.0,0.5,0.9413712641600716,0.7853186111845941,1.0,0.002857142857142857
1,50,4,2.5,0.1,0.97,0.1,500,250,0.8707878589630128,0.04988888888888889,0.8592070716744173,0.4509433962264152,0.5848312100745805,28.660377358490567,500.0,0.529795918367347,0.529795918367347,333.3333333333333,0.6666666666666666,0.9462661317559858,0.7672180861178423,0.3333333333333333,0.0074285714285714285
2,50,4,2.5,0.1,0.97,0.1,500,250,0.8707878589630128,0.04988888888888889,0.9039732371356655,0.4215094339622642,0.563684579449672,29.245283018867923,500.0,0.48666666666666664,0.48666666666666664,250.0,0.5,0.9446655782238409,0.7748625467046094,0.6666666666666666,0.0034285714285714284
3,50,4,2.5,0.1,0.97,0.1,500,250,0.8707878589630128,0.04988888888888889,0.893092200938655,0.4969811320754718,0.6291363718708805,25.547169811320753,500.0,0.593469387755102,0.593469387755102,250.0,0.5,0.9463581024363082,0.8127549836621323,1.0,0.002285714285714286
4,50,4,2.5,0.1,0.97,0.1,500,250,0.8707878589630128,0.04988888888888889,0.8975743739646507,0.5222641509433962,0.6491224915842458,24.528301886792452,500.0,0.5829931972789115,0.5829931972789115,333.3333333333333,0.5,0.9526278883807542,0.8088812253230826,0.6666666666666666,0.004285714285714286
5,50,4,2.5,0.1,0.97,0.1,500,250,0.8707878589630128,0.04988888888888889,0.8864165258708554,0.4516981132075472,0.5935821219585561,27.90566037735849,500.0,0.4974149659863945,0.4974149659863945,266.6666666666667,0.3333333333333333,0.9429943379795711,0.7808485294500016,1.0,0.0054285714285714284
6,50,4,2.5,0.1,0.97,0.1,500,250,0.8707878589630128,0.04988888888888889,0.8523793356826099,0.41433962264150936,0.5494750636556149,30.245283018867923,500.0,0.47850340136054426,0.47850340136054426,405.0,0.6666666666666666,0.9423743878193718,0.7514532983211607,1.0,0.004571428571428572
7,50,4,2.5,0.1,0.97,0.1,500,250,0.8707878589630128,0.04988888888888889,0.8809895544345773,0.40603773584905667,0.5513248636793326,30.264150943396228,500.0,0.4789115646258504,0.4789115646258504,266.6666666666667,0.5,0.9492833387189528,0.7886158390017849,1.0,0.004571428571428572
8,50,4,2.5,0.1,0.97,0.1,500,250,0.8707878589630128,0.04988888888888889,0.8909591775712753,0.48641509433962266,0.618260857479408,26.11320754716981,500.0,0.5489795918367347,0.5489795918367347,305.0,0.5,0.9430019603654919,0.7934719616991821,1.0,0.004
9,50,4,2.5,0.1,0.97,0.1,500,250,0.8707878589630128,0.04988888888888889,0.8747985952389331,0.4513207547169811,0.5835223772154603,28.11320754716981,500.0,0.5329251700680272,0.5329251700680272,340.0,0.5,0.9459537106918239,0.7849825418515387,0.6666666666666666,0.002857142857142857
10,50,4,2.5,0.1,0.97,0.1,500,250,0.8707878589630128,0.04988888888888889,0.8697897385633235,0.44339622641509435,0.5802067323606165,28.641509433962263,500.0,0.5463945578231293,0.5463945578231293,291.6666666666667,0.5,0.9492327715858367,0.7969200565021015,1.0,0.0074285714285714285
11,50,4,2.5,0.1,0.97,0.1,500,250,0.8707878589630128,0.04988888888888889,0.8708632554144384,0.41509433962264153,0.5542865193247914,29.81132075471698,500.0,0.4648979591836735,0.4648979591836735,301.6666666666667,0.5,0.9393492378892023,0.7441802162966904,1.0,0.0037142857142857142
12,50,4,2.5,0.1,0.97,0.1,500,250,0.8707878589630128,0.04988888888888889,0.894071352482398,0.42754716981132085,0.5728642355740139,29.339622641509433,500.0,0.4983673469387755,0.4983673469387755,411.6666666666667,0.5,0.94372758769888,0.7559545836304766,0.6666666666666666,0.006571428571428572
13,50,4,2.5,0.1,0.97,0.1,500,250,0.8707878589630128,0.04988888888888889,0.8746659724001697,0.4516981132075472,0.5876511815177301,28.18867924528302,500.0,0.5272108843537414,0.5272108843537414,250.0,0.5,0.9475963878011154,0.7727583413975577,1.0,0.0074285714285714285
14,50,4,2.5,0.1,0.97,0.1,500,250,0.8707878589630128,0.04988888888888889,0.8825557930580128,0.440754716981132,0.5780758795675476,28.735849056603772,500.0,0.4948299319727891,0.4948299319727891,298.3333333333333,0.5,0.9485196144261577,0.7720062568805144,0.6666666666666666,0.004571428571428572
15,50,4,2.5,0.1,0.97,0.1,500,250,0.8707878589630128,0.04988888888888889,0.8692969326150848,0.40641509433962264,0.5478114667847181,30.358490566037737,500.0,0.45265306122448984,0.45265306122448984,348.3333333333333,0.5,0.9384982972314264,0.770333672625963,1.0,0.004285714285714286
16,50,4,2.5,0.1,0.97,0.1,500,250,0.8707878589630128,0.04988888888888889,0.8682962007092977,0.4347169811320755,0.5671025305137636,28.943396226415093,500.0,0.5325170068027211,0.5325170068027211,255.0,0.5,0.9450546185794744,0.7683288997078628,0.6666666666666666,0.0025714285714285713
17,50,4,2.5,0.1,0.97,0.1,500,250,0.8707878589630128,0.04988888888888889,0.8855874488214412,0.46113207547169804,0.5984921890858905,27.60377358490566,500.0,0.5651700680272108,0.5651700680272108,360.0,0.5,0.9512794826154028,0.7996877859836903,1.0,0.0014285714285714286
18,50,4,2.5,0.1,0.97,0.1,500,250,0.8707878589630128,0.04988888888888889,0.8735981000131944,0.4566037735849057,0.5911800650459594,27.67924528301887,500.0,0.5612244897959183,0.5612244897959183,250.0,0.5,0.9448362472273187,0.7939593018082439,1.0,0.0037142857142857142
19,50,4,2.5,0.1,0.97,0.1,500,250,0.8707878589630128,0.04988888888888889,0.8590709827744563,0.40490566037735864,0.5370511646159817,30.547169811320753,500.0,0.46544217687074835,0.46544217687074835,370.0,0.5,0.940671853292074,0.7371193570300412,1.0,0.004
0,50,4,2.5,1.0,0.9,0.1,500,250,0.7815135121345521,0.04988888888888889,0.8878497833249535,0.46075471698113213,0.5940855077003758,27.754716981132077,500.0,0.5280272108843538,0.5280272108843538,335.0,0.5,0.942458124891603,0.7768664470958967,1.0,0.0037142857142857142
1,50,4,2.5,1.0,0.9,0.1,500,250,0.7815135121345521,0.04988888888888889,0.8656381542694971,0.44981132075471714,0.5845232166874443,28.452830188679247,500.0,0.5303401360544218,0.5303401360544218,333.3333333333333,0.6666666666666666,0.9464133318728264,0.7778486562906896,0.6666666666666666,0.006
2,50,4,2.5,1.0,0.9,0.1,500,250,0.7815135121345521,0.04988888888888889,0.9096848303014358,0.41622641509433966,0.5562916713925651,29.641509433962263,500.0,0.4874829931972789,0.4874829931972789,250.0,0.5,0.9431158539858149,0.7654019281764383,0.6666666666666666,0.005142857142857143
3,50,4,2.5,1.0,0.9,0.1,500,250,0.7815135121345521,0.04988888888888889,0.8839450531259565,0.48830188679245295,0.6183777375801217,26.0,500.0,0.5878911564625849,0.5878911564625849,250.0,0.5,0.946595294611642,0.8108731901082384,1.0,0.0034285714285714284
4,50,4,2.5,1.0,0.9,0.1,500,250,0.7815135121345521,0.04988888888888889,0.8938814118703845,0.5079245283018868,0.6343865921248449,25.18867924528302,500.0,0.5715646258503401,0.5715646258503401,333.3333333333333,0.5,0.9524641746766346,0.8051963515219568,0.6666666666666666,0.004285714285714286
5,50,4,2.5,1.0,0.9,0.1,500,250,0.7815135121345521,0.04988888888888889,0.8776479397531876,0.4449056603773585,0.5833853137160917,28.37735849056604,500.0,0.4940136054421769,0.4940136054421769,265.0,0.3333333333333333,0.9427103752590118,0.7737915937691867,1.0,0.004
6,50,4,2.5,1.0,0.9,0.1,500,250,0.7815135121345521,0.04988888888888889,0.8525567607447645,0.4109433962264151,0.5440094892008319,30.339622641509433,500.0,0.47360544217687073,0.47360544217687073,405.0,0.6666666666666666,0.9425552643061222,0.7482840119593287,1.0,0.005142857142857143
7,50,4,2.5,1.0,0.9,0.1,500,250,0.7815135121345521,0.04988888888888889,0.8786008096580641,0.4015094339622642,0.5455046941378847,30.32075471698113,500.0,0.47551020408163264,0.47551020408163264,265.0,0.5,0.9505321503226808,0.7833743552070098,1.0,0.0034285714285714284
8,50,4,2.5,1.0,0.9,0.1,500,250,0.7815135121345521,0.04988888888888889,0.8888708496859528,0.48226415094339636,0.6136075448227787,26.41509433962264,500.0,0.5506122448979592,0.5506122448979592,306.6666666666667,0.5,0.9428393449626201,0.792776874918165,1.0,0.004
9,50,4,2.5,1.0,0.9,0.1,500,250,0.7815135121345521,0.04988888888888889,0.8791252588466458,0.4471698113207546,0.5789935287372722,28.169811320754718,500.0,0.5248979591836734,0.5248979591836734,340.0,0.5,0.944844342087247,0.7891260141144096,0.6666666666666666,0.0025714285714285713
10,50,4,2.5,1.0,0.9,0.1,500,250,0.7815135121345521,0.04988888888888889,0.857136148569135,0.4339622641509434,0.5671496625602329,29.37735849056604,500.0,0.5359183673469388,0.5359183673469388,290.0,0.5,0.9492386263931867,0.7897510868133374,0.6666666666666666,0.006571428571428572
11,50,4,2.5,1.0,0.9,0.1,500,250,0.7815135121345521,0.04988888888888889,0.8746908066032348,0.4064150943396227,0.5450667873585691,30.07547169811321,500.0,0.4593197278911565,0.4593197278911565,291.6666666666667,0.5,0.939307472501392,0.7471116351047083,1.0,0.0037142857142857142
12,50,4,2.5,1.0,0.9,0.1,500,250,0.7815135121345521,0.04988888888888889,0.9002465028122723,0.42603773584905663,0.5693478159459777,29.50943396226415,500.0,0.49782312925170064,0.49782312925170064,411.6666666666667,0.5,0.9437122940000547,0.7522778486117653,0.6666666666666666,0.006285714285714286
13,50,4,2.5,1.0,0.9,0.1,500,250,0.7815135121345521,0.04988888888888889,0.8602476519010425,0.44792452830188684,0.5785048948579914,29.09433962264151,500.0,0.5212244897959183,0.5212244897959183,250.0,0.5,0.9470993853091254,0.7512959569315678,1.0,0.007714285714285714
14,50,4,2.5,1.0,0.9,0.1,500,250,0.7815135121345521,0.04988888888888889,0.900294613746301,0.44679245283018865,0.5855923884244695,28.132075471698112,500.0,0.503673469387755,0.503673469387755,298.3333333333333,0.5,0.9486109030497212,0.776026683868173,0.6666666666666666,0.004571428571428572
15,50,4,2.5,1.0,0.9,0.1,500,250,0.7815135121345521,0.04988888888888889,0.8742951346106843,0.40528301886792456,0.5466083968483006,30.150943396226417,500.0,0.45034013605442186,0.45034013605442186,346.6666666666667,0.5,0.9397292702029192,0.7804351904722429,1.0,0.002857142857142857
16,50,4,2.5,1.0,0.9,0.1,500,250,0.7815135121345521,0.04988888888888889,0.8706888121949994,0.42943396226415104,0.5616653834375379,29.11320754716981,500.0,0.5263945578231293,0.5263945578231293,258.3333333333333,0.5,0.9446858314392383,0.7666660486489708,1.0,0.0025714285714285713
17,50,4,2.5,1.0,0.9,0.1,500,250,0.7815135121345521,0.04988888888888889,0.8998529354750892,0.4600000000000001,0.5977454575098847,27.547169811320753,500.0,0.56,0.56,353.3333333333333,0.5,0.9508446035179962,0.7945743238783473,1.0,0.0025714285714285713
18,50,4,2.5,1.0,0.9,0.1,500,250,0.7815135121345521,0.04988888888888889,0.8702649642764492,0.4498113207547169,0.5845167803909989,27.79245283018868,500.0,0.5507482993197278,0.5507482993197278,250.0,0.5,0.9453474944089967,0.8004877775214966,1.0,0.003142857142857143
19,50,4,2.5,1.0,0.9,0.1,500,250,0.7815135121345521,0.04988888888888889,0.8436817329170649,0.40641509433962264,0.5352997241120419,30.67924528301887,500.0,0.4648979591836735,0.4648979591836735,370.0,0.5,0.9401216814086589,0.7297280535606611,1.0,0.005142857142857143
0,50,4,2.5,1.0,0.97,0.05,500,250,0.7815135121345521,0.04988888888888889,0.8723475804851553,0.479622641509434,0.6055031796419401,27.37735849056604,500.0,0.5502040816326531,0.5502040816326531,330.0,0.5,0.939525990634499,0.737403463108165,1.0,0.0037142857142857142
1,50,4,2.5,1.0,0.97,0.05,500,250,0.7815135121345521,0.04988888888888889,0.8496799092433912,0.4592452830188681,0.5884292041160952,28.566037735849058,500.0,0.5421768707482993,0.5421768707482993,333.3333333333333,0.6666666666666666,0.9435804934687954,0.7467161450848795,0.6666666666666666,0.006
2,50,4,2.5,1.0,0.97,0.05,500,250,0.7815135121345521,0.04988888888888889,0.8845578916422288,0.429056603773585,0.5636561215790176,29.754716981132077,500.0,0.5058503401360545,0.5058503401360545,250.0,0.5,0.9405875159514746,0.7270625676465086,0.6666666666666666,0.005142857142857143
3,50,4,2.5,1.0,0.97,0.05,500,250,0.7815135121345521,0.04988888888888889,0.8699861409299009,0.5022641509433964,0.6275258943706719,25.754716981132077,500.0,0.6024489795918367,0.6024489795918367,250.0,0.5,0.9450901388394446,0.7885181227039183,1.0,0.0034285714285714284
4,50,4,2.5,1.0,0.97,0.05,500,250,0.7815135121345521,0.04988888888888889,0.8798510455762701,0.5154716981132075,0.6378655637248009,25.264150943396228,500.0,0.5880272108843537,0.5880272108843537,348.3333333333333,0.5,0.950423567835985,0.7731094544454893,0.6666666666666666,0.004285714285714286
5,50,4,2.5,1.0,0.97,0.05,500,250,0.7815135121345521,0.04988888888888889,0.8593709008178978,0.4509433962264152,0.5834859338215015,28.67924528301887,500.0,0.5034013605442177,0.5034013605442177,300.0,0.3333333333333333,0.9394305344542725,0.7367531167967057,1.0,0.004
6,50,4,2.5,1.0,0.97,0.05,500,250,0.7815135121345521,0.04988888888888889,0.8363655831268694,0.42679245283018863,0.5551701267192785,30.11320754716981,500.0,0.49782312925170064,0.49782312925170064,431.6666666666667,0.6666666666666666,0.9388089423191025,0.7008362916851685,1.0,0.005142857142857143
7,50,4,2.5,1.0,0.97,0.05,500,250,0.7815135121345521,0.04988888888888889,0.8673228923022239,0.40981132075471693,0.5514196010500604,30.20754716981132,500.0,0.4872108843537415,0.4872108843537415,273.3333333333333,0.5,0.9483350742576517,0.7471775286937413,1.0,0.0034285714285714284
8,50,4,2.5,1.0,0.97,0.05,500,250,0.7815135121345521,0.04988888888888889,0.8833825784559872,0.5026415094339625,0.6318245949975031,25.660377358490567,500.0,0.5816326530612245,0.5816326530612245,303.3333333333333,0.5,0.9410800511177443,0.7702847004904063,1.0,0.004
9,50,4,2.5,1.0,0.97,0.05,500,250,0.7815135121345521,0.04988888888888889,0.8671912038880066,0.46264150943396226,0.5915058675697834,27.754716981132077,500.0,0.5545578231292517,0.5545578231292517,338.3333333333333,0.5,0.943194198136028,0.7642373762753352,0.6666666666666666,0.0025714285714285713
10,50,4,2.5,1.0,0.97,0.05,500,250,0.7815135121345521,0.04988888888888889,0.8325503809408381,0.44792452830188684,0.5735124468272734,29.735849056603772,500.0,0.5549659863945579,0.5549659863945579,298.3333333333333,0.5,0.9469008282900202,0.7330185749679402,0.6666666666666666,0.006571428571428572
11,50,4,2.5,1.0,0.97,0.05,500,250,0.7815135121345521,0.04988888888888889,0.8580802087259473,0.41509433962264153,0.5512430750251136,30.09433962264151,500.0,0.47659863945578235,0.47659863945578235,291.6666666666667,0.5,0.9361950667725534,0.714711408257825,1.0,0.0037142857142857142
12,50,4,2.5,1.0,0.97,0.05,500,250,0.7815135121345521,0.04988888888888889,0.8794911901498992,0.44226415094339633,0.5782996719911546,29.358490566037737,500.0,0.5063945578231293,0.5063945578231293,393.3333333333333,0.5,0.9408257184325108,0.7059961970687717,0.6666666666666666,0.006285714285714286
13,50,4,2.5,1.0,0.97,0.05,500,250,0.7815135121345521,0.04988888888888889,0.8198043642008278,0.450188679245283,0.5686934577828281,30.547169811320753,500.0,0.5244897959183673,0.5244897959183673,250.0,0.5,0.9432193579246195,0.688032576639878,1.0,0.007714285714285714
14,50,4,2.5,1.0,0.97,0.05,500,250,0.7815135121345521,0.04988888888888889,0.8733981398145924,0.45811320754716983,0.5907972675117853,28.30188679245283,500.0,0.5244897959183673,0.5244897959183673,305.0,0.5,0.9463163589561027,0.7308897550439889,0.6666666666666666,0.004571428571428572
15,50,4,2.5,1.0,0.97,0.05,500,250,0.7815135121345521,0.04988888888888889,0.8664805836829258,0.41509433962264153,0.5537167767017155,29.88679245283019,500.0,0.46312925170068026,0.46312925170068026,346.6666666666667,0.5,0.937979160025924,0.7525323495982923,1.0,0.002857142857142857
16,50,4,2.5,1.0,0.97,0.05,500,250,0.7815135121345521,0.04988888888888889,0.8530257609830038,0.44188679245283025,0.5701508630863108,29.07547169811321,500.0,0.5571428571428572,0.5571428571428572,350.0,0.5,0.9425941159825104,0.7381788497641357,1.0,0.0025714285714285713
17,50,4,2.5,1.0,0.97,0.05,500,250,0.7815135121345521,0.04988888888888889,0.8821241297892455,0.46377358490566034,0.5973682969467247,27.88679245283019,500.0,0.5657142857142857,0.5657142857142857,353.3333333333333,0.5,0.9485836014276455,0.7571383424212363,1.0,0.0025714285714285713
18,50,4,2.5,1.0,0.97,0.05,500,250,0.7815135121345521,0.04988888888888889,0.8580755938450547,0.4532075471698113,0.5864552899870409,28.037735849056602,500.0,0.5653061224489796,0.5653061224489796,256.6666666666667,0.5,0.9434047984956778,0.7726916531182003,1.0,0.003142857142857143
19,50,4,2.5,1.0,0.97,0.05,500,250,0.7815135121345521,0.04988888888888889,0.8054382696411272,0.428679245283019,0.5504903738910633,30.754716981132077,500.0,0.5087074829931972,0.5087074829931972,356.6666666666667,0.3333333333333333,0.9370296990442808,0.6824401836330061,1.0,0.005142857142857143
0,50,4,5.0,0.1,0.9,0.1,1000,500,0.3333259224891663,0.049875,0.879055186752812,0.4637735849056603,0.5992434855216598,27.32075471698113,500.0,0.5360544217687075,0.5360544217687075,380.0,0.5,0.9460648242371134,0.8222465457643744,0.6666666666666666,0.002
1,50,4,5.0,0.1,0.9,0.1,1000,500,0.3333259224891663,0.049875,0.8639675309066069,0.449056603773585,0.5846392309240179,28.528301886792452,500.0,0.5361904761904762,0.5361904761904762,250.0,0.5,0.9531599266095243,0.8111971261375472,0.6666666666666666,0.002285714285714286
2,50,4,5.0,0.1,0.9,0.1,1000,500,0.3333259224891663,0.049875,0.9092542677448338,0.40641509433962264,0.5481434689076968,29.88679245283019,500.0,0.4816326530612245,0.4816326530612245,250.0,0.5,0.95016563609643,0.8085458813636149,0.6666666666666666,0.002857142857142857
3,50,4,5.0,0.1,0.9,0.1,1000,500,0.3333259224891663,0.049875,0.8940776903041053,0.5120754716981132,0.6380379304486151,24.77358490566038,500.0,0.5702040816326531,0.5702040816326531,291.6666666666667,0.5,0.9491061503774497,0.832806218303589,0.3333333333333333,0.005142857142857143
4,50,4,5.0,0.1,0.9,0.1,1000,500,0.3333259224891663,0.049875,0.9021157856202251,0.5177358490566037,0.6471602587035264,24.60377358490566,500.0,0.5941496598639456,0.5941496598639456,345.0,0.5,0.9571454540807478,0.8433936492944081,0.6666666666666666,0.008857142857142857
5,50,4,5.0,0.1,0.9,0.1,1000,500,0.3333259224891663,0.049875,0.8848655275542069,0.4350943396226415,0.5797226867942563,28.735849056603772,500.0,0.4998639455782313,0.4998639455782313,250.0,0.5,0.9482950468731458,0.8195710257630553,0.0,0.0037142857142857142
6,50,4,5.0,0.1,0.9,0.1,1000,500,0.3333259224891663,0.049875,0.8629538312719836,0.3777358490566037,0.517443300576408,31.735849056603772,500.0,0.44761904761904764,0.44761904761904764,406.6666666666667,0.6666666666666666,0.9475056673147666,0.8060400089525787,0.3333333333333333,0.003142857142857143
7,50,4,5.0,0.1,0.9,0.1,1000,500,0.3333259224891663,0.049875,0.8840106434446057,0.4332075471698114,0.5762056612112557,28.79245283018868,500.0,0.4873469387755102,0.4873469387755102,250.0,0.5,0.9535219103431278,0.8320740997667795,0.3333333333333333,0.004
8,50,4,5.0,0.1,0.9,0.1,1000,500,0.3333259224891663,0.049875,0.8898721145668981,0.4705660377358491,0.6022298436177853,26.867924528301888,500.0,0.5462585034013605,0.5462585034013605,333.3333333333333,0.6666666666666666,0.9470421798066654,0.809733633145486,1.0,0.004857142857142857
9,50,4,5.0,0.1,0.9,0.1,1000,500,0.3333259224891663,0.049875,0.87883083724538,0.4543396226415095,0.5893403938258325,27.88679245283019,500.0,0.533469387755102,0.533469387755102,360.0,0.6666666666666666,0.9495119354455915,0.8093687395712412,0.3333333333333333,0.003142857142857143
10,50,4,5.0,0.1,0.9,0.1,1000,500,0.3333259224891663,0.049875,0.8821530670587274,0.44188679245283025,0.5811842104759413,28.32075471698113,500.0,0.5126530612244898,0.5126530612244898,250.0,0.5,0.9517917550729798,0.8335747615170138,0.3333333333333333,0.002
11,50,4,5.0,0.1,0.9,0.1,1000,500,0.3333259224891663,0.049875,0.8762837250664398,0.4116981132075471,0.5497263473434121,29.849056603773583,500.0,0.4555102040816326,0.4555102040816326,310.0,0.5,0.9439030855035554,0.7818034804017338,0.6666666666666666,0.008
12,50,4,5.0,0.1,0.9,0.1,1000,500,0.3333259224891663,0.049875,0.9004964258652235,0.3920754716981131,0.5404931207452383,30.90566037735849,500.0,0.46027210884353736,0.46027210884353736,496.6666666666667,0.8333333333333334,0.9466339852671358,0.7956470545300164,0.6666666666666666,0.003142857142857143
13,50,4,5.0,0.1,0.9,0.1,1000,500,0.3333259224891663,0.049875,0.8973045822102426,0.4543396226415094,0.5931913636549689,27.452830188679247,500.0,0.5425850340136055,0.5425850340136055,250.0,0.5,0.9505806190723955,0.8329166635590246,0.6666666666666666,0.005714285714285714
14,50,4,5.0,0.1,0.9,0.1,1000,500,0.3333259224891663,0.049875,0.8866395465077686,0.43169811320754714,0.5702759490521645,28.962264150943398,500.0,0.4873469387755102,0.4873469387755102,325.0,0.5,0.952338292119652,0.8237206606635439,0.3333333333333333,0.00028571428571428574
15,50,4,5.0,0.1,0.9,0.1,1000,500,0.3333259224891663,0.049875,0.8744248728210993,0.4290566037735849,0.5688331357763851,29.09433962264151,500.0,0.5017687074829932,0.5017687074829932,298.3333333333333,0.5,0.9445598711102592,0.8108829436898366,0.6666666666666666,0.003142857142857143
16,50,4,5.0,0.1,0.9,0.1,1000,500,0.3333259224891663,0.049875,0.8876909254267745,0.439245283018868,0.5743722918375216,28.264150943396228,500.0,0.4983673469387755,0.4983673469387755,250.0,0.5,0.9492173866053254,0.8188924071499948,0.6666666666666666,0.0037142857142857142
17,50,4,5.0,0.1,0.9,0.1,1000,500,0.3333259224891663,0.049875,0.8902300833058195,0.45660377358490556,0.5961974092049905,27.735849056603772,500.0,0.5800000000000001,0.5800000000000001,401.6666666666667,0.6666666666666666,0.9564480933994213,0.8369318622253009,0.3333333333333333,0.0
18,50,4,5.0,0.1,0.9,0.1,1000,500,0.3333259224891663,0.049875,0.8531742457706363,0.43396226415094347,0.561838318136895,29.037735849056602,500.0,0.47115646258503396,0.47115646258503396,293.3333333333333,0.5,0.9483003090797893,0.8118406082180414,0.0,0.005714285714285714
19,50,4,5.0,0.1,0.9,0.1,1000,500,0.3333259224891663,0.049875,0.8626654579267021,0.41773584905660377,0.5508897568995575,29.77358490566038,500.0,0.48925170068027213,0.48925170068027213,348.3333333333333,0.6666666666666666,0.9449478781572053,0.7767230479990572,0.6666666666666666,0.004
0,50,4,5.0,0.1,0.97,0.05,1000,500,0.3333259224891663,0.049875,0.8790112090954747,0.4618867924528302,0.5977204010956949,27.41509433962264,500.0,0.5355102040816327,0.5355102040816327,376.6666666666667,0.5,0.9460404111327144,0.8211998923116496,0.6666666666666666,0.002
1,50,4,5.0,0.1,0.97,0.05,1000,500,0.3333259224891663,0.049875,0.8640339996715978,0.45283018867924535,0.5882552670917267,28.339622641509433,500.0,0.5454421768707484,0.5454421768707484,250.0,0.5,0.9528386837180857,0.8104785431693196,0.6666666666666666,0.002285714285714286
2,50,4,5.0,0.1,0.97,0.05,1000,500,0.3333259224891663,0.049875,0.9092542677448338,0.4083018867924528,0.5498516433575925,29.79245283018868,500.0,0.4791836734693877,0.4791836734693877,250.0,0.5,0.9498262033208278,0.8057495515519542,0.6666666666666666,0.002857142857142857
3,50,4,5.0,0.1,0.97,0.05,1000,500,0.3333259224891663,0.049875,0.8940776903041053,0.5166037735849056,0.6413851016906673,24.547169811320753,500.0,0.5737414965986395,0.5737414965986395,298.3333333333333,0.5,0.9490557311206652,0.831903220491321,0.3333333333333333,0.005142857142857143
4,50,4,5.0,0.1,0.97,0.05,1000,500,0.3333259224891663,0.049875,0.90157389934027,0.5188679245283018,0.6477504649566301,24.566037735849058,500.0,0.5960544217687075,0.5960544217687075,360.0,0.5,0.957119884254822,0.8401169199373483,0.6666666666666666,0.008857142857142857
5,50,4,5.0,0.1,0.97,0.05,1000,500,0.3333259224891663,0.049875,0.8848655275542069,0.4354716981132075,0.5800454358756946,28.71698113207547,500.0,0.5001360544217687,0.5001360544217687,250.0,0.5,0.9472634433277651,0.8183616016190212,0.0,0.0037142857142857142
6,50,4,5.0,0.1,0.97,0.05,1000,500,0.3333259224891663,0.049875,0.8629538312719836,0.3883018867924528,0.5282836530272779,31.20754716981132,500.0,0.4691156462585034,0.4691156462585034,408.3333333333333,0.6666666666666666,0.9474730206022766,0.8096700042293685,0.3333333333333333,0.003142857142857143
7,50,4,5.0,0.1,0.97,0.05,1000,500,0.3333259224891663,0.049875,0.8840106434446057,0.4343396226415095,0.5772068107375624,28.735849056603772,500.0,0.48829931972789115,0.48829931972789115,250.0,0.5,0.9532753789559201,0.8317462145951954,0.3333333333333333,0.004
8,50,4,5.0,0.1,0.97,0.05,1000,500,0.3333259224891663,0.049875,0.8898711536336397,0.4732075471698113,0.6049122119539692,26.735849056603772,500.0,0.5540136054421768,0.5540136054421768,333.3333333333333,0.6666666666666666,0.9466579134832178,0.8104079265241056,1.0,0.004857142857142857
9,50,4,5.0,0.1,0.97,0.05,1000,500,0.3333259224891663,0.049875,0.878353149314862,0.4562264150943397,0.5913457968430075,27.81132075471698,500.0,0.5374149659863946,0.5374149659863946,378.3333333333333,0.6666666666666666,0.9488994714790372,0.8092990945084128,0.3333333333333333,0.003142857142857143
10,50,4,5.0,0.1,0.97,0.05,1000,500,0.3333259224891663,0.049875,0.8812954341256227,0.44150943396226416,0.58078712684173,28.358490566037737,500.0,0.5119727891156463,0.5119727891156463,265.0,0.5,0.9517281456125457,0.8320515899055664,0.3333333333333333,0.002
11,50,4,5.0,0.1,0.97,0.05,1000,500,0.3333259224891663,0.049875,0.8776655447075411,0.42452830188679247,0.5620121628617827,29.18867924528302,500.0,0.47102040816326535,0.47102040816326535,305.0,0.5,0.943385689587498,0.7822066356828197,0.6666666666666666,0.008
12,50,4,5.0,0.1,0.97,0.05,1000,500,0.3333259224891663,0.049875,0.9016815192363937,0.40075471698113196,0.5484516932926624,30.452830188679247,500.0,0.4734693877551021,0.4734693877551021,483.3333333333333,0.6666666666666666,0.9458439605297989,0.7951351418216116,0.6666666666666666,0.003142857142857143
13,50,4,5.0,0.1,0.97,0.05,1000,500,0.3333259224891663,0.049875,0.8973045822102426,0.46716981132075475,0.604599747541628,26.81132075471698,500.0,0.5595918367346938,0.5595918367346938,250.0,0.5,0.9500619207492401,0.8329128524701146,0.6666666666666666,0.005714285714285714
14,50,4,5.0,0.1,0.97,0.05,1000,500,0.3333259224891663,0.049875,0.8866395465077686,0.4316981132075472,0.5702759490521645,28.962264150943398,500.0,0.48653061224489796,0.48653061224489796,325.0,0.5,0.9522300327701253,0.823191250873817,0.3333333333333333,0.00028571428571428574
15,50,4,5.0,0.1,0.97,0.05,1000,500,0.3333259224891663,0.049875,0.8724380231927402,0.4343396226415094,0.5729711696729618,28.88679245283019,500.0,0.5021768707482993,0.5021768707482993,301.6666666666667,0.5,0.94384173289153,0.8102896752662339,0.6666666666666666,0.003142857142857143
16,50,4,5.0,0.1,0.97,0.05,1000,500,0.3333259224891663,0.049875,0.8870619946091644,0.44188679245283025,0.5765206732591821,28.150943396226417,500.0,0.5010884353741497,0.5010884353741497,250.0,0.5,0.9490273709961571,0.817332725799555,0.6666666666666666,0.0037142857142857142
17,50,4,5.0,0.1,0.97,0.05,1000,500,0.3333259224891663,0.049875,0.8902300833058195,0.45660377358490556,0.5961974092049905,27.735849056603772,500.0,0.5800000000000001,0.5800000000000001,401.6666666666667,0.6666666666666666,0.9564285025239386,0.8369000868856113,0.3333333333333333,0.0
18,50,4,5.0,0.1,0.97,0.05,1000,500,0.3333259224891663,0.049875,0.8524195287895041,0.4347169811320755,0.562095594774754,29.0188679245283,500.0,0.47142857142857136,0.47142857142857136,308.3333333333333,0.5,0.9478232468895765,0.8099452270350659,0.0,0.005714285714285714
19,50,4,5.0,0.1,0.97,0.05,1000,500,0.3333259224891663,0.049875,0.8607808176827475,0.4271698113207547,0.5588855539348443,29.358490566037737,500.0,0.49496598639455786,0.49496598639455786,348.3333333333333,0.6666666666666666,0.9443262213946017,0.7745729370587726,0.6666666666666666,0.004
0,50,4,5.0,1.0,0.9,0.05,1000,500,0.33141094446182257,0.049875,0.9013981512937375,0.45509433962264145,0.5914054534188814,27.50943396226415,500.0,0.5284353741496599,0.5284353741496599,376.6666666666667,0.5,0.94747647141514,0.8345778091180925,0.6666666666666666,0.002
1,50,4,5.0,1.0,0.9,0.05,1000,500,0.33141094446182257,0.049875,0.869977713049703,0.449433962264151,0.5847627061472065,28.132075471698112,500.0,0.5428571428571428,0.5428571428571428,250.0,0.5,0.953127580396345,0.8265406626525744,0.6666666666666666,0.002285714285714286
2,50,4,5.0,1.0,0.9,0.05,1000,500,0.33141094446182257,0.049875,0.9276729559748427,0.40528301886792456,0.5468727824563575,29.77358490566038,500.0,0.47360544217687073,0.47360544217687073,250.0,0.5,0.949013952953419,0.8190005582685785,0.6666666666666666,0.002857142857142857
3,50,4,5.0,1.0,0.9,0.05,1000,500,0.33141094446182257,0.049875,0.8910201608314815,0.5094339622641509,0.6330196975338998,24.735849056603772,500.0,0.5707482993197278,0.5707482993197278,298.3333333333333,0.5,0.9495597732562916,0.8449413100285734,0.3333333333333333,0.0054285714285714284
4,50,4,5.0,1.0,0.9,0.05,1000,500,0.33141094446182257,0.049875,0.900652405924326,0.5150943396226415,0.6437790462231688,24.60377358490566,500.0,0.5937414965986395,0.5937414965986395,368.3333333333333,0.5,0.9574440507161048,0.8483827171371696,0.6666666666666666,0.009142857142857144
5,50,4,5.0,1.0,0.9,0.05,1000,500,0.33141094446182257,0.049875,0.8865406605972644,0.4283018867924529,0.5726277798543812,28.88679245283019,500.0,0.4963265306122449,0.4963265306122449,250.0,0.5,0.94749836076348,0.8311076171443353,0.0,0.0037142857142857142
6,50,4,5.0,1.0,0.9,0.05,1000,500,0.33141094446182257,0.049875,0.8611736185032556,0.3788679245283018,0.5169491765269572,31.49056603773585,500.0,0.4560544217687075,0.4560544217687075,408.3333333333333,0.6666666666666666,0.9481027853693713,0.8248246375489948,0.3333333333333333,0.003142857142857143
7,50,4,5.0,1.0,0.9,0.05,1000,500,0.33141094446182257,0.049875,0.8840670859538784,0.4301886792452831,0.5726248921747222,28.67924528301887,500.0,0.4848979591836735,0.4848979591836735,250.0,0.5,0.9549443817034988,0.8470917106306376,0.3333333333333333,0.004
8,50,4,5.0,1.0,0.9,0.05,1000,500,0.33141094446182257,0.049875,0.8934564048604003,0.4690566037735849,0.6002625874375594,26.849056603773583,500.0,0.55156462585034,0.55156462585034,333.3333333333333,0.6666666666666666,0.9466889671477211,0.8214636302495923,1.0,0.004857142857142857
9,50,4,5.0,1.0,0.9,0.05,1000,500,0.33141094446182257,0.049875,0.8880751359236408,0.4467924528301888,0.5812903655936434,27.962264150943398,500.0,0.5336054421768708,0.5336054421768708,376.6666666666667,0.6666666666666666,0.9479655177953648,0.8248653680653512,0.3333333333333333,0.0034285714285714284
10,50,4,5.0,1.0,0.9,0.05,1000,500,0.33141094446182257,0.049875,0.8859783822047973,0.4369811320754717,0.5759636285592473,28.433962264150942,500.0,0.5043537414965987,0.5043537414965987,266.6666666666667,0.5,0.9520069823187374,0.8463842549137611,0.3333333333333333,0.002
11,50,4,5.0,1.0,0.9,0.05,1000,500,0.33141094446182257,0.049875,0.877490955146159,0.4211320754716981,0.5584125344965774,29.245283018867923,500.0,0.46707482993197275,0.46707482993197275,303.3333333333333,0.5,0.94369876678442,0.7963330473566185,0.6666666666666666,0.008
12,50,4,5.0,1.0,0.9,0.05,1000,500,0.33141094446182257,0.049875,0.9179001747946718,0.39735849056603767,0.5447745090542963,30.471698113207548,500.0,0.4673469387755102,0.4673469387755102,478.3333333333333,0.6666666666666666,0.9466582534162171,0.8148840516466871,0.6666666666666666,0.0034285714285714284
13,50,4,5.0,1.0,0.9,0.05,1000,500,0.33141094446182257,0.049875,0.9111561286252243,0.4618867924528302,0.5989792769280605,26.9811320754717,500.0,0.5477551020408163,0.5477551020408163,250.0,0.5,0.9502884640030671,0.8426041323893881,0.6666666666666666,0.006
14,50,4,5.0,1.0,0.9,0.05,1000,500,0.33141094446182257,0.049875,0.8999659912021378,0.4260377358490567,0.5645323446681483,29.0,500.0,0.48122448979591836,0.48122448979591836,325.0,0.5,0.9524952871265439,0.8368372990603213,0.3333333333333333,0.00028571428571428574
15,50,4,5.0,1.0,0.9,0.05,1000,500,0.33141094446182257,0.049875,0.8744261294261294,0.43094339622641503,0.5694907553239132,28.754716981132077,500.0,0.5001360544217687,0.5001360544217687,303.3333333333333,0.5,0.9448500734817573,0.8238621317659626,0.6666666666666666,0.003142857142857143
16,50,4,5.0,1.0,0.9,0.05,1000,500,0.33141094446182257,0.049875,0.8955974842767296,0.4388679245283019,0.5725389680172273,28.11320754716981,500.0,0.499047619047619,0.499047619047619,250.0,0.5,0.9494560232220609,0.8302428632429216,0.6666666666666666,0.0037142857142857142
17,50,4,5.0,1.0,0.9,0.05,1000,500,0.33141094446182257,0.049875,0.9093835093236944,0.45320754716981126,0.5931431949164248,27.660377358490567,500.0,0.57578231292517,0.57578231292517,401.6666666666667,0.6666666666666666,0.9562878261266442,0.8493259348325887,0.3333333333333333,0.0
18,50,4,5.0,1.0,0.9,0.05,1000,500,0.33141094446182257,0.049875,0.8647056703209288,0.42981132075471706,0.5579529859841952,28.81132075471698,500.0,0.47142857142857136,0.47142857142857136,305.0,0.5,0.948771133444697,0.8284197369265305,0.3333333333333333,0.005714285714285714
19,50,4,5.0,1.0,0.9,0.05,1000,500,0.33141094446182257,0.049875,0.87918615800303,0.4226415094339622,0.553515374440208,29.132075471698112,500.0,0.494421768707483,0.494421768707483,333.3333333333333,0.6666666666666666,0.9438825317888472,0.7919347100031016,0.6666666666666666,0.004
0,50,4,5.0,1.0,0.97,0.1,1000,500,0.33141094446182257,0.049875,0.9014171713789476,0.4569811320754716,0.5930232149822803,27.41509433962264,500.0,0.5296598639455782,0.5296598639455782,378.3333333333333,0.5,0.9474984597128279,0.8362739003177434,0.6666666666666666,0.002
1,50,4,5.0,1.0,0.97,0.1,1000,500,0.33141094446182257,0.049875,0.8699315323756027,0.4452830188679246,0.5808700043554388,28.339622641509433,500.0,0.5361904761904762,0.5361904761904762,250.0,0.5,0.9535078511378262,0.8286030293070351,0.6666666666666666,0.002285714285714286
2,50,4,5.0,1.0,0.97,0.1,1000,500,0.33141094446182257,0.049875,0.9276729559748427,0.4030188679245283,0.5448439922609437,29.88679245283019,500.0,0.4760544217687075,0.4760544217687075,250.0,0.5,0.9494774952305319,0.8232506995963956,0.6666666666666666,0.002857142857142857
3,50,4,5.0,1.0,0.97,0.1,1000,500,0.33141094446182257,0.049875,0.8910201608314815,0.5060377358490566,0.6305305978165943,24.90566037735849,500.0,0.567891156462585,0.567891156462585,291.6666666666667,0.5,0.9496783317359039,0.8464931229562713,0.3333333333333333,0.0054285714285714284
4,50,4,5.0,1.0,0.97,0.1,1000,500,0.33141094446182257,0.049875,0.9011616204734961,0.5124528301886793,0.6420821072609362,24.71698113207547,500.0,0.5906122448979592,0.5906122448979592,346.6666666666667,0.5,0.9573626219751531,0.8531341507784357,0.6666666666666666,0.009142857142857144
5,50,4,5.0,1.0,0.97,0.1,1000,500,0.33141094446182257,0.049875,0.8865406605972644,0.42792452830188676,0.5723136285968338,28.90566037735849,500.0,0.4959183673469387,0.4959183673469387,250.0,0.5,0.9485569829577092,0.8326788674970728,0.0,0.0037142857142857142
6,50,4,5.0,1.0,0.97,0.1,1000,500,0.33141094446182257,0.049875,0.8611736185032556,0.3720754716981131,0.5100841542064648,31.830188679245282,500.0,0.4446258503401361,0.4446258503401361,406.6666666666667,0.6666666666666666,0.9481859108543053,0.8231839148000712,0.3333333333333333,0.003142857142857143
7,50,4,5.0,1.0,0.97,0.1,1000,500,0.33141094446182257,0.049875,0.8840670859538784,0.4283018867924529,0.5710220236664739,28.77358490566038,500.0,0.48353741496598635,0.48353741496598635,250.0,0.5,0.9552171828646019,0.847716555011715,0.3333333333333333,0.004
8,50,4,5.0,1.0,0.97,0.1,1000,500,0.33141094446182257,0.049875,0.8934573657936588,0.46566037735849064,0.5970261415761098,27.0188679245283,500.0,0.543265306122449,0.543265306122449,333.3333333333333,0.6666666666666666,0.9471968066014915,0.8219324541512864,1.0,0.004857142857142857
9,50,4,5.0,1.0,0.97,0.1,1000,500,0.33141094446182257,0.049875,0.8885776788155787,0.44679245283018876,0.5809410884840784,27.943396226415093,500.0,0.5314285714285715,0.5314285714285715,358.3333333333333,0.6666666666666666,0.9487365333041232,0.8260669624136351,0.3333333333333333,0.0034285714285714284
10,50,4,5.0,1.0,0.97,0.1,1000,500,0.33141094446182257,0.049875,0.886836015137902,0.4362264150943396,0.5753248768603137,28.452830188679247,500.0,0.5051700680272109,0.5051700680272109,250.0,0.5,0.9521391341019251,0.8488141210097313,0.3333333333333333,0.002
11,50,4,5.0,1.0,0.97,0.1,1000,500,0.33141094446182257,0.049875,0.8772883807880765,0.410188679245283,0.5480039462686888,29.79245283018868,500.0,0.4541496598639456,0.4541496598639456,308.3333333333333,0.5,0.9444616885286305,0.7984063994229911,0.6666666666666666,0.008
12,50,4,5.0,1.0,0.97,0.1,1000,500,0.33141094446182257,0.049875,0.9168008447168121,0.3890566037735848,0.5370670582669992,30.90566037735849,500.0,0.4552380952380952,0.4552380952380952,496.6666666666667,0.8333333333333334,0.9475720404195306,0.8163437546714168,0.6666666666666666,0.0034285714285714284
13,50,4,5.0,1.0,0.97,0.1,1000,500,0.33141094446182257,0.049875,0.9118067467124071,0.4539622641509433,0.5921980454108344,27.358490566037737,500.0,0.5424489795918367,0.5424489795918367,250.0,0.5,0.9508389374811732,0.845053177854336,0.6666666666666666,0.006
14,50,4,5.0,1.0,0.97,0.1,1000,500,0.33141094446182257,0.049875,0.8999659912021378,0.42490566037735855,0.5636275829226053,29.056603773584907,500.0,0.4819047619047619,0.4819047619047619,325.0,0.5,0.9526287606685471,0.8375502688664413,0.3333333333333333,0.00028571428571428574
15,50,4,5.0,1.0,0.97,0.1,1000,500,0.33141094446182257,0.049875,0.8752122929481421,0.4256603773584905,0.5651485462098569,29.0,500.0,0.5004081632653061,0.5004081632653061,293.3333333333333,0.5,0.9457039629031228,0.8254940601649273,0.6666666666666666,0.003142857142857143
16,50,4,5.0,1.0,0.97,0.1,1000,500,0.33141094446182257,0.049875,0.8962264150943396,0.4347169811320755,0.5690169820189724,28.30188679245283,500.0,0.49659863945578236,0.49659863945578236,250.0,0.5,0.9495597360133636,0.8329260812599668,0.6666666666666666,0.0037142857142857142
17,50,4,5.0,1.0,0.97,0.1,1000,500,0.33141094446182257,0.049875,0.9093835093236944,0.45320754716981126,0.5931431949164248,27.660377358490567,500.0,0.5756462585034013,0.5756462585034013,401.6666666666667,0.6666666666666666,0.9563174419220272,0.8494181610856778,0.3333333333333333,0.0
18,50,4,5.0,1.0,0.97,0.1,1000,500,0.33141094446182257,0.049875,0.8654603873020608,0.4305660377358491,0.5588364607328826,28.754716981132077,500.0,0.4714285714285715,0.4714285714285715,288.3333333333333,0.5,0.9494206650783653,0.8311341476198812,0.3333333333333333,0.005714285714285714
19,50,4,5.0,1.0,0.97,0.1,1000,500,0.33141094446182257,0.049875,0.8817696102665513,0.4132075471698113,0.5456513641777788,29.528301886792452,500.0,0.4887074829931972,0.4887074829931972,333.3333333333333,0.6666666666666666,0.9447432939909266,0.7959236031385962,0.6666666666666666,0.004
